Workbook

Sheet PinNo
A1: 1 | B1: AVDD09[1] | C1: =A1 -> 1
A2: 2 | B2: INH | C2: =A2 -> 2
A3: 3 | B3: V33 | C3: =A3 -> 3
A4: 4 | B4: WAKE | C4: =A4 -> 4
A5: 5 | B5: DVDD09[01] | C5: =A5 -> 5
A6: 6 | B6: DVDD09[02] | C6: =A6 -> 6
A7: 7 | B7: XMII_1_CRS | C7: =A7 -> 7
A8: 8 | B8: XMII_1_COL | C8: =A8 -> 8
A9: 9 | B9: XMII_1_RXER | C9: =A9 -> 9
A10: 10 | B10: XMII_1_RXDV | C10: =A10 -> 10
A11: 11 | B11: XMII_1_RXD0 | C11: =A11 -> 11
A12: 12 | B12: XMII_1_RXD1 | C12: =A12 -> 12
... A176: 88 | B176: AVDD09_TRX[4] | C176: =A176 -> 88
A177: GH1 | B177: GH1 | C177: =A177 -> GH1
A178: GH2 | B178: GH2 | C178: =A178 -> GH2
A179: NUT1 | B179: NUT1 | C179: =A179 -> NUT1
A180: NUT2 | B180: NUT2 | C180: =A180 -> NUT2
A181: EP | B181: EP | C181: =A181 -> EP
A182: G1 | B182: G1 | C182: =A182 -> G1
A183: G2 | B183: G2 | C183: =A183 -> G2
A184: G3 | B184: G3 | C184: =A184 -> G3
A185: G4 | B185: G4 | C185: =A185 -> G4
A186: G5 | B186: G5 | C186: =A186 -> G5
A187: G6 | B187: G6 | C187: =A187 -> G6
A188: G7 | B188: G7 | C188: =A188 -> G7
... A210: G25 | B210: G25 | C210: =A210 -> G25

Sheet Netlist_VTable
C1: refer | E1: Name | F1: Number | G1: Net Name | H1: =CONCATENATE(C1,".",F1) -> refer.Number | I1: =G1 -> Net Name
A2: SCHEMATIC1 | B2: P000A_S0_BRPHY_P1_2_3_4 | C2: C197 | D2: 1 | E2: 1 | F2: 1 | G2: S0_U3_P1_RC | H2: =CONCATENATE(C2,".",F2) -> C197.1 | I2: =G2 -> S0_U3_P1_RC
A3: SCHEMATIC1 | B3: P000A_S0_BRPHY_P1_2_3_4 | C3: C197 | D3: 2 | E3: 2 | F3: 2 | G3: DGND | H3: =CONCATENATE(C3,".",F3) -> C197.2 | I3: =G3 -> DGND
A4: SCHEMATIC1 | B4: P000A_S0_BRPHY_P1_2_3_4 | C4: C198 | D4: 1 | E4: 1 | F4: 1 | G4: S0_U2_P1_MDI+ | H4: =CONCATENATE(C4,".",F4) -> C198.1 | I4: =G4 -> S0_U2_P1_MDI+
A5: SCHEMATIC1 | B5: P000A_S0_BRPHY_P1_2_3_4 | C5: C198 | D5: 2 | E5: 2 | F5: 2 | G5: S0_U3_P1_MDI+ | H5: =CONCATENATE(C5,".",F5) -> C198.2 | I5: =G5 -> S0_U3_P1_MDI+
A6: SCHEMATIC1 | B6: P000A_S0_BRPHY_P1_2_3_4 | C6: C199 | D6: 1 | E6: 1 | F6: 1 | G6: S0_U2_P1_MDI- | H6: =CONCATENATE(C6,".",F6) -> C199.1 | I6: =G6 -> S0_U2_P1_MDI-
A7: SCHEMATIC1 | B7: P000A_S0_BRPHY_P1_2_3_4 | C7: C199 | D7: 2 | E7: 2 | F7: 2 | G7: S0_U3_P1_MDI- | H7: =CONCATENATE(C7,".",F7) -> C199.2 | I7: =G7 -> S0_U3_P1_MDI-
A8: SCHEMATIC1 | B8: P000A_S0_BRPHY_P1_2_3_4 | C8: C200 | D8: 1 | E8: 1 | F8: 1 | G8: S0_U3_P2_RC | H8: =CONCATENATE(C8,".",F8) -> C200.1 | I8: =G8 -> S0_U3_P2_RC
A9: SCHEMATIC1 | B9: P000A_S0_BRPHY_P1_2_3_4 | C9: C200 | D9: 2 | E9: 2 | F9: 2 | G9: DGND | H9: =CONCATENATE(C9,".",F9) -> C200.2 | I9: =G9 -> DGND
A10: SCHEMATIC1 | B10: P000A_S0_BRPHY_P1_2_3_4 | C10: C201 | D10: 1 | E10: 1 | F10: 1 | G10: S0_U2_P2_MDI+ | H10: =CONCATENATE(C10,".",F10) -> C201.1 | I10: =G10 -> S0_U2_P2_MDI+
A11: SCHEMATIC1 | B11: P000A_S0_BRPHY_P1_2_3_4 | C11: C201 | D11: 2 | E11: 2 | F11: 2 | G11: S0_U3_P2_MDI+ | H11: =CONCATENATE(C11,".",F11) -> C201.2 | I11: =G11 -> S0_U3_P2_MDI+
A12: SCHEMATIC1 | B12: P000A_S0_BRPHY_P1_2_3_4 | C12: C202 | D12: 1 | E12: 1 | F12: 1 | G12: S0_U2_P2_MDI- | H12: =CONCATENATE(C12,".",F12) -> C202.1 | I12: =G12 -> S0_U2_P2_MDI-
A13: SCHEMATIC1 | B13: P000A_S0_BRPHY_P1_2_3_4 | C13: C202 | D13: 2 | E13: 2 | F13: 2 | G13: S0_U3_P2_MDI- | H13: =CONCATENATE(C13,".",F13) -> C202.2 | I13: =G13 -> S0_U3_P2_MDI-
... A31: SCHEMATIC1 | B31: P000A_S0_BRPHY_P1_2_3_4 | C31: K64 | D31: 7 | E31: 7 | F31: 7 | G31: S0_HSD006- | H31: =CONCATENATE(C31,".",F31) -> K64.7 | I31: =G31 -> S0_HSD006-
A32: SCHEMATIC1 | B32: P000A_S0_BRPHY_P1_2_3_4 | C32: K64 | D32: V+ | E32: V+ | F32: 1 | G32: VP12 | H32: =CONCATENATE(C32,".",F32) -> K64.1 | I32: =G32 -> VP12
A33: SCHEMATIC1 | B33: P000A_S0_BRPHY_P1_2_3_4 | C33: K64 | D33: V- | E33: V- | F33: 8 | G33: SC_UDB064 | H33: =CONCATENATE(C33,".",F33) -> K64.8 | I33: =G33 -> SC_UDB064
A34: SCHEMATIC1 | B34: P000A_S0_BRPHY_P1_2_3_4 | C34: K68 | D34: 2 | E34: 2 | F34: 2 | G34: S0_HSD038+ | H34: =CONCATENATE(C34,".",F34) -> K68.2 | I34: =G34 -> S0_HSD038+
A35: SCHEMATIC1 | B35: P000A_S0_BRPHY_P1_2_3_4 | C35: K68 | D35: 3 | E35: 3 | F35: 3 | G35: S0_P2_MDI+ | H35: =CONCATENATE(C35,".",F35) -> K68.3 | I35: =G35 -> S0_P2_MDI+
A36: SCHEMATIC1 | B36: P000A_S0_BRPHY_P1_2_3_4 | C36: K68 | D36: 4 | E36: 4 | F36: 4 | G36: S0_U1_P2_MDI+ | H36: =CONCATENATE(C36,".",F36) -> K68.4 | I36: =G36 -> S0_U1_P2_MDI+
A37: SCHEMATIC1 | B37: P000A_S0_BRPHY_P1_2_3_4 | C37: K68 | D37: 5 | E37: 5 | F37: 5 | G37: S0_U1_P2_MDI- | H37: =CONCATENATE(C37,".",F37) -> K68.5 | I37: =G37 -> S0_U1_P2_MDI-
A38: SCHEMATIC1 | B38: P000A_S0_BRPHY_P1_2_3_4 | C38: K68 | D38: 6 | E38: 6 | F38: 6 | G38: S0_P2_MDI- | H38: =CONCATENATE(C38,".",F38) -> K68.6 | I38: =G38 -> S0_P2_MDI-
A39: SCHEMATIC1 | B39: P000A_S0_BRPHY_P1_2_3_4 | C39: K68 | D39: 7 | E39: 7 | F39: 7 | G39: S0_HSD038- | H39: =CONCATENATE(C39,".",F39) -> K68.7 | I39: =G39 -> S0_HSD038-
A40: SCHEMATIC1 | B40: P000A_S0_BRPHY_P1_2_3_4 | C40: K68 | D40: V+ | E40: V+ | F40: 1 | G40: VP12 | H40: =CONCATENATE(C40,".",F40) -> K68.1 | I40: =G40 -> VP12
A41: SCHEMATIC1 | B41: P000A_S0_BRPHY_P1_2_3_4 | C41: K68 | D41: V- | E41: V- | F41: 8 | G41: SC_UDB068 | H41: =CONCATENATE(C41,".",F41) -> K68.8 | I41: =G41 -> SC_UDB068
A42: SCHEMATIC1 | B42: P000A_S0_BRPHY_P1_2_3_4 | C42: K72 | D42: 2 | E42: 2 | F42: 2 | G42: S0_HSD016+ | H42: =CONCATENATE(C42,".",F42) -> K72.2 | I42: =G42 -> S0_HSD016+
A43: SCHEMATIC1 | B43: P000A_S0_BRPHY_P1_2_3_4 | C43: K72 | D43: 3 | E43: 3 | F43: 3 | G43: S0_P3_MDI+ | H43: =CONCATENATE(C43,".",F43) -> K72.3 | I43: =G43 -> S0_P3_MDI+
A44: SCHEMATIC1 | B44: P000A_S0_BRPHY_P1_2_3_4 | C44: K72 | D44: 4 | E44: 4 | F44: 4 | G44: S0_U1_P3_MDI+ | H44: =CONCATENATE(C44,".",F44) -> K72.4 | I44: =G44 -> S0_U1_P3_MDI+
A45: SCHEMATIC1 | B45: P000A_S0_BRPHY_P1_2_3_4 | C45: K72 | D45: 5 | E45: 5 | F45: 5 | G45: S0_U1_P3_MDI- | H45: =CONCATENATE(C45,".",F45) -> K72.5 | I45: =G45 -> S0_U1_P3_MDI-
A46: SCHEMATIC1 | B46: P000A_S0_BRPHY_P1_2_3_4 | C46: K72 | D46: 6 | E46: 6 | F46: 6 | G46: S0_P3_MDI- | H46: =CONCATENATE(C46,".",F46) -> K72.6 | I46: =G46 -> S0_P3_MDI-
A47: SCHEMATIC1 | B47: P000A_S0_BRPHY_P1_2_3_4 | C47: K72 | D47: 7 | E47: 7 | F47: 7 | G47: S0_HSD016- | H47: =CONCATENATE(C47,".",F47) -> K72.7 | I47: =G47 -> S0_HSD016-
A48: SCHEMATIC1 | B48: P000A_S0_BRPHY_P1_2_3_4 | C48: K72 | D48: V+ | E48: V+ | F48: 1 | G48: VP12 | H48: =CONCATENATE(C48,".",F48) -> K72.1 | I48: =G48 -> VP12
A49: SCHEMATIC1 | B49: P000A_S0_BRPHY_P1_2_3_4 | C49: K72 | D49: V- | E49: V- | F49: 8 | G49: SC_UDB072 | H49: =CONCATENATE(C49,".",F49) -> K72.8 | I49: =G49 -> SC_UDB072
A50: SCHEMATIC1 | B50: P000A_S0_BRPHY_P1_2_3_4 | C50: K76 | D50: 2 | E50: 2 | F50: 2 | G50: S0_HSD026+ | H50: =CONCATENATE(C50,".",F50) -> K76.2 | I50: =G50 -> S0_HSD026+
A51: SCHEMATIC1 | B51: P000A_S0_BRPHY_P1_2_3_4 | C51: K76 | D51: 3 | E51: 3 | F51: 3 | G51: S0_P4_MDI+ | H51: =CONCATENATE(C51,".",F51) -> K76.3 | I51: =G51 -> S0_P4_MDI+
A52: SCHEMATIC1 | B52: P000A_S0_BRPHY_P1_2_3_4 | C52: K76 | D52: 4 | E52: 4 | F52: 4 | G52: S0_U1_P4_MDI+ | H52: =CONCATENATE(C52,".",F52) -> K76.4 | I52: =G52 -> S0_U1_P4_MDI+
A53: SCHEMATIC1 | B53: P000A_S0_BRPHY_P1_2_3_4 | C53: K76 | D53: 5 | E53: 5 | F53: 5 | G53: S0_U1_P4_MDI- | H53: =CONCATENATE(C53,".",F53) -> K76.5 | I53: =G53 -> S0_U1_P4_MDI-
A54: SCHEMATIC1 | B54: P000A_S0_BRPHY_P1_2_3_4 | C54: K76 | D54: 6 | E54: 6 | F54: 6 | G54: S0_P4_MDI- | H54: =CONCATENATE(C54,".",F54) -> K76.6 | I54: =G54 -> S0_P4_MDI-
A55: SCHEMATIC1 | B55: P000A_S0_BRPHY_P1_2_3_4 | C55: K76 | D55: 7 | E55: 7 | F55: 7 | G55: S0_HSD026- | H55: =CONCATENATE(C55,".",F55) -> K76.7 | I55: =G55 -> S0_HSD026-
A56: SCHEMATIC1 | B56: P000A_S0_BRPHY_P1_2_3_4 | C56: K76 | D56: V+ | E56: V+ | F56: 1 | G56: VP12 | H56: =CONCATENATE(C56,".",F56) -> K76.1 | I56: =G56 -> VP12
A57: SCHEMATIC1 | B57: P000A_S0_BRPHY_P1_2_3_4 | C57: K76 | D57: V- | E57: V- | F57: 8 | G57: SC_UDB076 | H57: =CONCATENATE(C57,".",F57) -> K76.8 | I57: =G57 -> SC_UDB076
A58: SCHEMATIC1 | B58: P000A_S0_BRPHY_P1_2_3_4 | C58: R3 | D58: 1 | E58: 1 | F58: 1 | G58: S0_U3_P1_RC | H58: =CONCATENATE(C58,".",F58) -> R3.1 | I58: =G58 -> S0_U3_P1_RC
A59: SCHEMATIC1 | B59: P000A_S0_BRPHY_P1_2_3_4 | C59: R3 | D59: 2 | E59: 2 | F59: 2 | G59: DGND | H59: =CONCATENATE(C59,".",F59) -> R3.2 | I59: =G59 -> DGND
A60: SCHEMATIC1 | B60: P000A_S0_BRPHY_P1_2_3_4 | C60: R4 | D60: 1 | E60: 1 | F60: 1 | G60: S0_U3_P4_RC | H60: =CONCATENATE(C60,".",F60) -> R4.1 | I60: =G60 -> S0_U3_P4_RC
A61: SCHEMATIC1 | B61: P000A_S0_BRPHY_P1_2_3_4 | C61: R4 | D61: 2 | E61: 2 | F61: 2 | G61: DGND | H61: =CONCATENATE(C61,".",F61) -> R4.2 | I61: =G61 -> DGND
A62: SCHEMATIC1 | B62: P000A_S0_BRPHY_P1_2_3_4 | C62: R19 | D62: 1 | E62: 1 | F62: 1 | G62: S0_U3_P2_RC | H62: =CONCATENATE(C62,".",F62) -> R19.1 | I62: =G62 -> S0_U3_P2_RC
A63: SCHEMATIC1 | B63: P000A_S0_BRPHY_P1_2_3_4 | C63: R19 | D63: 2 | E63: 2 | F63: 2 | G63: DGND | H63: =CONCATENATE(C63,".",F63) -> R19.2 | I63: =G63 -> DGND
A64: SCHEMATIC1 | B64: P000A_S0_BRPHY_P1_2_3_4 | C64: R22 | D64: 1 | E64: 1 | F64: 1 | G64: S0_U3_P3_RC | H64: =CONCATENATE(C64,".",F64) -> R22.1 | I64: =G64 -> S0_U3_P3_RC
A65: SCHEMATIC1 | B65: P000A_S0_BRPHY_P1_2_3_4 | C65: R22 | D65: 2 | E65: 2 | F65: 2 | G65: DGND | H65: =CONCATENATE(C65,".",F65) -> R22.2 | I65: =G65 -> DGND
A66: SCHEMATIC1 | B66: P000A_S0_BRPHY_P1_2_3_4 | C66: R155 | D66: 1 | E66: 1 | F66: 1 | G66: S0_U3_P1_MDI+ | H66: =CONCATENATE(C66,".",F66) -> R155.1 | I66: =G66 -> S0_U3_P1_MDI+
A67: SCHEMATIC1 | B67: P000A_S0_BRPHY_P1_2_3_4 | C67: R155 | D67: 2 | E67: 2 | F67: 2 | G67: S0_U3_P1_RC | H67: =CONCATENATE(C67,".",F67) -> R155.2 | I67: =G67 -> S0_U3_P1_RC
A68: SCHEMATIC1 | B68: P000A_S0_BRPHY_P1_2_3_4 | C68: R156 | D68: 1 | E68: 1 | F68: 1 | G68: S0_U3_P1_MDI- | H68: =CONCATENATE(C68,".",F68) -> R156.1 | I68: =G68 -> S0_U3_P1_MDI-
A69: SCHEMATIC1 | B69: P000A_S0_BRPHY_P1_2_3_4 | C69: R156 | D69: 2 | E69: 2 | F69: 2 | G69: S0_U3_P1_RC | H69: =CONCATENATE(C69,".",F69) -> R156.2 | I69: =G69 -> S0_U3_P1_RC
... A177: SCHEMATIC1 | B177: P000C_S0_G_LB_BR1_2_3_4 | C177: MQS1 | D177: 4 | E177: 4 | F177: 4 | G177: S0_U4PI_P3_MDI- | H177: =CONCATENATE(C177,".",F177) -> MQS1.4 | I177: =G177 -> S0_U4PI_P3_MDI-
A178: SCHEMATIC1 | B178: P000C_S0_G_LB_BR1_2_3_4 | C178: MQS1 | D178: 5 | E178: 5 | F178: 5 | H178: =CONCATENATE(C178,".",F178) -> MQS1.5 | I178: =G178 -> 0
A179: SCHEMATIC1 | B179: P000C_S0_G_LB_BR1_2_3_4 | C179: MQS1 | D179: 6 | E179: 6 | F179: 6 | G179: SG0_3PI_P1_MDI+ | H179: =CONCATENATE(C179,".",F179) -> MQS1.6 | I179: =G179 -> SG0_3PI_P1_MDI+
A180: SCHEMATIC1 | B180: P000C_S0_G_LB_BR1_2_3_4 | C180: MQS1 | D180: 7 | E180: 7 | F180: 7 | G180: SG0_3PI_P1_MDI- | H180: =CONCATENATE(C180,".",F180) -> MQS1.7 | I180: =G180 -> SG0_3PI_P1_MDI-
A181: SCHEMATIC1 | B181: P000C_S0_G_LB_BR1_2_3_4 | C181: MQS1 | D181: 8 | E181: 8 | F181: 8 | G181: SG0_3PI_P3_MDI+ | H181: =CONCATENATE(C181,".",F181) -> MQS1.8 | I181: =G181 -> SG0_3PI_P3_MDI+
A182: SCHEMATIC1 | B182: P000C_S0_G_LB_BR1_2_3_4 | C182: MQS1 | D182: 9 | E182: 9 | F182: 9 | G182: SG0_3PI_P3_MDI- | H182: =CONCATENATE(C182,".",F182) -> MQS1.9 | I182: =G182 -> SG0_3PI_P3_MDI-
A183: SCHEMATIC1 | B183: P000C_S0_G_LB_BR1_2_3_4 | C183: MQS1 | D183: 10 | E183: 10 | F183: 10 | G183: S0_U4PI_P2_MDI+ | H183: =CONCATENATE(C183,".",F183) -> MQS1.10 | I183: =G183 -> S0_U4PI_P2_MDI+
A184: SCHEMATIC1 | B184: P000C_S0_G_LB_BR1_2_3_4 | C184: MQS1 | D184: 11 | E184: 11 | F184: 11 | G184: S0_U4PI_P2_MDI- | H184: =CONCATENATE(C184,".",F184) -> MQS1.11 | I184: =G184 -> S0_U4PI_P2_MDI-
A185: SCHEMATIC1 | B185: P000C_S0_G_LB_BR1_2_3_4 | C185: MQS1 | D185: 12 | E185: 12 | F185: 12 | G185: S0_U4PI_P4_MDI+ | H185: =CONCATENATE(C185,".",F185) -> MQS1.12 | I185: =G185 -> S0_U4PI_P4_MDI+
A186: SCHEMATIC1 | B186: P000C_S0_G_LB_BR1_2_3_4 | C186: MQS1 | D186: 13 | E186: 13 | F186: 13 | G186: S0_U4PI_P4_MDI- | H186: =CONCATENATE(C186,".",F186) -> MQS1.13 | I186: =G186 -> S0_U4PI_P4_MDI-
A187: SCHEMATIC1 | B187: P000C_S0_G_LB_BR1_2_3_4 | C187: MQS1 | D187: 14 | E187: 14 | F187: 14 | H187: =CONCATENATE(C187,".",F187) -> MQS1.14 | I187: =G187 -> 0
A188: SCHEMATIC1 | B188: P000C_S0_G_LB_BR1_2_3_4 | C188: MQS1 | D188: 15 | E188: 15 | F188: 15 | G188: SG0_3PI_P2_MDI+ | H188: =CONCATENATE(C188,".",F188) -> MQS1.15 | I188: =G188 -> SG0_3PI_P2_MDI+
A189: SCHEMATIC1 | B189: P000C_S0_G_LB_BR1_2_3_4 | C189: MQS1 | D189: 16 | E189: 16 | F189: 16 | G189: SG0_3PI_P2_MDI- | H189: =CONCATENATE(C189,".",F189) -> MQS1.16 | I189: =G189 -> SG0_3PI_P2_MDI-
A190: SCHEMATIC1 | B190: P000C_S0_G_LB_BR1_2_3_4 | C190: MQS1 | D190: 17 | E190: 17 | F190: 17 | G190: SG0_3PI_P4_MDI+ | H190: =CONCATENATE(C190,".",F190) -> MQS1.17 | I190: =G190 -> SG0_3PI_P4_MDI+
A191: SCHEMATIC1 | B191: P000C_S0_G_LB_BR1_2_3_4 | C191: MQS1 | D191: 18 | E191: 18 | F191: 18 | G191: SG0_3PI_P4_MDI- | H191: =CONCATENATE(C191,".",F191) -> MQS1.18 | I191: =G191 -> SG0_3PI_P4_MDI-
A192: SCHEMATIC1 | B192: P000C_S0_G_LB_BR1_2_3_4 | C192: MQS1 | D192: NUT1 | E192: NUT1 | F192: NUT1 | H192: =CONCATENATE(C192,".",F192) -> MQS1.NUT1 | I192: =G192 -> 0
A193: SCHEMATIC1 | B193: P000C_S0_G_LB_BR1_2_3_4 | C193: MQS1 | D193: NUT2 | E193: NUT2 | F193: NUT2 | H193: =CONCATENATE(C193,".",F193) -> MQS1.NUT2 | I193: =G193 -> 0
A194: SCHEMATIC1 | B194: P000C_S0_G_LB_BR1_2_3_4 | C194: RLU17 | D194: 1 | E194: 1 | F194: 1 | G194: DGND | H194: =CONCATENATE(C194,".",F194) -> RLU17.1 | I194: =G194 -> DGND
A195: SCHEMATIC1 | B195: P000C_S0_G_LB_BR1_2_3_4 | C195: RLU17 | D195: 2 | E195: 2 | F195: 2 | G195: S0_U17_DDC_AUX_SEL | H195: =CONCATENATE(C195,".",F195) -> RLU17.2 | I195: =G195 -> S0_U17_DDC_AUX_SEL
A196: SCHEMATIC1 | B196: P000C_S0_G_LB_BR1_2_3_4 | C196: RLU18 | D196: 1 | E196: 1 | F196: 1 | G196: DGND | H196: =CONCATENATE(C196,".",F196) -> RLU18.1 | I196: =G196 -> DGND
A197: SCHEMATIC1 | B197: P000C_S0_G_LB_BR1_2_3_4 | C197: RLU18 | D197: 2 | E197: 2 | F197: 2 | G197: S0_U18_DDC_AUX_SEL | H197: =CONCATENATE(C197,".",F197) -> RLU18.2 | I197: =G197 -> S0_U18_DDC_AUX_SEL
A198: SCHEMATIC1 | B198: P000C_S0_G_LB_BR1_2_3_4 | C198: RU17 | D198: 1 | E198: 1 | F198: 1 | G198: S0_U17_HSD302 | H198: =CONCATENATE(C198,".",F198) -> RU17.1 | I198: =G198 -> S0_U17_HSD302
A199: SCHEMATIC1 | B199: P000C_S0_G_LB_BR1_2_3_4 | C199: RU17 | D199: 2 | E199: 2 | F199: 2 | G199: S0_U17_GPU_SEL | H199: =CONCATENATE(C199,".",F199) -> RU17.2 | I199: =G199 -> S0_U17_GPU_SEL
A200: SCHEMATIC1 | B200: P000C_S0_G_LB_BR1_2_3_4 | C200: RU18 | D200: 1 | E200: 1 | F200: 1 | G200: S0_U18_HSD305 | H200: =CONCATENATE(C200,".",F200) -> RU18.1 | I200: =G200 -> S0_U18_HSD305
A201: SCHEMATIC1 | B201: P000C_S0_G_LB_BR1_2_3_4 | C201: RU18 | D201: 2 | E201: 2 | F201: 2 | G201: S0_U18_GPU_SEL | H201: =CONCATENATE(C201,".",F201) -> RU18.2 | I201: =G201 -> S0_U18_GPU_SEL
A202: SCHEMATIC1 | B202: P000C_S0_G_LB_BR1_2_3_4 | C202: RU171 | D202: 1 | E202: 1 | F202: 1 | G202: VDD33_ATX | H202: =CONCATENATE(C202,".",F202) -> RU171.1 | I202: =G202 -> VDD33_ATX
A203: SCHEMATIC1 | B203: P000C_S0_G_LB_BR1_2_3_4 | C203: RU171 | D203: 2 | E203: 2 | F203: 2 | G203: S0_U17_OE | H203: =CONCATENATE(C203,".",F203) -> RU171.2 | I203: =G203 -> S0_U17_OE
A204: SCHEMATIC1 | B204: P000C_S0_G_LB_BR1_2_3_4 | C204: RU181 | D204: 1 | E204: 1 | F204: 1 | G204: VDD33_ATX | H204: =CONCATENATE(C204,".",F204) -> RU181.1 | I204: =G204 -> VDD33_ATX
A205: SCHEMATIC1 | B205: P000C_S0_G_LB_BR1_2_3_4 | C205: RU181 | D205: 2 | E205: 2 | F205: 2 | G205: S0_U18_OE | H205: =CONCATENATE(C205,".",F205) -> RU181.2 | I205: =G205 -> S0_U18_OE
A206: SCHEMATIC1 | B206: P000C_S0_G_LB_BR1_2_3_4 | C206: U17 | D206: AUX+ | E206: AUX+ | F206: 18 | H206: =CONCATENATE(C206,".",F206) -> U17.18 | I206: =G206 -> 0
A207: SCHEMATIC1 | B207: P000C_S0_G_LB_BR1_2_3_4 | C207: U17 | D207: AUX+A | E207: AUX+A | F207: 28 | H207: =CONCATENATE(C207,".",F207) -> U17.28 | I207: =G207 -> 0
A208: SCHEMATIC1 | B208: P000C_S0_G_LB_BR1_2_3_4 | C208: U17 | D208: AUX+B | E208: AUX+B | F208: 27 | H208: =CONCATENATE(C208,".",F208) -> U17.27 | I208: =G208 -> 0
A209: SCHEMATIC1 | B209: P000C_S0_G_LB_BR1_2_3_4 | C209: U17 | D209: AUX- | E209: AUX- | F209: 17 | H209: =CONCATENATE(C209,".",F209) -> U17.17 | I209: =G209 -> 0
A210: SCHEMATIC1 | B210: P000C_S0_G_LB_BR1_2_3_4 | C210: U17 | D210: AUX-A | E210: AUX-A | F210: 29 | H210: =CONCATENATE(C210,".",F210) -> U17.29 | I210: =G210 -> 0
A211: SCHEMATIC1 | B211: P000C_S0_G_LB_BR1_2_3_4 | C211: U17 | D211: AUX-B | E211: AUX-B | F211: 26 | H211: =CONCATENATE(C211,".",F211) -> U17.26 | I211: =G211 -> 0
A212: SCHEMATIC1 | B212: P000C_S0_G_LB_BR1_2_3_4 | C212: U17 | D212: D0+ | E212: D0+ | F212: 6 | G212: S0_U3_P4_MDI+ | H212: =CONCATENATE(C212,".",F212) -> U17.6 | I212: =G212 -> S0_U3_P4_MDI+
A213: SCHEMATIC1 | B213: P000C_S0_G_LB_BR1_2_3_4 | C213: U17 | D213: D0+A | E213: D0+A | F213: 2 | G213: S0_U4PI_P4_MDI+ | H213: =CONCATENATE(C213,".",F213) -> U17.2 | I213: =G213 -> S0_U4PI_P4_MDI+
A214: SCHEMATIC1 | B214: P000C_S0_G_LB_BR1_2_3_4 | C214: U17 | D214: D0+B | E214: D0+B | F214: 42 | G214: S0_U4PILB_P4_MDI+ | H214: =CONCATENATE(C214,".",F214) -> U17.42 | I214: =G214 -> S0_U4PILB_P4_MDI+
A215: SCHEMATIC1 | B215: P000C_S0_G_LB_BR1_2_3_4 | C215: U17 | D215: D0- | E215: D0- | F215: 5 | G215: S0_U3_P4_MDI- | H215: =CONCATENATE(C215,".",F215) -> U17.5 | I215: =G215 -> S0_U3_P4_MDI-
A216: SCHEMATIC1 | B216: P000C_S0_G_LB_BR1_2_3_4 | C216: U17 | D216: D0-A | E216: D0-A | F216: 3 | G216: S0_U4PI_P4_MDI- | H216: =CONCATENATE(C216,".",F216) -> U17.3 | I216: =G216 -> S0_U4PI_P4_MDI-
A217: SCHEMATIC1 | B217: P000C_S0_G_LB_BR1_2_3_4 | C217: U17 | D217: D0-B | E217: D0-B | F217: 43 | G217: S0_U4PILB_P4_MDI- | H217: =CONCATENATE(C217,".",F217) -> U17.43 | I217: =G217 -> S0_U4PILB_P4_MDI-
A218: SCHEMATIC1 | B218: P000C_S0_G_LB_BR1_2_3_4 | C218: U17 | D218: D1+ | E218: D1+ | F218: 9 | G218: S0_U3_P3_MDI+ | H218: =CONCATENATE(C218,".",F218) -> U17.9 | I218: =G218 -> S0_U3_P3_MDI+
A219: SCHEMATIC1 | B219: P000C_S0_G_LB_BR1_2_3_4 | C219: U17 | D219: D1+A | E219: D1+A | F219: 51 | G219: S0_U4PI_P3_MDI+ | H219: =CONCATENATE(C219,".",F219) -> U17.51 | I219: =G219 -> S0_U4PI_P3_MDI+
A220: SCHEMATIC1 | B220: P000C_S0_G_LB_BR1_2_3_4 | C220: U17 | D220: D1+B | E220: D1+B | F220: 39 | G220: S0_U4PILB_P3_MDI+ | H220: =CONCATENATE(C220,".",F220) -> U17.39 | I220: =G220 -> S0_U4PILB_P3_MDI+
A221: SCHEMATIC1 | B221: P000C_S0_G_LB_BR1_2_3_4 | C221: U17 | D221: D1- | E221: D1- | F221: 8 | G221: S0_U3_P3_MDI- | H221: =CONCATENATE(C221,".",F221) -> U17.8 | I221: =G221 -> S0_U3_P3_MDI-
A222: SCHEMATIC1 | B222: P000C_S0_G_LB_BR1_2_3_4 | C222: U17 | D222: D1-A | E222: D1-A | F222: 52 | G222: S0_U4PI_P3_MDI- | H222: =CONCATENATE(C222,".",F222) -> U17.52 | I222: =G222 -> S0_U4PI_P3_MDI-
A223: SCHEMATIC1 | B223: P000C_S0_G_LB_BR1_2_3_4 | C223: U17 | D223: D1-B | E223: D1-B | F223: 40 | G223: S0_U4PILB_P3_MDI- | H223: =CONCATENATE(C223,".",F223) -> U17.40 | I223: =G223 -> S0_U4PILB_P3_MDI-
... A236: SCHEMATIC1 | B236: P000C_S0_G_LB_BR1_2_3_4 | C236: U17 | D236: DDC_AUX_SEL | E236: DDC_AUX_SEL | F236: 7 | G236: S0_U17_DDC_AUX_SEL | H236: =CONCATENATE(C236,".",F236) -> U17.7 | I236: =G236 -> S0_U17_DDC_AUX_SEL
...

Sheet EtchLengthFromLayout
A1: Design Name C:/Users/rick.kuo/Desktop/9071/038RT-9071CJ_0904_1.brd
A2: Date Tue Sep 22 20:36:12 2026
A3: Net Name | B3: Etch Length (mils) | C3: Manhattan Length (mils) | D3: Percent Manhattan (mils)
A4: AGND | B4: 7916.28 | C4: 28322.72 | D4: 27.95
A5: ATX_P3_3V | B5: 0 | C5: 2725.19 | D5: 0
A6: ATX_P5V | B6: 0 | C6: 1893.38 | D6: 0
A7: ATX_P12V | B7: 0 | C7: 732.93 | D7: 0
A8: CTO_DGS00 | B8: 67.9 | C8: 72.94 | D8: 93.09
A9: CTO_DGS01 | B9: 67.9 | C9: 72.94 | D9: 93.09
A10: CTO_DGS02 | B10: 67.9 | C10: 72.94 | D10: 93.09
A11: CTO_DGS03 | B11: 67.9 | C11: 72.94 | D11: 93.09
A12: CTO_DGS04 | B12: 67.9 | C12: 72.94 | D12: 93.09
A13: CTO_DGS05 | B13: 67.9 | C13: 72.94 | D13: 93.09
A14: CTO_DGS06 | B14: 67.9 | C14: 72.94 | D14: 93.09
A15: CTO_DGS07 | B15: 67.9 | C15: 72.94 | D15: 93.09
... A2825: VR24 | B2825: 78.74 | C2825: 78.74 | D2825: 100

Sheet Assigned_Channel
A1: S0_BPMUINH_HSD141 | B1: SLOT2.CH118
A2: S0_DS_GP_HSD303 | B2: SLOT0.CH58
A3: S0_DS_GP_HSD304 | B3: SLOT0.CH47
A4: S0_DS_HSD085 | B4: SLOT0.CH62
A5: S0_DS_HSD089 | B5: SLOT0.CH59
A6: S0_DS_HSD998 | B6: SLOT0.CH49
A7: S0_DS_HSD999 | B7: SLOT0.CH52
A8: S0_HSD006- | B8: SLOT0.CH55
A9: S0_HSD006+ | B9: SLOT0.CH54
A10: S0_HSD016- | B10: SLOT0.CH127
A11: S0_HSD016+ | B11: SLOT0.CH126
A12: S0_HSD026- | B12: SLOT2.CH55
... A482: SC_PWCT_HSD995 | B482: SLOT0.CH74

Sheet BRPHY
A1: DUT Port [ 1 : 4 ] to Golden | I1: All Site All Port 等長 誤差 1000 mils | M1: 等長調此線段
A2: Site | B2: Pin No | C2: Pin Name | D2: Net | E2: Length | F2: Net | G2: Length | H2: DUT-> Choke ( E + G ) 此處為最短距離 | I2: Net | J2: Length | K2: Net | L2: Length | M2: Net | N2: Length | O2: Net | P2: Length | Q2: Net | R2: Length | S2: Net | T2: Length | V2: Golden -> Choke Net (此處為最短距離) | W2: Length | X2: Total Length (mils) | Y2: P/N Difference (mils) | Z2: Golden | AA2: Pin No | AB2: Pin Name | AC2: Note
A3: SITE0 | B3: =VLOOKUP(C3,PinNo!$B:$C,2,0) -> 175 | C3: P1_MDIN | D3: =VLOOKUP(CONCATENATE($A3,".",$B3),Netlist_VTable!$H:$I,2,0) -> S0_P1_MDI- | E3: =VLOOKUP(D3,EtchLengthFromLayout!$A:$B,2,0) -> 2372.75 | F3: =CONCATENATE("S",MID($A3,5,1),"_U1_",SUBSTITUTE($C3,"IN","I-") ) -> S0_U1_P1_MDI- | G3: =VLOOKUP(F3,EtchLengthFromLayout!$A:$B,2,0) -> 487.03 | H3: =E3+G3 -> 2859.78 | I3: =CONCATENATE("S",MID($A3,5,1),"_U2_",SUBSTITUTE($C3,"IN","I-") ) -> S0_U2_P1_MDI- | J3: =VLOOKUP(I3,EtchLengthFromLayout!$A:$B,2,0) -> 104.67 | K3: =CONCATENATE("S",MID($A3,5,1),"_U3_",SUBSTITUTE($C3,"IN","I-") ) -> S0_U3_P1_MDI- | L3: =VLOOKUP(K3,EtchLengthFromLayout!$A:$B,2,0) -> 9372.74 | M3: =CONCATENATE("S",MID($A3,5,1),"_U4PILB_",SUBSTITUTE($C3,"IN","I-") ) -> S0_U4PILB_P1_MDI- | N3: =VLOOKUP(M3,EtchLengthFromLayout!$A:$B,2,0) -> 8552.4 | Q3: =SUBSTITUTE($V3,"_P","_2_P") -> SG0_2_P1_MDI- | R3: =VLOOKUP(Q3,EtchLengthFromLayout!$A:$B,2,0) -> 3375.36 | S3: =SUBSTITUTE($V3,"_P","_1_P") -> SG0_1_P1_MDI- | T3: =VLOOKUP(S3,EtchLengthFromLayout!$A:$B,2,0) -> 104.67 | V3: =VLOOKUP(CONCATENATE($Z3,".",$AA3),Netlist_VTable!$H:$I,2,0) -> SG0_P1_MDI- | W3: =VLOOKUP(V3,EtchLengthFromLayout!$A:$B,2,0) -> 1215.88 | X3: =E3+G3+J3+L3+N3+P3+R3+T3+W3 -> 25585.5 | Y3: =ABS(X3-X4) -> 0.07 | Z3: GOLD0 | AA3: =VLOOKUP(AB3,PinNo!$B:$C,2,0) -> 175 | AB3: =C3 -> P1_MDIN | AC3: DUT to Golden Port P1
A4: SITE0 | B4: =VLOOKUP(C4,PinNo!$B:$C,2,0) -> 174 | C4: P1_MDIP | D4: =VLOOKUP(CONCATENATE($A4,".",$B4),Netlist_VTable!$H:$I,2,0) -> S0_P1_MDI+ | E4: =VLOOKUP(D4,EtchLengthFromLayout!$A:$B,2,0) -> 2372.77 | F4: =CONCATENATE("S",MID($A4,5,1),"_U1_",SUBSTITUTE($C4,"IP","I+") ) -> S0_U1_P1_MDI+ | G4: =VLOOKUP(F4,EtchLengthFromLayout!$A:$B,2,0) -> 487.03 | H4: =E4+G4 -> 2859.8 | I4: =CONCATENATE("S",MID($A4,5,1),"_U2_",SUBSTITUTE($C4,"IP","I+") ) -> S0_U2_P1_MDI+ | J4: =VLOOKUP(I4,EtchLengthFromLayout!$A:$B,2,0) -> 104.67 | K4: =CONCATENATE("S",MID($A4,5,1),"_U3_",SUBSTITUTE($C4,"IP","I+") ) -> S0_U3_P1_MDI+ | L4: =VLOOKUP(K4,EtchLengthFromLayout!$A:$B,2,0) -> 9372.74 | M4: =CONCATENATE("S",MID($A4,5,1),"_U4PILB_",SUBSTITUTE($C4,"IP","I+") ) -> S0_U4PILB_P1_MDI+ | N4: =VLOOKUP(M4,EtchLengthFromLayout!$A:$B,2,0) -> 8552.41 | Q4: =SUBSTITUTE($V4,"_P","_2_P") -> SG0_2_P1_MDI+ | R4: =VLOOKUP(Q4,EtchLengthFromLayout!$A:$B,2,0) -> 3375.37 | S4: =SUBSTITUTE($V4,"_P","_1_P") -> SG0_1_P1_MDI+ | T4: =VLOOKUP(S4,EtchLengthFromLayout!$A:$B,2,0) -> 104.67 | V4: =VLOOKUP(CONCATENATE($Z4,".",$AA4),Netlist_VTable!$H:$I,2,0) -> SG0_P1_MDI+ | W4: =VLOOKUP(V4,EtchLengthFromLayout!$A:$B,2,0) -> 1215.91 | X4: =E4+G4+J4+L4+N4+P4+R4+T4+W4 -> 25585.57 | Y4: =IF(Y3<=5,"OK, Tolerance<= 5 mils", "Fail, Tolerance > 5 mils") -> OK, Tolerance<= 5 mils | Z4: GOLD0 | AA4: =VLOOKUP(AB4,PinNo!$B:$C,2,0) -> 174 | AB4: =C4 -> P1_MDIP
A5: SITE1 | B5: =VLOOKUP(C5,PinNo!$B:$C,2,0) -> 175 | C5: P1_MDIN | D5: =VLOOKUP(CONCATENATE($A5,".",$B5),Netlist_VTable!$H:$I,2,0) -> S1_P1_MDI- | E5: =VLOOKUP(D5,EtchLengthFromLayout!$A:$B,2,0) -> 1569.13 | F5: =CONCATENATE("S",MID($A5,5,1),"_U1_",SUBSTITUTE($C5,"IN","I-") ) -> S1_U1_P1_MDI- | G5: =VLOOKUP(F5,EtchLengthFromLayout!$A:$B,2,0) -> 487.03 | H5: =E5+G5 -> 2056.16 | I5: =CONCATENATE("S",MID($A5,5,1),"_U2_",SUBSTITUTE($C5,"IN","I-") ) -> S1_U2_P1_MDI- | J5: =VLOOKUP(I5,EtchLengthFromLayout!$A:$B,2,0) -> 104.67 | K5: =CONCATENATE("S",MID($A5,5,1),"_U3_",SUBSTITUTE($C5,"IN","I-") ) -> S1_U3_P1_MDI- | L5: =VLOOKUP(K5,EtchLengthFromLayout!$A:$B,2,0) -> 14139.99 | M5: =CONCATENATE("S",MID($A5,5,1),"_U4PILB_",SUBSTITUTE($C5,"IN","I-") ) -> S1_U4PILB_P1_MDI- | N5: =VLOOKUP(M5,EtchLengthFromLayout!$A:$B,2,0) -> 1541.46 | Q5: =SUBSTITUTE($V5,"_P","_2_P") -> SG1_2_P1_MDI- | R5: =VLOOKUP(Q5,EtchLengthFromLayout!$A:$B,2,0) -> 5161.89 | S5: =SUBSTITUTE($V5,"_P","_1_P") -> SG1_1_P1_MDI- | T5: =VLOOKUP(S5,EtchLengthFromLayout!$A:$B,2,0) -> 104.67 | V5: =VLOOKUP(CONCATENATE($Z5,".",$AA5),Netlist_VTable!$H:$I,2,0) -> SG1_P1_MDI- | W5: =VLOOKUP(V5,EtchLengthFromLayout!$A:$B,2,0) -> 2476.73 | X5: =E5+G5+J5+L5+N5+P5+R5+T5+W5 -> 25585.57 | Y5: =ABS(X5-X6) -> 0.07 | Z5: GOLD1 | AA5: =VLOOKUP(AB5,PinNo!$B:$C,2,0) -> 175 | AB5: =C5 -> P1_MDIN
A6: SITE1 | B6: =VLOOKUP(C6,PinNo!$B:$C,2,0) -> 174 | C6: P1_MDIP | D6: =VLOOKUP(CONCATENATE($A6,".",$B6),Netlist_VTable!$H:$I,2,0) -> S1_P1_MDI+ | E6: =VLOOKUP(D6,EtchLengthFromLayout!$A:$B,2,0) -> 1569.16 | F6: =CONCATENATE("S",MID($A6,5,1),"_U1_",SUBSTITUTE($C6,"IP","I+") ) -> S1_U1_P1_MDI+ | G6: =VLOOKUP(F6,EtchLengthFromLayout!$A:$B,2,0) -> 487.03 | H6: =E6+G6 -> 2056.19 | I6: =CONCATENATE("S",MID($A6,5,1),"_U2_",SUBSTITUTE($C6,"IP","I+") ) -> S1_U2_P1_MDI+ | J6: =VLOOKUP(I6,EtchLengthFromLayout!$A:$B,2,0) -> 104.67 | K6: =CONCATENATE("S",MID($A6,5,1),"_U3_",SUBSTITUTE($C6,"IP","I+") ) -> S1_U3_P1_MDI+ | L6: =VLOOKUP(K6,EtchLengthFromLayout!$A:$B,2,0) -> 14139.95 | M6: =CONCATENATE("S",MID($A6,5,1),"_U4PILB_",SUBSTITUTE($C6,"IP","I+") ) -> S1_U4PILB_P1_MDI+ | N6: =VLOOKUP(M6,EtchLengthFromLayout!$A:$B,2,0) -> 1541.47 | Q6: =SUBSTITUTE($V6,"_P","_2_P") -> SG1_2_P1_MDI+ | R6: =VLOOKUP(Q6,EtchLengthFromLayout!$A:$B,2,0) -> 5161.88 | S6: =SUBSTITUTE($V6,"_P","_1_P") -> SG1_1_P1_MDI+ | T6: =VLOOKUP(S6,EtchLengthFromLayout!$A:$B,2,0) -> 104.67 | V6: =VLOOKUP(CONCATENATE($Z6,".",$AA6),Netlist_VTable!$H:$I,2,0) -> SG1_P1_MDI+ | W6: =VLOOKUP(V6,EtchLengthFromLayout!$A:$B,2,0) -> 2476.67 | X6: =E6+G6+J6+L6+N6+P6+R6+T6+W6 -> 25585.5 | Y6: =IF(Y5<=5,"OK, Tolerance<= 5 mils", "Fail, Tolerance > 5 mils") -> OK, Tolerance<= 5 mils | Z6: GOLD1 | AA6: =VLOOKUP(AB6,PinNo!$B:$C,2,0) -> 174 | AB6: =C6 -> P1_MDIP
A7: SITE2 | B7: =VLOOKUP(C7,PinNo!$B:$C,2,0) -> 175 | C7: P1_MDIN | D7: =VLOOKUP(CONCATENATE($A7,".",$B7),Netlist_VTable!$H:$I,2,0) -> S2_P1_MDI- | E7: =VLOOKUP(D7,EtchLengthFromLayout!$A:$B,2,0) -> 2375.98 | F7: =CONCATENATE("S",MID($A7,5,1),"_U1_",SUBSTITUTE($C7,"IN","I-") ) -> S2_U1_P1_MDI- | G7: =VLOOKUP(F7,EtchLengthFromLayout!$A:$B,2,0) -> 487.03 | H7: =E7+G7 -> 2863.01 | I7: =CONCATENATE("S",MID($A7,5,1),"_U2_",SUBSTITUTE($C7,"IN","I-") ) -> S2_U2_P1_MDI- | J7: =VLOOKUP(I7,EtchLengthFromLayout!$A:$B,2,0) -> 104.67 | K7: =CONCATENATE("S",MID($A7,5,1),"_U3_",SUBSTITUTE($C7,"IN","I-") ) -> S2_U3_P1_MDI- | L7: =VLOOKUP(K7,EtchLengthFromLayout!$A:$B,2,0) -> 10379.47 | M7: =CONCATENATE("S",MID($A7,5,1),"_U4PILB_",SUBSTITUTE($C7,"IN","I-") ) -> S2_U4PILB_P1_MDI- | N7: =VLOOKUP(M7,EtchLengthFromLayout!$A:$B,2,0) -> 4929.91 | Q7: =SUBSTITUTE($V7,"_P","_2_P") -> SG2_2_P1_MDI- | R7: =VLOOKUP(Q7,EtchLengthFromLayout!$A:$B,2,0) -> 4884.37 | S7: =SUBSTITUTE($V7,"_P","_1_P") -> SG2_1_P1_MDI- | T7: =VLOOKUP(S7,EtchLengthFromLayout!$A:$B,2,0) -> 104.67 | V7: =VLOOKUP(CONCATENATE($Z7,".",$AA7),Netlist_VTable!$H:$I,2,0) -> SG2_P1_MDI- | W7: =VLOOKUP(V7,EtchLengthFromLayout!$A:$B,2,0) -> 2319.5 | X7: =E7+G7+J7+L7+N7+P7+R7+T7+W7 -> 25585.6 | Y7: =ABS(X7-X8) -> 0.12 | Z7: GOLD2 | AA7: =VLOOKUP(AB7,PinNo!$B:$C,2,0) -> 175 | AB7: =C7 -> P1_MDIN
A8: SITE2 | B8: =VLOOKUP(C8,PinNo!$B:$C,2,0) -> 174 | C8: P1_MDIP | D8: =VLOOKUP(CONCATENATE($A8,".",$B8),Netlist_VTable!$H:$I,2,0) -> S2_P1_MDI+ | E8: =VLOOKUP(D8,EtchLengthFromLayout!$A:$B,2,0) -> 2375.95 | F8: =CONCATENATE("S",MID($A8,5,1),"_U1_",SUBSTITUTE($C8,"IP","I+") ) -> S2_U1_P1_MDI+ | G8: =VLOOKUP(F8,EtchLengthFromLayout!$A:$B,2,0) -> 487.03 | H8: =E8+G8 -> 2862.98 | I8: =CONCATENATE("S",MID($A8,5,1),"_U2_",SUBSTITUTE($C8,"IP","I+") ) -> S2_U2_P1_MDI+ | J8: =VLOOKUP(I8,EtchLengthFromLayout!$A:$B,2,0) -> 104.67 | K8: =CONCATENATE("S",MID($A8,5,1),"_U3_",SUBSTITUTE($C8,"IP","I+") ) -> S2_U3_P1_MDI+ | L8: =VLOOKUP(K8,EtchLengthFromLayout!$A:$B,2,0) -> 10379.4 | M8: =CONCATENATE("S",MID($A8,5,1),"_U4PILB_",SUBSTITUTE($C8,"IP","I+") ) -> S2_U4PILB_P1_MDI+ | N8: =VLOOKUP(M8,EtchLengthFromLayout!$A:$B,2,0) -> 4929.89 | Q8: =SUBSTITUTE($V8,"_P","_2_P") -> SG2_2_P1_MDI+ | R8: =VLOOKUP(Q8,EtchLengthFromLayout!$A:$B,2,0) -> 4884.36 | S8: =SUBSTITUTE($V8,"_P","_1_P") -> SG2_1_P1_MDI+ | T8: =VLOOKUP(S8,EtchLengthFromLayout!$A:$B,2,0) -> 104.67 | V8: =VLOOKUP(CONCATENATE($Z8,".",$AA8),Netlist_VTable!$H:$I,2,0) -> SG2_P1_MDI+ | W8: =VLOOKUP(V8,EtchLengthFromLayout!$A:$B,2,0) -> 2319.51 | X8: =E8+G8+J8+L8+N8+P8+R8+T8+W8 -> 25585.48 | Y8: =IF(Y7<=5,"OK, Tolerance<= 5 mils", "Fail, Tolerance > 5 mils") -> OK, Tolerance<= 5 mils | Z8: GOLD2 | AA8: =VLOOKUP(AB8,PinNo!$B:$C,2,0) -> 174 | AB8: =C8 -> P1_MDIP
A9: SITE3 | B9: =VLOOKUP(C9,PinNo!$B:$C,2,0) -> 175 | C9: P1_MDIN | D9: =VLOOKUP(CONCATENATE($A9,".",$B9),Netlist_VTable!$H:$I,2,0) -> S3_P1_MDI- | E9: =VLOOKUP(D9,EtchLengthFromLayout!$A:$B,2,0) -> 1569.13 | F9: =CONCATENATE("S",MID($A9,5,1),"_U1_",SUBSTITUTE($C9,"IN","I-") ) -> S3_U1_P1_MDI- | G9: =VLOOKUP(F9,EtchLengthFromLayout!$A:$B,2,0) -> 487.03 | H9: =E9+G9 -> 2056.16 | I9: =CONCATENATE("S",MID($A9,5,1),"_U2_",SUBSTITUTE($C9,"IN","I-") ) -> S3_U2_P1_MDI- | J9: =VLOOKUP(I9,EtchLengthFromLayout!$A:$B,2,0) -> 104.67 | K9: =CONCATENATE("S",MID($A9,5,1),"_U3_",SUBSTITUTE($C9,"IN","I-") ) -> S3_U3_P1_MDI- | L9: =VLOOKUP(K9,EtchLengthFromLayout!$A:$B,2,0) -> 14542.03 | M9: =CONCATENATE("S",MID($A9,5,1),"_U4PILB_",SUBSTITUTE($C9,"IN","I-") ) -> S3_U4PILB_P1_MDI- | N9: =VLOOKUP(M9,EtchLengthFromLayout!$A:$B,2,0) -> 4041.43 | Q9: =SUBSTITUTE($V9,"_P","_2_P") -> SG3_2_P1_MDI- | R9: =VLOOKUP(Q9,EtchLengthFromLayout!$A:$B,2,0) -> 3226.2 | S9: =SUBSTITUTE($V9,"_P","_1_P") -> SG3_1_P1_MDI- | T9: =VLOOKUP(S9,EtchLengthFromLayout!$A:$B,2,0) -> 104.67 | V9: =VLOOKUP(CONCATENATE($Z9,".",$AA9),Netlist_VTable!$H:$I,2,0) -> SG3_P1_MDI- | W9: =VLOOKUP(V9,EtchLengthFromLayout!$A:$B,2,0) -> 1510.29 | X9: =E9+G9+J9+L9+N9+P9+R9+T9+W9 -> 25585.45 | Y9: =ABS(X9-X10) -> 0.12 | Z9: GOLD3 | AA9: =VLOOKUP(AB9,PinNo!$B:$C,2,0) -> 175 | AB9: =C9 -> P1_MDIN
A10: SITE3 | B10: =VLOOKUP(C10,PinNo!$B:$C,2,0) -> 174 | C10: P1_MDIP | D10: =VLOOKUP(CONCATENATE($A10,".",$B10),Netlist_VTable!$H:$I,2,0) -> S3_P1_MDI+ | E10: =VLOOKUP(D10,EtchLengthFromLayout!$A:$B,2,0) -> 1569.16 | F10: =CONCATENATE("S",MID($A10,5,1),"_U1_",SUBSTITUTE($C10,"IP","I+") ) -> S3_U1_P1_MDI+ | G10: =VLOOKUP(F10,EtchLengthFromLayout!$A:$B,2,0) -> 487.03 | H10: =E10+G10 -> 2056.19 | I10: =CONCATENATE("S",MID($A10,5,1),"_U2_",SUBSTITUTE($C10,"IP","I+") ) -> S3_U2_P1_MDI+ | J10: =VLOOKUP(I10,EtchLengthFromLayout!$A:$B,2,0) -> 104.67 | K10: =CONCATENATE("S",MID($A10,5,1),"_U3_",SUBSTITUTE($C10,"IP","I+") ) -> S3_U3_P1_MDI+ | L10: =VLOOKUP(K10,EtchLengthFromLayout!$A:$B,2,0) -> 14542.05 | M10: =CONCATENATE("S",MID($A10,5,1),"_U4PILB_",SUBSTITUTE($C10,"IP","I+") ) -> S3_U4PILB_P1_MDI+ | N10: =VLOOKUP(M10,EtchLengthFromLayout!$A:$B,2,0) -> 4041.44 | Q10: =SUBSTITUTE($V10,"_P","_2_P") -> SG3_2_P1_MDI+ | R10: =VLOOKUP(Q10,EtchLengthFromLayout!$A:$B,2,0) -> 3226.24 | S10: =SUBSTITUTE($V10,"_P","_1_P") -> SG3_1_P1_MDI+ | T10: =VLOOKUP(S10,EtchLengthFromLayout!$A:$B,2,0) -> 104.67 | V10: =VLOOKUP(CONCATENATE($Z10,".",$AA10),Netlist_VTable!$H:$I,2,0) -> SG3_P1_MDI+ | W10: =VLOOKUP(V10,EtchLengthFromLayout!$A:$B,2,0) -> 1510.31 | X10: =E10+G10+J10+L10+N10+P10+R10+T10+W10 -> 25585.57 | Y10: =IF(Y9<=5,"OK, Tolerance<= 5 mils", "Fail, Tolerance > 5 mils") -> OK, Tolerance<= 5 mils | Z10: GOLD3 | AA10: =VLOOKUP(AB10,PinNo!$B:$C,2,0) -> 174 | AB10: =C10 -> P1_MDIP
F11: Max | H11: =MAX(H3:H10) -> 2863.01 | V11: Max | X11: =MAX(X3:X10) -> 25585.6
F12: Min | H12: =MIN(H3:H10) -> 2056.16 | V12: Min | X12: =MIN(X3:X10) -> 25585.45
F13: Max-Min | H13: =ABS(H11-H12) -> 806.85 | V13: Max-Min | X13: =ABS(X11-X12) -> 0.15
A16: Site | B16: Pin No | C16: Pin Name | D16: Net | E16: Length | F16: Net | G16: Length | H16: DUT-> Choke ( E + G ) 此處為最短距離 | I16: Net | J16: Length | K16: Net | L16: Length | M16: Net | N16: Length | O16: Net | P16: Length | Q16: Net | R16: Length | S16: Net | T16: Length | V16: Golden -> Choke Net (此處為最短距離) | W16: Length | X16: Total Length (mils) | Y16: P/N Difference (mils) | Z16: Golden | AA16: Pin No | AB16: Pin Name | AC16: Note
A17: SITE0 | B17: =VLOOKUP(C17,PinNo!$B:$C,2,0) -> 172 | C17: P2_MDIN | D17: =VLOOKUP(CONCATENATE($A17,".",$B17),Netlist_VTable!$H:$I,2,0) -> S0_P2_MDI- | E17: =VLOOKUP(D17,EtchLengthFromLayout!$A:$B,2,0) -> 2539.18 | F17: =CONCATENATE("S",MID($A17,5,1),"_U1_",SUBSTITUTE($C17,"IN","I-") ) -> S0_U1_P2_MDI- | G17: =VLOOKUP(F17,EtchLengthFromLayout!$A:$B,2,0) -> 487.03 | H17: =E17+G17 -> 3026.21 | I17: =CONCATENATE("S",MID($A17,5,1),"_U2_",SUBSTITUTE($C17,"IN","I-") ) -> S0_U2_P2_MDI- | J17: =VLOOKUP(I17,EtchLengthFromLayout!$A:$B,2,0) -> 104.67 | K17: =CONCATENATE("S",MID($A17,5,1),"_U3_",SUBSTITUTE($C17,"IN","I-") ) -> S0_U3_P2_MDI- | L17: =VLOOKUP(K17,EtchLengthFromLayout!$A:$B,2,0) -> 9673.1 | M17: =CONCATENATE("S",MID($A17,5,1),"_U4PILB_",SUBSTITUTE($C17,"IN","I-") ) -> S0_U4PILB_P2_MDI- | N17: =VLOOKUP(M17,EtchLengthFromLayout!$A:$B,2,0) -> 7918.85 | Q17: =SUBSTITUTE($V17,"_P","_2_P") -> SG0_2_P2_MDI- | R17: =VLOOKUP(Q17,EtchLengthFromLayout!$A:$B,2,0) -> 3571.19 | S17: =SUBSTITUTE($V17,"_P","_1_P") -> SG0_1_P2_MDI- | T17: =VLOOKUP(S17,EtchLengthFromLayout!$A:$B,2,0) -> 104.67 | V17: =VLOOKUP(CONCATENATE($Z17,".",$AA17),Netlist_VTable!$H:$I,2,0) -> SG0_P2_MDI- | W17: =VLOOKUP(V17,EtchLengthFromLayout!$A:$B,2,0) -> 1186.77 | X17: =E17+G17+J17+L17+N17+P17+R17+T17+W17 -> 25585.46 | Y17: =ABS(X17-X18) -> 0.04 | Z17: GOLD0 | AA17: =VLOOKUP(AB17,PinNo!$B:$C,2,0) -> 172 | AB17: =C17 -> P2_MDIN | AC17: DUT to Golden Port P2
A18: SITE0 | B18: =VLOOKUP(C18,PinNo!$B:$C,2,0) -> 171 | C18: P2_MDIP | D18: =VLOOKUP(CONCATENATE($A18,".",$B18),Netlist_VTable!$H:$I,2,0) -> S0_P2_MDI+ | E18: =VLOOKUP(D18,EtchLengthFromLayout!$A:$B,2,0) -> 2539.13 | F18: =CONCATENATE("S",MID($A18,5,1),"_U1_",SUBSTITUTE($C18,"IP","I+") ) -> S0_U1_P2_MDI+ | G18: =VLOOKUP(F18,EtchLengthFromLayout!$A:$B,2,0) -> 487.03 | H18: =E18+G18 -> 3026.16 | I18: =CONCATENATE("S",MID($A18,5,1),"_U2_",SUBSTITUTE($C18,"IP","I+") ) -> S0_U2_P2_MDI+ | J18: =VLOOKUP(I18,EtchLengthFromLayout!$A:$B,2,0) -> 104.67 | K18: =CONCATENATE("S",MID($A18,5,1),"_U3_",SUBSTITUTE($C18,"IP","I+") ) -> S0_U3_P2_MDI+ | L18: =VLOOKUP(K18,EtchLengthFromLayout!$A:$B,2,0) -> 9673.06 | M18: =CONCATENATE("S",MID($A18,5,1),"_U4PILB_",SUBSTITUTE($C18,"IP","I+") ) -> S0_U4PILB_P2_MDI+ | N18: =VLOOKUP(M18,EtchLengthFromLayout!$A:$B,2,0) -> 7918.85 | Q18: =SUBSTITUTE($V18,"_P","_2_P") -> SG0_2_P2_MDI+ | R18: =VLOOKUP(Q18,EtchLengthFromLayout!$A:$B,2,0) -> 3571.22 | S18: =SUBSTITUTE($V18,"_P","_1_P") -> SG0_1_P2_MDI+ | T18: =VLOOKUP(S18,EtchLengthFromLayout!$A:$B,2,0) -> 104.67 | V18: =VLOOKUP(CONCATENATE($Z18,".",$AA18),Netlist_VTable!$H:$I,2,0) -> SG0_P2_MDI+ | W18: =VLOOKUP(V18,EtchLengthFromLayout!$A:$B,2,0) -> 1186.79 | X18: =E18+G18+J18+L18+N18+P18+R18+T18+W18 -> 25585.42 | Y18: =IF(Y17<=5,"OK, Tolerance<= 5 mils", "Fail, Tolerance > 5 mils") -> OK, Tolerance<= 5 mils | Z18: GOLD0 | AA18: =VLOOKUP(AB18,PinNo!$B:$C,2,0) -> 171 | AB18: =C18 -> P2_MDIP
A19: SITE1 | B19: =VLOOKUP(C19,PinNo!$B:$C,2,0) -> 172 | C19: P2_MDIN | D19: =VLOOKUP(CONCATENATE($A19,".",$B19),Netlist_VTable!$H:$I,2,0) -> S1_P2_MDI- | E19: =VLOOKUP(D19,EtchLengthFromLayout!$A:$B,2,0) -> 1739.8 | F19: =CONCATENATE("S",MID($A19,5,1),"_U1_",SUBSTITUTE($C19,"IN","I-") ) -> S1_U1_P2_MDI- | G19: =VLOOKUP(F19,EtchLengthFromLayout!$A:$B,2,0) -> 487.03 | H19: =E19+G19 -> 2226.83 | I19: =CONCATENATE("S",MID($A19,5,1),"_U2_",SUBSTITUTE($C19,"IN","I-") ) -> S1_U2_P2_MDI- | J19: =VLOOKUP(I19,EtchLengthFromLayout!$A:$B,2,0) -> 104.67 | K19: =CONCATENATE("S",MID($A19,5,1),"_U3_",SUBSTITUTE($C19,"IN","I-") ) -> S1_U3_P2_MDI- | L19: =VLOOKUP(K19,EtchLengthFromLayout!$A:$B,2,0) -> 14140.83 | M19: =CONCATENATE("S",MID($A19,5,1),"_U4PILB_",SUBSTITUTE($C19,"IN","I-") ) -> S1_U4PILB_P2_MDI- | N19: =VLOOKUP(M19,EtchLengthFromLayout!$A:$B,2,0) -> 1848.6 | Q19: =SUBSTITUTE($V19,"_P","_2_P") -> SG1_2_P2_MDI- | R19: =VLOOKUP(Q19,EtchLengthFromLayout!$A:$B,2,0) -> 4698.68 | S19: =SUBSTITUTE($V19,"_P","_1_P") -> SG1_1_P2_MDI- | T19: =VLOOKUP(S19,EtchLengthFromLayout!$A:$B,2,0) -> 104.67 | V19: =VLOOKUP(CONCATENATE($Z19,".",$AA19),Netlist_VTable!$H:$I,2,0) -> SG1_P2_MDI- | W19: =VLOOKUP(V19,EtchLengthFromLayout!$A:$B,2,0) -> 2461.23 | X19: =E19+G19+J19+L19+N19+P19+R19+T19+W19 -> 25585.51 | Y19: =ABS(X19-X20) -> 0.08 | Z19: GOLD1 | AA19: =VLOOKUP(AB19,PinNo!$B:$C,2,0) -> 172 | AB19: =C19 -> P2_MDIN
A20: SITE1 | B20: =VLOOKUP(C20,PinNo!$B:$C,2,0) -> 171 | C20: P2_MDIP | D20: =VLOOKUP(CONCATENATE($A20,".",$B20),Netlist_VTable!$H:$I,2,0) -> S1_P2_MDI+ | E20: =VLOOKUP(D20,EtchLengthFromLayout!$A:$B,2,0) -> 1739.83 | F20: =CONCATENATE("S",MID($A20,5,1),"_U1_",SUBSTITUTE($C20,"IP","I+") ) -> S1_U1_P2_MDI+ | G20: =VLOOKUP(F20,EtchLengthFromLayout!$A:$B,2,0) -> 487.03 | H20: =E20+G20 -> 2226.86 | I20: =CONCATENATE("S",MID($A20,5,1),"_U2_",SUBSTITUTE($C20,"IP","I+") ) -> S1_U2_P2_MDI+ | J20: =VLOOKUP(I20,EtchLengthFromLayout!$A:$B,2,0) -> 104.67 | K20: =CONCATENATE("S",MID($A20,5,1),"_U3_",SUBSTITUTE($C20,"IP","I+") ) -> S1_U3_P2_MDI+ | L20: =VLOOKUP(K20,EtchLengthFromLayout!$A:$B,2,0) -> 14140.91 | M20: =CONCATENATE("S",MID($A20,5,1),"_U4PILB_",SUBSTITUTE($C20,"IP","I+") ) -> S1_U4PILB_P2_MDI+ | N20: =VLOOKUP(M20,EtchLengthFromLayout!$A:$B,2,0) -> 1848.6 | Q20: =SUBSTITUTE($V20,"_P","_2_P") -> SG1_2_P2_MDI+ | R20: =VLOOKUP(Q20,EtchLengthFromLayout!$A:$B,2,0) -> 4698.65 | S20: =SUBSTITUTE($V20,"_P","_1_P") -> SG1_1_P2_MDI+ | T20: =VLOOKUP(S20,EtchLengthFromLayout!$A:$B,2,0) -> 104.67 | V20: =VLOOKUP(CONCATENATE($Z20,".",$AA20),Netlist_VTable!$H:$I,2,0) -> SG1_P2_MDI+ | W20: =VLOOKUP(V20,EtchLengthFromLayout!$A:$B,2,0) -> 2461.23 | X20: =E20+G20+J20+L20+N20+P20+R20+T20+W20 -> 25585.59 | Y20: =IF(Y19<=5,"OK, Tolerance<= 5 mils", "Fail, Tolerance > 5 mils") -> OK, Tolerance<= 5 mils | Z20: GOLD1 | AA20: =VLOOKUP(AB20,PinNo!$B:$C,2,0) -> 171 | AB20: =C20 -> P2_MDIP
A21: SITE2 | B21: =VLOOKUP(C21,PinNo!$B:$C,2,0) -> 172 | C21: P2_MDIN | D21: =VLOOKUP(CONCATENATE($A21,".",$B21),Netlist_VTable!$H:$I,2,0) -> S2_P2_MDI- | E21: =VLOOKUP(D21,EtchLengthFromLayout!$A:$B,2,0) -> 2539.18 | F21: =CONCATENATE("S",MID($A21,5,1),"_U1_",SUBSTITUTE($C21,"IN","I-") ) -> S2_U1_P2_MDI- | G21: =VLOOKUP(F21,EtchLengthFromLayout!$A:$B,2,0) -> 487.03 | H21: =E21+G21 -> 3026.21 | I21: =CONCATENATE("S",MID($A21,5,1),"_U2_",SUBSTITUTE($C21,"IN","I-") ) -> S2_U2_P2_MDI- | J21: =VLOOKUP(I21,EtchLengthFromLayout!$A:$B,2,0) -> 104.67 | K21: =CONCATENATE("S",MID($A21,5,1),"_U3_",SUBSTITUTE($C21,"IN","I-") ) -> S2_U3_P2_MDI- | L21: =VLOOKUP(K21,EtchLengthFromLayout!$A:$B,2,0) -> 9810.3 | M21: =CONCATENATE("S",MID($A21,5,1),"_U4PILB_",SUBSTITUTE($C21,"IN","I-") ) -> S2_U4PILB_P2_MDI- | N21: =VLOOKUP(M21,EtchLengthFromLayout!$A:$B,2,0) -> 5849.14 | Q21: =SUBSTITUTE($V21,"_P","_2_P") -> SG2_2_P2_MDI- | R21: =VLOOKUP(Q21,EtchLengthFromLayout!$A:$B,2,0) -> 4362.56 | S21: =SUBSTITUTE($V21,"_P","_1_P") -> SG2_1_P2_MDI- | T21: =VLOOKUP(S21,EtchLengthFromLayout!$A:$B,2,0) -> 104.67 | V21: =VLOOKUP(CONCATENATE($Z21,".",$AA21),Netlist_VTable!$H:$I,2,0) -> SG2_P2_MDI- | W21: =VLOOKUP(V21,EtchLengthFromLayout!$A:$B,2,0) -> 2328.06 | X21: =E21+G21+J21+L21+N21+P21+R21+T21+W21 -> 25585.61 | Y21: =ABS(X21-X22) -> 0.11 | Z21: GOLD2 | AA21: =VLOOKUP(AB21,PinNo!$B:$C,2,0) -> 172 | AB21: =C21 -> P2_MDIN
A22: SITE2 | B22: =VLOOKUP(C22,PinNo!$B:$C,2,0) -> 171 | C22: P2_MDIP | D22: =VLOOKUP(CONCATENATE($A22,".",$B22),Netlist_VTable!$H:$I,2,0) -> S2_P2_MDI+ | E22: =VLOOKUP(D22,EtchLengthFromLayout!$A:$B,2,0) -> 2539.13 | F22: =CONCATENATE("S",MID($A22,5,1),"_U1_",SUBSTITUTE($C22,"IP","I+") ) -> S2_U1_P2_MDI+ | G22: =VLOOKUP(F22,EtchLengthFromLayout!$A:$B,2,0) -> 487.03 | H22: =E22+G22 -> 3026.16 | I22: =CONCATENATE("S",MID($A22,5,1),"_U2_",SUBSTITUTE($C22,"IP","I+") ) -> S2_U2_P2_MDI+ | J22: =VLOOKUP(I22,EtchLengthFromLayout!$A:$B,2,0) -> 104.67 | K22: =CONCATENATE("S",MID($A22,5,1),"_U3_",SUBSTITUTE($C22,"IP","I+") ) -> S2_U3_P2_MDI+ | L22: =VLOOKUP(K22,EtchLengthFromLayout!$A:$B,2,0) -> 9810.27 | M22: =CONCATENATE("S",MID($A22,5,1),"_U4PILB_",SUBSTITUTE($C22,"IP","I+") ) -> S2_U4PILB_P2_MDI+ | N22: =VLOOKUP(M22,EtchLengthFromLayout!$A:$B,2,0) -> 5849.13 | Q22: =SUBSTITUTE($V22,"_P","_2_P") -> SG2_2_P2_MDI+ | R22: =VLOOKUP(Q22,EtchLengthFromLayout!$A:$B,2,0) -> 4362.52 | S22: =SUBSTITUTE($V22,"_P","_1_P") -> SG2_1_P2_MDI+ | T22: =VLOOKUP(S22,EtchLengthFromLayout!$A:$B,2,0) -> 104.67 | V22: =VLOOKUP(CONCATENATE($Z22,".",$AA22),Netlist_VTable!$H:$I,2,0) -> SG2_P2_MDI+ | W22: =VLOOKUP(V22,EtchLengthFromLayout!$A:$B,2,0) -> 2328.08 | X22: =E22+G22+J22+L22+N22+P22+R22+T22+W22 -> 25585.5 | Y22: =IF(Y21<=5,"OK, Tolerance<= 5 mils", "Fail, Tolerance > 5 mils") -> OK, Tolerance<= 5 mils | Z22: GOLD2 | AA22: =VLOOKUP(AB22,PinNo!$B:$C,2,0) -> 171 | AB22: =C22 -> P2_MDIP
A23: SITE3 | B23: =VLOOKUP(C23,PinNo!$B:$C,2,0) -> 172 | C23: P2_MDIN | D23: =VLOOKUP(CONCATENATE($A23,".",$B23),Netlist_VTable!$H:$I,2,0) -> S3_P2_MDI- | E23: =VLOOKUP(D23,EtchLengthFromLayout!$A:$B,2,0) -> 1739.8 | F23: =CONCATENATE("S",MID($A23,5,1),"_U1_",SUBSTITUTE($C23,"IN","I-") ) -> S3_U1_P2_MDI- | G23: =VLOOKUP(F23,EtchLengthFromLayout!$A:$B,2,0) -> 487.03 | H23: =E23+G23 -> 2226.83 | I23: =CONCATENATE("S",MID($A23,5,1),"_U2_",SUBSTITUTE($C23,"IN","I-") ) -> S3_U2_P2_MDI- | J23: =VLOOKUP(I23,EtchLengthFromLayout!$A:$B,2,0) -> 104.67 | K23: =CONCATENATE("S",MID($A23,5,1),"_U3_",SUBSTITUTE($C23,"IN","I-") ) -> S3_U3_P2_MDI- | L23: =VLOOKUP(K23,EtchLengthFromLayout!$A:$B,2,0) -> 14204.14 | M23: =CONCATENATE("S",MID($A23,5,1),"_U4PILB_",SUBSTITUTE($C23,"IN","I-") ) -> S3_U4PILB_P2_MDI- | N23: =VLOOKUP(M23,EtchLengthFromLayout!$A:$B,2,0) -> 4063.18 | Q23: =SUBSTITUTE($V23,"_P","_2_P") -> SG3_2_P2_MDI- | R23: =VLOOKUP(Q23,EtchLengthFromLayout!$A:$B,2,0) -> 3427.8 | S23: =SUBSTITUTE($V23,"_P","_1_P") -> SG3_1_P2_MDI- | T23: =VLOOKUP(S23,EtchLengthFromLayout!$A:$B,2,0) -> 104.67 | V23: =VLOOKUP(CONCATENATE($Z23,".",$AA23),Netlist_VTable!$H:$I,2,0) -> SG3_P2_MDI- | W23: =VLOOKUP(V23,EtchLengthFromLayout!$A:$B,2,0) -> 1454.2 | X23: =E23+G23+J23+L23+N23+P23+R23+T23+W23 -> 25585.49 | Y23: =ABS(X23-X24) -> 0.06 | Z23: GOLD3 | AA23: =VLOOKUP(AB23,PinNo!$B:$C,2,0) -> 172 | AB23: =C23 -> P2_MDIN
A24: SITE3 | B24: =VLOOKUP(C24,PinNo!$B:$C,2,0) -> 171 | C24: P2_MDIP | D24: =VLOOKUP(CONCATENATE($A24,".",$B24),Netlist_VTable!$H:$I,2,0) -> S3_P2_MDI+ | E24: =VLOOKUP(D24,EtchLengthFromLayout!$A:$B,2,0) -> 1739.83 | F24: =CONCATENATE("S",MID($A24,5,1),"_U1_",SUBSTITUTE($C24,"IP","I+") ) -> S3_U1_P2_MDI+ | G24: =VLOOKUP(F24,EtchLengthFromLayout!$A:$B,2,0) -> 487.03 | H24: =E24+G24 -> 2226.86 | I24: =CONCATENATE("S",MID($A24,5,1),"_U2_",SUBSTITUTE($C24,"IP","I+") ) -> S3_U2_P2_MDI+ | J24: =VLOOKUP(I24,EtchLengthFromLayout!$A:$B,2,0) -> 104.67 | K24: =CONCATENATE("S",MID($A24,5,1),"_U3_",SUBSTITUTE($C24,"IP","I+") ) -> S3_U3_P2_MDI+ | L24: =VLOOKUP(K24,EtchLengthFromLayout!$A:$B,2,0) -> 14204.12 | M24: =CONCATENATE("S",MID($A24,5,1),"_U4PILB_",SUBSTITUTE($C24,"IP","I+") ) -> S3_U4PILB_P2_MDI+ | N24: =VLOOKUP(M24,EtchLengthFromLayout!$A:$B,2,0) -> 4063.18 | Q24: =SUBSTITUTE($V24,"_P","_2_P") -> SG3_2_P2_MDI+ | R24: =VLOOKUP(Q24,EtchLengthFromLayout!$A:$B,2,0) -> 3427.73 | S24: =SUBSTITUTE($V24,"_P","_1_P") -> SG3_1_P2_MDI+ | T24: =VLOOKUP(S24,EtchLengthFromLayout!$A:$B,2,0) -> 104.67 | V24: =VLOOKUP(CONCATENATE($Z24,".",$AA24),Netlist_VTable!$H:$I,2,0) -> SG3_P2_MDI+ | W24: =VLOOKUP(V24,EtchLengthFromLayout!$A:$B,2,0) -> 1454.2 | X24: =E24+G24+J24+L24+N24+P24+R24+T24+W24 -> 25585.43 | Y24: =IF(Y23<=5,"OK, Tolerance<= 5 mils", "Fail, Tolerance > 5 mils") -> OK, Tolerance<= 5 mils | Z24: GOLD3 | AA24: =VLOOKUP(AB24,PinNo!$B:$C,2,0) -> 171 | AB24: =C24 -> P2_MDIP
F25: Max | H25: =MAX(H17:H24) -> 3026.21 | V25: Max | X25: =MAX(X17:X24) -> 25585.61
F26: Min | H26: =MIN(H17:H24) -> 2226.83 | V26: Min | X26: =MIN(X17:X24) -> 25585.42
F27: Max-Min | H27: =ABS(H25-H26) -> 799.38 | V27: Max-Min | X27: =ABS(X25-X26) -> 0.19
A30: Site | B30: Pin No | C30: Pin Name | D30: Net | E30: Length | F30: Net | G30: Length | H30: DUT-> Choke ( E + G ) 此處為最短距離 | I30: Net | J30: Length | K30: Net | L30: Length | M30: Net | N30: Length | O30: Net | P30: Length | Q30: Net | R30: Length | S30: Net | T30: Length | V30: Golden -> Choke Net (此處為最短距離) | W30: Length | X30: Total Length (mils) | Y30: P/N Difference (mils) | Z30: Golden | AA30: Pin No | AB30: Pin Name | AC30: Note
A31: SITE0 | B31: =VLOOKUP(C31,PinNo!$B:$C,2,0) -> 168 | C31: P3_MDIN | D31: =VLOOKUP(CONCATENATE($A31,".",$B31),Netlist_VTable!$H:$I,2,0) -> S0_P3_MDI- | E31: =VLOOKUP(D31,EtchLengthFromLayout!$A:$B,2,0) -> 2588.65 | F31: =CONCATENATE("S",MID($A31,5,1),"_U1_",SUBSTITUTE($C31,"IN","I-") ) -> S0_U1_P3_MDI- | G31: =VLOOKUP(F31,EtchLengthFromLayout!$A:$B,2,0) -> 487.03 | H31: =E31+G31 -> 3075.68 | I31: =CONCATENATE("S",MID($A31,5,1),"_U2_",SUBSTITUTE($C31,"IN","I-") ) -> S0_U2_P3_MDI- | J31: =VLOOKUP(I31,EtchLengthFromLayout!$A:$B,2,0) -> 104.67 | K31: =CONCATENATE("S",MID($A31,5,1),"_U3_",SUBSTITUTE($C31,"IN","I-") ) -> S0_U3_P3_MDI- | L31: =VLOOKUP(K31,EtchLengthFromLayout!$A:$B,2,0) -> 10350.43 | M31: =CONCATENATE("S",MID($A31,5,1),"_U4PILB_",SUBSTITUTE($C31,"IN","I-") ) -> S0_U4PILB_P3_MDI- | N31: =VLOOKUP(M31,EtchLengthFromLayout!$A:$B,2,0) -> 7040.09 | Q31: =SUBSTITUTE($V31,"_P","_2_P") -> SG0_2_P3_MDI- | R31: =VLOOKUP(Q31,EtchLengthFromLayout!$A:$B,2,0) -> 3799.67 | S31: =SUBSTITUTE($V31,"_P","_1_P") -> SG0_1_P3_MDI- | T31: =VLOOKUP(S31,EtchLengthFromLayout!$A:$B,2,0) -> 104.67 | V31: =VLOOKUP(CONCATENATE($Z31,".",$AA31),Netlist_VTable!$H:$I,2,0) -> SG0_P3_MDI- | W31: =VLOOKUP(V31,EtchLengthFromLayout!$A:$B,2,0) -> 1110.21 | X31: =E31+G31+J31+L31+N31+P31+R31+T31+W31 -> 25585.42 | Y31: =ABS(X31-X32) -> 0.1 | Z31: GOLD0 | AA31: =VLOOKUP(AB31,PinNo!$B:$C,2,0) -> 168 | AB31: =C31 -> P3_MDIN | AC31: DUT to Golden Port P3
A32: SITE0 | B32: =VLOOKUP(C32,PinNo!$B:$C,2,0) -> 167 | C32: P3_MDIP | D32: =VLOOKUP(CONCATENATE($A32,".",$B32),Netlist_VTable!$H:$I,2,0) -> S0_P3_MDI+ | E32: =VLOOKUP(D32,EtchLengthFromLayout!$A:$B,2,0) -> 2588.66 | F32: =CONCATENATE("S",MID($A32,5,1),"_U1_",SUBSTITUTE($C32,"IP","I+") ) -> S0_U1_P3_MDI+ | G32: =VLOOKUP(F32,EtchLengthFromLayout!$A:$B,2,0) -> 487.03 | H32: =E32+G32 -> 3075.69 | I32: =CONCATENATE("S",MID($A32,5,1),"_U2_",SUBSTITUTE($C32,"IP","I+") ) -> S0_U2_P3_MDI+ | J32: =VLOOKUP(I32,EtchLengthFromLayout!$A:$B,2,0) -> 104.67 | K32: =CONCATENATE("S",MID($A32,5,1),"_U3_",SUBSTITUTE($C32,"IP","I+") ) -> S0_U3_P3_MDI+ | L32: =VLOOKUP(K32,EtchLengthFromLayout!$A:$B,2,0) -> 10350.52 | M32: =CONCATENATE("S",MID($A32,5,1),"_U4PILB_",SUBSTITUTE($C32,"IP","I+") ) -> S0_U4PILB_P3_MDI+ | N32: =VLOOKUP(M32,EtchLengthFromLayout!$A:$B,2,0) -> 7040.07 | Q32: =SUBSTITUTE($V32,"_P","_2_P") -> SG0_2_P3_MDI+ | R32: =VLOOKUP(Q32,EtchLengthFromLayout!$A:$B,2,0) -> 3799.66 | S32: =SUBSTITUTE($V32,"_P","_1_P") -> SG0_1_P3_MDI+ | T32: =VLOOKUP(S32,EtchLengthFromLayout!$A:$B,2,0) -> 104.67 | V32: =VLOOKUP(CONCATENATE($Z32,".",$AA32),Netlist_VTable!$H:$I,2,0) -> SG0_P3_MDI+ | W32: =VLOOKUP(V32,EtchLengthFromLayout!$A:$B,2,0) -> 1110.24 | X32: =E32+G32+J32+L32+N32+P32+R32+T32+W32 -> 25585.52 | Y32: =IF(Y31<=5,"OK, Tolerance<= 5 mils", "Fail, Tolerance > 5 mils") -> OK, Tolerance<= 5 mils | Z32: GOLD0 | AA32: =VLOOKUP(AB32,PinNo!$B:$C,2,0) -> 167 | AB32: =C32 -> P3_MDIP
A33: SITE1 | B33: =VLOOKUP(C33,PinNo!$B:$C,2,0) -> 168 | C33: P3_MDIN | D33: =VLOOKUP(CONCATENATE($A33,".",$B33),Netlist_VTable!$H:$I,2,0) -> S1_P3_MDI- | E33: =VLOOKUP(D33,EtchLengthFromLayout!$A:$B,2,0) -> 1671.04 | F33: =CONCATENATE("S",MID($A33,5,1),"_U1_",SUBSTITUTE($C33,"IN","I-") ) -> S1_U1_P3_MDI- | G33: =VLOOKUP(F33,EtchLengthFromLayout!$A:$B,2,0) -> 487.03 | H33: =E33+G33 -> 2158.07 | I33: =CONCATENATE("S",MID($A33,5,1),"_U2_",SUBSTITUTE($C33,"IN","I-") ) -> S1_U2_P3_MDI- | J33: =VLOOKUP(I33,EtchLengthFromLayout!$A:$B,2,0) -> 104.67 | K33: =CONCATENATE("S",MID($A33,5,1),"_U3_",SUBSTITUTE($C33,"IN","I-") ) -> S1_U3_P3_MDI- | L33: =VLOOKUP(K33,EtchLengthFromLayout!$A:$B,2,0) -> 14414.03 | M33: =CONCATENATE("S",MID($A33,5,1),"_U4PILB_",SUBSTITUTE($C33,"IN","I-") ) -> S1_U4PILB_P3_MDI- | N33: =VLOOKUP(M33,EtchLengthFromLayout!$A:$B,2,0) -> 1743.8 | Q33: =SUBSTITUTE($V33,"_P","_2_P") -> SG1_2_P3_MDI- | R33: =VLOOKUP(Q33,EtchLengthFromLayout!$A:$B,2,0) -> 4608.36 | S33: =SUBSTITUTE($V33,"_P","_1_P") -> SG1_1_P3_MDI- | T33: =VLOOKUP(S33,EtchLengthFromLayout!$A:$B,2,0) -> 104.67 | V33: =VLOOKUP(CONCATENATE($Z33,".",$AA33),Netlist_VTable!$H:$I,2,0) -> SG1_P3_MDI- | W33: =VLOOKUP(V33,EtchLengthFromLayout!$A:$B,2,0) -> 2451.82 | X33: =E33+G33+J33+L33+N33+P33+R33+T33+W33 -> 25585.42 | Y33: =ABS(X33-X34) -> 0.02 | Z33: GOLD1 | AA33: =VLOOKUP(AB33,PinNo!$B:$C,2,0) -> 168 | AB33: =C33 -> P3_MDIN
A34: SITE1 | B34: =VLOOKUP(C34,PinNo!$B:$C,2,0) -> 167 | C34: P3_MDIP | D34: =VLOOKUP(CONCATENATE($A34,".",$B34),Netlist_VTable!$H:$I,2,0) -> S1_P3_MDI+ | E34: =VLOOKUP(D34,EtchLengthFromLayout!$A:$B,2,0) -> 1671.04 | F34: =CONCATENATE("S",MID($A34,5,1),"_U1_",SUBSTITUTE($C34,"IP","I+") ) -> S1_U1_P3_MDI+ | G34: =VLOOKUP(F34,EtchLengthFromLayout!$A:$B,2,0) -> 487.03 | H34: =E34+G34 -> 2158.07 | I34: =CONCATENATE("S",MID($A34,5,1),"_U2_",SUBSTITUTE($C34,"IP","I+") ) -> S1_U2_P3_MDI+ | J34: =VLOOKUP(I34,EtchLengthFromLayout!$A:$B,2,0) -> 104.67 | K34: =CONCATENATE("S",MID($A34,5,1),"_U3_",SUBSTITUTE($C34,"IP","I+") ) -> S1_U3_P3_MDI+ | L34: =VLOOKUP(K34,EtchLengthFromLayout!$A:$B,2,0) -> 14414.02 | M34: =CONCATENATE("S",MID($A34,5,1),"_U4PILB_",SUBSTITUTE($C34,"IP","I+") ) -> S1_U4PILB_P3_MDI+ | N34: =VLOOKUP(M34,EtchLengthFromLayout!$A:$B,2,0) -> 1743.79 | Q34: =SUBSTITUTE($V34,"_P","_2_P") -> SG1_2_P3_MDI+ | R34: =VLOOKUP(Q34,EtchLengthFromLayout!$A:$B,2,0) -> 4608.38 | S34: =SUBSTITUTE($V34,"_P","_1_P") -> SG1_1_P3_MDI+ | T34: =VLOOKUP(S34,EtchLengthFromLayout!$A:$B,2,0) -> 104.67 | V34: =VLOOKUP(CONCATENATE($Z34,".",$AA34),Netlist_VTable!$H:$I,2,0) -> SG1_P3_MDI+ | W34: =VLOOKUP(V34,EtchLengthFromLayout!$A:$B,2,0) -> 2451.8 | X34: =E34+G34+J34+L34+N34+P34+R34+T34+W34 -> 25585.4 | Y34: =IF(Y33<=5,"OK, Tolerance<= 5 mils", "Fail, Tolerance > 5 mils") -> OK, Tolerance<= 5 mils | Z34: GOLD1 | AA34: =VLOOKUP(AB34,PinNo!$B:$C,2,0) -> 167 | AB34: =C34 -> P3_MDIP
A35: SITE2 | B35: =VLOOKUP(C35,PinNo!$B:$C,2,0) -> 168 | C35: P3_MDIN | D35: =VLOOKUP(CONCATENATE($A35,".",$B35),Netlist_VTable!$H:$I,2,0) -> S2_P3_MDI- | E35: =VLOOKUP(D35,EtchLengthFromLayout!$A:$B,2,0) -> 2593.96 | F35: =CONCATENATE("S",MID($A35,5,1),"_U1_",SUBSTITUTE($C35,"IN","I-") ) -> S2_U1_P3_MDI- | G35: =VLOOKUP(F35,EtchLengthFromLayout!$A:$B,2,0) -> 487.03 | H35: =E35+G35 -> 3080.99 | I35: =CONCATENATE("S",MID($A35,5,1),"_U2_",SUBSTITUTE($C35,"IN","I-") ) -> S2_U2_P3_MDI- | J35: =VLOOKUP(I35,EtchLengthFromLayout!$A:$B,2,0) -> 104.67 | K35: =CONCATENATE("S",MID($A35,5,1),"_U3_",SUBSTITUTE($C35,"IN","I-") ) -> S2_U3_P3_MDI- | L35: =VLOOKUP(K35,EtchLengthFromLayout!$A:$B,2,0) -> 9524.45 | M35: =CONCATENATE("S",MID($A35,5,1),"_U4PILB_",SUBSTITUTE($C35,"IN","I-") ) -> S2_U4PILB_P3_MDI- | N35: =VLOOKUP(M35,EtchLengthFromLayout!$A:$B,2,0) -> 6051.26 | Q35: =SUBSTITUTE($V35,"_P","_2_P") -> SG2_2_P3_MDI- | R35: =VLOOKUP(Q35,EtchLengthFromLayout!$A:$B,2,0) -> 4342.97 | S35: =SUBSTITUTE($V35,"_P","_1_P") -> SG2_1_P3_MDI- | T35: =VLOOKUP(S35,EtchLengthFromLayout!$A:$B,2,0) -> 104.67 | V35: =VLOOKUP(CONCATENATE($Z35,".",$AA35),Netlist_VTable!$H:$I,2,0) -> SG2_P3_MDI- | W35: =VLOOKUP(V35,EtchLengthFromLayout!$A:$B,2,0) -> 2376.57 | X35: =E35+G35+J35+L35+N35+P35+R35+T35+W35 -> 25585.58 | Y35: =ABS(X35-X36) -> 0.03 | Z35: GOLD2 | AA35: =VLOOKUP(AB35,PinNo!$B:$C,2,0) -> 168 | AB35: =C35 -> P3_MDIN
A36: SITE2 | B36: =VLOOKUP(C36,PinNo!$B:$C,2,0) -> 167 | C36: P3_MDIP | D36: =VLOOKUP(CONCATENATE($A36,".",$B36),Netlist_VTable!$H:$I,2,0) -> S2_P3_MDI+ | E36: =VLOOKUP(D36,EtchLengthFromLayout!$A:$B,2,0) -> 2593.96 | F36: =CONCATENATE("S",MID($A36,5,1),"_U1_",SUBSTITUTE($C36,"IP","I+") ) -> S2_U1_P3_MDI+ | G36: =VLOOKUP(F36,EtchLengthFromLayout!$A:$B,2,0) -> 487.03 | H36: =E36+G36 -> 3080.99 | I36: =CONCATENATE("S",MID($A36,5,1),"_U2_",SUBSTITUTE($C36,"IP","I+") ) -> S2_U2_P3_MDI+ | J36: =VLOOKUP(I36,EtchLengthFromLayout!$A:$B,2,0) -> 104.67 | K36: =CONCATENATE("S",MID($A36,5,1),"_U3_",SUBSTITUTE($C36,"IP","I+") ) -> S2_U3_P3_MDI+ | L36: =VLOOKUP(K36,EtchLengthFromLayout!$A:$B,2,0) -> 9524.5 | M36: =CONCATENATE("S",MID($A36,5,1),"_U4PILB_",SUBSTITUTE($C36,"IP","I+") ) -> S2_U4PILB_P3_MDI+ | N36: =VLOOKUP(M36,EtchLengthFromLayout!$A:$B,2,0) -> 6051.24 | Q36: =SUBSTITUTE($V36,"_P","_2_P") -> SG2_2_P3_MDI+ | R36: =VLOOKUP(Q36,EtchLengthFromLayout!$A:$B,2,0) -> 4342.98 | S36: =SUBSTITUTE($V36,"_P","_1_P") -> SG2_1_P3_MDI+ | T36: =VLOOKUP(S36,EtchLengthFromLayout!$A:$B,2,0) -> 104.67 | V36: =VLOOKUP(CONCATENATE($Z36,".",$AA36),Netlist_VTable!$H:$I,2,0) -> SG2_P3_MDI+ | W36: =VLOOKUP(V36,EtchLengthFromLayout!$A:$B,2,0) -> 2376.56 | X36: =E36+G36+J36+L36+N36+P36+R36+T36+W36 -> 25585.61 | Y36: =IF(Y35<=5,"OK, Tolerance<= 5 mils", "Fail, Tolerance > 5 mils") -> OK, Tolerance<= 5 mils | Z36: GOLD2 | AA36: =VLOOKUP(AB36,PinNo!$B:$C,2,0) -> 167 | AB36: =C36 -> P3_MDIP
A37: SITE3 | B37: =VLOOKUP(C37,PinNo!$B:$C,2,0) -> 168 | C37: P3_MDIN | D37: =VLOOKUP(CONCATENATE($A37,".",$B37),Netlist_VTable!$H:$I,2,0) -> S3_P3_MDI- | E37: =VLOOKUP(D37,EtchLengthFromLayout!$A:$B,2,0) -> 1671.04 | F37: =CONCATENATE("S",MID($A37,5,1),"_U1_",SUBSTITUTE($C37,"IN","I-") ) -> S3_U1_P3_MDI- | G37: =VLOOKUP(F37,EtchLengthFromLayout!$A:$B,2,0) -> 487.03 | H37: =E37+G37 -> 2158.07 | I37: =CONCATENATE("S",MID($A37,5,1),"_U2_",SUBSTITUTE($C37,"IN","I-") ) -> S3_U2_P3_MDI- | J37: =VLOOKUP(I37,EtchLengthFromLayout!$A:$B,2,0) -> 104.67 | K37: =CONCATENATE("S",MID($A37,5,1),"_U3_",SUBSTITUTE($C37,"IN","I-") ) -> S3_U3_P3_MDI- | L37: =VLOOKUP(K37,EtchLengthFromLayout!$A:$B,2,0) -> 14275.72 | M37: =CONCATENATE("S",MID($A37,5,1),"_U4PILB_",SUBSTITUTE($C37,"IN","I-") ) -> S3_U4PILB_P3_MDI- | N37: =VLOOKUP(M37,EtchLengthFromLayout!$A:$B,2,0) -> 3885.98 | Q37: =SUBSTITUTE($V37,"_P","_2_P") -> SG3_2_P3_MDI- | R37: =VLOOKUP(Q37,EtchLengthFromLayout!$A:$B,2,0) -> 3651.65 | S37: =SUBSTITUTE($V37,"_P","_1_P") -> SG3_1_P3_MDI- | T37: =VLOOKUP(S37,EtchLengthFromLayout!$A:$B,2,0) -> 104.67 | V37: =VLOOKUP(CONCATENATE($Z37,".",$AA37),Netlist_VTable!$H:$I,2,0) -> SG3_P3_MDI- | W37: =VLOOKUP(V37,EtchLengthFromLayout!$A:$B,2,0) -> 1404.62 | X37: =E37+G37+J37+L37+N37+P37+R37+T37+W37 -> 25585.38 | Y37: =ABS(X37-X38) -> 0.02 | Z37: GOLD3 | AA37: =VLOOKUP(AB37,PinNo!$B:$C,2,0) -> 168 | AB37: =C37 -> P3_MDIN
A38: SITE3 | B38: =VLOOKUP(C38,PinNo!$B:$C,2,0) -> 167 | C38: P3_MDIP | D38: =VLOOKUP(CONCATENATE($A38,".",$B38),Netlist_VTable!$H:$I,2,0) -> S3_P3_MDI+ | E38: =VLOOKUP(D38,EtchLengthFromLayout!$A:$B,2,0) -> 1671.04 | F38: =CONCATENATE("S",MID($A38,5,1),"_U1_",SUBSTITUTE($C38,"IP","I+") ) -> S3_U1_P3_MDI+ | G38: =VLOOKUP(F38,EtchLengthFromLayout!$A:$B,2,0) -> 487.03 | H38: =E38+G38 -> 2158.07 | I38: =CONCATENATE("S",MID($A38,5,1),"_U2_",SUBSTITUTE($C38,"IP","I+") ) -> S3_U2_P3_MDI+ | J38: =VLOOKUP(I38,EtchLengthFromLayout!$A:$B,2,0) -> 104.67 | K38: =CONCATENATE("S",MID($A38,5,1),"_U3_",SUBSTITUTE($C38,"IP","I+") ) -> S3_U3_P3_MDI+ | L38: =VLOOKUP(K38,EtchLengthFromLayout!$A:$B,2,0) -> 14275.73 | M38: =CONCATENATE("S",MID($A38,5,1),"_U4PILB_",SUBSTITUTE($C38,"IP","I+") ) -> S3_U4PILB_P3_MDI+ | N38: =VLOOKUP(M38,EtchLengthFromLayout!$A:$B,2,0) -> 3885.96 | Q38: =SUBSTITUTE($V38,"_P","_2_P") -> SG3_2_P3_MDI+ | R38: =VLOOKUP(Q38,EtchLengthFromLayout!$A:$B,2,0) -> 3651.71 | S38: =SUBSTITUTE($V38,"_P","_1_P") -> SG3_1_P3_MDI+ | T38: =VLOOKUP(S38,EtchLengthFromLayout!$A:$B,2,0) -> 104.67 | V38: =VLOOKUP(CONCATENATE($Z38,".",$AA38),Netlist_VTable!$H:$I,2,0) -> SG3_P3_MDI+ | W38: =VLOOKUP(V38,EtchLengthFromLayout!$A:$B,2,0) -> 1404.59 | X38: =E38+G38+J38+L38+N38+P38+R38+T38+W38 -> 25585.4 | Y38: =IF(Y37<=5,"OK, Tolerance<= 5 mils", "Fail, Tolerance > 5 mils") -> OK, Tolerance<= 5 mils | Z38: GOLD3 | AA38: =VLOOKUP(AB38,PinNo!$B:$C,2,0) -> 167 | AB38: =C38 -> P3_MDIP
F39: Max | H39: =MAX(H31:H38) -> 3080.99 | V39: Max | X39: =MAX(X31:X38) -> 25585.61
F40: Min | H40: =MIN(H31:H38) -> 2158.07 | V40: Min | X40: =MIN(X31:X38) -> 25585.38
F41: Max-Min | H41: =ABS(H39-H40) -> 922.92 | V41: Max-Min | X41: =ABS(X39-X40) -> 0.23
A44: Site | B44: Pin No | C44: Pin Name | D44: Net | E44: Length | F44: Net | G44: Length | H44: DUT-> Choke ( E + G ) 此處為最短距離 | I44: Net | J44: Length | K44: Net | L44: Length | M44: Net | N44: Length | O44: Net | P44: Length | Q44: Net | R44: Length | S44: Net | T44: Length | V44: Golden -> Choke Net (此處為最短距離) | W44: Length | X44: Total Length (mils) | Y44: P/N Difference (mils) | Z44: Golden | AA44: Pin No | AB44: Pin Name | AC44: Note
A45: SITE0 | B45: =VLOOKUP(C45,PinNo!$B:$C,2,0) -> 165 | C45: P4_MDIN | D45: =VLOOKUP(CONCATENATE($A45,".",$B45),Netlist_VTable!$H:$I,2,0) -> S0_P4_MDI- | E45: =VLOOKUP(D45,EtchLengthFromLayout!$A:$B,2,0) -> 2730.04 | F45: =CONCATENATE("S",MID($A45,5,1),"_U1_",SUBSTITUTE($C45,"IN","I-") ) -> S0_U1_P4_MDI- | G45: =VLOOKUP(F45,EtchLengthFromLayout!$A:$B,2,0) -> 487.03 | H45: =E45+G45 -> 3217.07 | I45: =CONCATENATE("S",MID($A45,5,1),"_U2_",SUBSTITUTE($C45,"IN","I-") ) -> S0_U2_P4_MDI- | J45: =VLOOKUP(I45,EtchLengthFromLayout!$A:$B,2,0) -> 104.67 | K45: =CONCATENATE("S",MID($A45,5,1),"_U3_",SUBSTITUTE($C45,"IN","I-") ) -> S0_U3_P4_MDI- | L45: =VLOOKUP(K45,EtchLengthFromLayout!$A:$B,2,0) -> 11098.88 | M45: =CONCATENATE("S",MID($A45,5,1),"_U4PILB_",SUBSTITUTE($C45,"IN","I-") ) -> S0_U4PILB_P4_MDI- | N45: =VLOOKUP(M45,EtchLengthFromLayout!$A:$B,2,0) -> 5878.63 | Q45: =SUBSTITUTE($V45,"_P","_2_P") -> SG0_2_P4_MDI- | R45: =VLOOKUP(Q45,EtchLengthFromLayout!$A:$B,2,0) -> 4072.44 | S45: =SUBSTITUTE($V45,"_P","_1_P") -> SG0_1_P4_MDI- | T45: =VLOOKUP(S45,EtchLengthFromLayout!$A:$B,2,0) -> 104.67 | V45: =VLOOKUP(CONCATENATE($Z45,".",$AA45),Netlist_VTable!$H:$I,2,0) -> SG0_P4_MDI- | W45: =VLOOKUP(V45,EtchLengthFromLayout!$A:$B,2,0) -> 1109.19 | X45: =E45+G45+J45+L45+N45+P45+R45+T45+W45 -> 25585.55 | Y45: =ABS(X45-X46) -> 0.06 | Z45: GOLD0 | AA45: =VLOOKUP(AB45,PinNo!$B:$C,2,0) -> 165 | AB45: =C45 -> P4_MDIN | AC45: DUT to Golden Port P4
A46: SITE0 | B46: =VLOOKUP(C46,PinNo!$B:$C,2,0) -> 164 | C46: P4_MDIP | D46: =VLOOKUP(CONCATENATE($A46,".",$B46),Netlist_VTable!$H:$I,2,0) -> S0_P4_MDI+ | E46: =VLOOKUP(D46,EtchLengthFromLayout!$A:$B,2,0) -> 2730.06 | F46: =CONCATENATE("S",MID($A46,5,1),"_U1_",SUBSTITUTE($C46,"IP","I+") ) -> S0_U1_P4_MDI+ | G46: =VLOOKUP(F46,EtchLengthFromLayout!$A:$B,2,0) -> 487.03 | H46: =E46+G46 -> 3217.09 | I46: =CONCATENATE("S",MID($A46,5,1),"_U2_",SUBSTITUTE($C46,"IP","I+") ) -> S0_U2_P4_MDI+ | J46: =VLOOKUP(I46,EtchLengthFromLayout!$A:$B,2,0) -> 104.67 | K46: =CONCATENATE("S",MID($A46,5,1),"_U3_",SUBSTITUTE($C46,"IP","I+") ) -> S0_U3_P4_MDI+ | L46: =VLOOKUP(K46,EtchLengthFromLayout!$A:$B,2,0) -> 11098.82 | M46: =CONCATENATE("S",MID($A46,5,1),"_U4PILB_",SUBSTITUTE($C46,"IP","I+") ) -> S0_U4PILB_P4_MDI+ | N46: =VLOOKUP(M46,EtchLengthFromLayout!$A:$B,2,0) -> 5878.63 | Q46: =SUBSTITUTE($V46,"_P","_2_P") -> SG0_2_P4_MDI+ | R46: =VLOOKUP(Q46,EtchLengthFromLayout!$A:$B,2,0) -> 4072.4 | S46: =SUBSTITUTE($V46,"_P","_1_P") -> SG0_1_P4_MDI+ | T46: =VLOOKUP(S46,EtchLengthFromLayout!$A:$B,2,0) -> 104.67 | V46: =VLOOKUP(CONCATENATE($Z46,".",$AA46),Netlist_VTable!$H:$I,2,0) -> SG0_P4_MDI+ | W46: =VLOOKUP(V46,EtchLengthFromLayout!$A:$B,2,0) -> 1109.21 | X46: =E46+G46+J46+L46+N46+P46+R46+T46+W46 -> 25585.49 | Y46: =IF(Y45<=5,"OK, Tolerance<= 5 mils", "Fail, Tolerance > 5 mils") -> OK, Tolerance<= 5 mils | Z46: GOLD0 | AA46: =VLOOKUP(AB46,PinNo!$B:$C,2,0) -> 164 | AB46: =C46 -> P4_MDIP
A47: SITE1 | B47: =VLOOKUP(C47,PinNo!$B:$C,2,0) -> 165 | C47: P4_MDIN | D47: =VLOOKUP(CONCATENATE($A47,".",$B47),Netlist_VTable!$H:$I,2,0) -> S1_P4_MDI- | E47: =VLOOKUP(D47,EtchLengthFromLayout!$A:$B,2,0) -> 1713.27 | F47: =CONCATENATE("S",MID($A47,5,1),"_U1_",SUBSTITUTE($C47,"IN","I-") ) -> S1_U1_P4_MDI- | G47: =VLOOKUP(F47,EtchLengthFromLayout!$A:$B,2,0) -> 487.03 | H47: =E47+G47 -> 2200.3 | I47: =CONCATENATE("S",MID($A47,5,1),"_U2_",SUBSTITUTE($C47,"IN","I-") ) -> S1_U2_P4_MDI- | J47: =VLOOKUP(I47,EtchLengthFromLayout!$A:$B,2,0) -> 104.67 | K47: =CONCATENATE("S",MID($A47,5,1),"_U3_",SUBSTITUTE($C47,"IN","I-") ) -> S1_U3_P4_MDI- | L47: =VLOOKUP(K47,EtchLengthFromLayout!$A:$B,2,0) -> 14913.64 | M47: =CONCATENATE("S",MID($A47,5,1),"_U4PILB_",SUBSTITUTE($C47,"IN","I-") ) -> S1_U4PILB_P4_MDI- | N47: =VLOOKUP(M47,EtchLengthFromLayout!$A:$B,2,0) -> 1526.11 | Q47: =SUBSTITUTE($V47,"_P","_2_P") -> SG1_2_P4_MDI- | R47: =VLOOKUP(Q47,EtchLengthFromLayout!$A:$B,2,0) -> 4219.99 | S47: =SUBSTITUTE($V47,"_P","_1_P") -> SG1_1_P4_MDI- | T47: =VLOOKUP(S47,EtchLengthFromLayout!$A:$B,2,0) -> 104.67 | V47: =VLOOKUP(CONCATENATE($Z47,".",$AA47),Netlist_VTable!$H:$I,2,0) -> SG1_P4_MDI- | W47: =VLOOKUP(V47,EtchLengthFromLayout!$A:$B,2,0) -> 2516.16 | X47: =E47+G47+J47+L47+N47+P47+R47+T47+W47 -> 25585.54 | Y47: =ABS(X47-X48) -> 0.08 | Z47: GOLD1 | AA47: =VLOOKUP(AB47,PinNo!$B:$C,2,0) -> 165 | AB47: =C47 -> P4_MDIN
A48: SITE1 | B48: =VLOOKUP(C48,PinNo!$B:$C,2,0) -> 164 | C48: P4_MDIP | D48: =VLOOKUP(CONCATENATE($A48,".",$B48),Netlist_VTable!$H:$I,2,0) -> S1_P4_MDI+ | E48: =VLOOKUP(D48,EtchLengthFromLayout!$A:$B,2,0) -> 1713.21 | F48: =CONCATENATE("S",MID($A48,5,1),"_U1_",SUBSTITUTE($C48,"IP","I+") ) -> S1_U1_P4_MDI+ | G48: =VLOOKUP(F48,EtchLengthFromLayout!$A:$B,2,0) -> 487.03 | H48: =E48+G48 -> 2200.24 | I48: =CONCATENATE("S",MID($A48,5,1),"_U2_",SUBSTITUTE($C48,"IP","I+") ) -> S1_U2_P4_MDI+ | J48: =VLOOKUP(I48,EtchLengthFromLayout!$A:$B,2,0) -> 104.67 | K48: =CONCATENATE("S",MID($A48,5,1),"_U3_",SUBSTITUTE($C48,"IP","I+") ) -> S1_U3_P4_MDI+ | L48: =VLOOKUP(K48,EtchLengthFromLayout!$A:$B,2,0) -> 14913.64 | M48: =CONCATENATE("S",MID($A48,5,1),"_U4PILB_",SUBSTITUTE($C48,"IP","I+") ) -> S1_U4PILB_P4_MDI+ | N48: =VLOOKUP(M48,EtchLengthFromLayout!$A:$B,2,0) -> 1526.11 | Q48: =SUBSTITUTE($V48,"_P","_2_P") -> SG1_2_P4_MDI+ | R48: =VLOOKUP(Q48,EtchLengthFromLayout!$A:$B,2,0) -> 4219.97 | S48: =SUBSTITUTE($V48,"_P","_1_P") -> SG1_1_P4_MDI+ | T48: =VLOOKUP(S48,EtchLengthFromLayout!$A:$B,2,0) -> 104.67 | V48: =VLOOKUP(CONCATENATE($Z48,".",$AA48),Netlist_VTable!$H:$I,2,0) -> SG1_P4_MDI+ | W48: =VLOOKUP(V48,EtchLengthFromLayout!$A:$B,2,0) -> 2516.16 | X48: =E48+G48+J48+L48+N48+P48+R48+T48+W48 -> 25585.46 | Y48: =IF(Y47<=5,"OK, Tolerance<= 5 mils", "Fail, Tolerance > 5 mils") -> OK, Tolerance<= 5 mils | Z48: GOLD1 | AA48: =VLOOKUP(AB48,PinNo!$B:$C,2,0) -> 164 | AB48: =C48 -> P4_MDIP
A49: SITE2 | B49: =VLOOKUP(C49,PinNo!$B:$C,2,0) -> 165 | C49: P4_MDIN | D49: =VLOOKUP(CONCATENATE($A49,".",$B49),Netlist_VTable!$H:$I,2,0) -> S2_P4_MDI- | E49: =VLOOKUP(D49,EtchLengthFromLayout!$A:$B,2,0) -> 2730.07 | F49: =CONCATENATE("S",MID($A49,5,1),"_U1_",SUBSTITUTE($C49,"IN","I-") ) -> S2_U1_P4_MDI- | G49: =VLOOKUP(F49,EtchLengthFromLayout!$A:$B,2,0) -> 487.03 | H49: =E49+G49 -> 3217.1 | I49: =CONCATENATE("S",MID($A49,5,1),"_U2_",SUBSTITUTE($C49,"IN","I-") ) -> S2_U2_P4_MDI- | J49: =VLOOKUP(I49,EtchLengthFromLayout!$A:$B,2,0) -> 104.67 | K49: =CONCATENATE("S",MID($A49,5,1),"_U3_",SUBSTITUTE($C49,"IN","I-") ) -> S2_U3_P4_MDI- | L49: =VLOOKUP(K49,EtchLengthFromLayout!$A:$B,2,0) -> 9248.84 | M49: =CONCATENATE("S",MID($A49,5,1),"_U4PILB_",SUBSTITUTE($C49,"IN","I-") ) -> S2_U4PILB_P4_MDI- | N49: =VLOOKUP(M49,EtchLengthFromLayout!$A:$B,2,0) -> 6435 | Q49: =SUBSTITUTE($V49,"_P","_2_P") -> SG2_2_P4_MDI- | R49: =VLOOKUP(Q49,EtchLengthFromLayout!$A:$B,2,0) -> 4020.21 | S49: =SUBSTITUTE($V49,"_P","_1_P") -> SG2_1_P4_MDI- | T49: =VLOOKUP(S49,EtchLengthFromLayout!$A:$B,2,0) -> 104.67 | V49: =VLOOKUP(CONCATENATE($Z49,".",$AA49),Netlist_VTable!$H:$I,2,0) -> SG2_P4_MDI- | W49: =VLOOKUP(V49,EtchLengthFromLayout!$A:$B,2,0) -> 2455.07 | X49: =E49+G49+J49+L49+N49+P49+R49+T49+W49 -> 25585.56 | Y49: =ABS(X49-X50) -> 0.02 | Z49: GOLD2 | AA49: =VLOOKUP(AB49,PinNo!$B:$C,2,0) -> 165 | AB49: =C49 -> P4_MDIN
A50: SITE2 | B50: =VLOOKUP(C50,PinNo!$B:$C,2,0) -> 164 | C50: P4_MDIP | D50: =VLOOKUP(CONCATENATE($A50,".",$B50),Netlist_VTable!$H:$I,2,0) -> S2_P4_MDI+ | E50: =VLOOKUP(D50,EtchLengthFromLayout!$A:$B,2,0) -> 2730.06 | F50: =CONCATENATE("S",MID($A50,5,1),"_U1_",SUBSTITUTE($C50,"IP","I+") ) -> S2_U1_P4_MDI+ | G50: =VLOOKUP(F50,EtchLengthFromLayout!$A:$B,2,0) -> 487.03 | H50: =E50+G50 -> 3217.09 | I50: =CONCATENATE("S",MID($A50,5,1),"_U2_",SUBSTITUTE($C50,"IP","I+") ) -> S2_U2_P4_MDI+ | J50: =VLOOKUP(I50,EtchLengthFromLayout!$A:$B,2,0) -> 104.67 | K50: =CONCATENATE("S",MID($A50,5,1),"_U3_",SUBSTITUTE($C50,"IP","I+") ) -> S2_U3_P4_MDI+ | L50: =VLOOKUP(K50,EtchLengthFromLayout!$A:$B,2,0) -> 9248.81 | M50: =CONCATENATE("S",MID($A50,5,1),"_U4PILB_",SUBSTITUTE($C50,"IP","I+") ) -> S2_U4PILB_P4_MDI+ | N50: =VLOOKUP(M50,EtchLengthFromLayout!$A:$B,2,0) -> 6435 | Q50: =SUBSTITUTE($V50,"_P","_2_P") -> SG2_2_P4_MDI+ | R50: =VLOOKUP(Q50,EtchLengthFromLayout!$A:$B,2,0) -> 4020.21 | S50: =SUBSTITUTE($V50,"_P","_1_P") -> SG2_1_P4_MDI+ | T50: =VLOOKUP(S50,EtchLengthFromLayout!$A:$B,2,0) -> 104.67 | V50: =VLOOKUP(CONCATENATE($Z50,".",$AA50),Netlist_VTable!$H:$I,2,0) -> SG2_P4_MDI+ | W50: =VLOOKUP(V50,EtchLengthFromLayout!$A:$B,2,0) -> 2455.09 | X50: =E50+G50+J50+L50+N50+P50+R50+T50+W50 -> 25585.54 | Y50: =IF(Y49<=5,"OK, Tolerance<= 5 mils", "Fail, Tolerance > 5 mils") -> OK, Tolerance<= 5 mils | Z50: GOLD2 | AA50: =VLOOKUP(AB50,PinNo!$B:$C,2,0) -> 164 | AB50: =C50 -> P4_MDIP
A51: SITE3 | B51: =VLOOKUP(C51,PinNo!$B:$C,2,0) -> 165 | C51: P4_MDIN | D51: =VLOOKUP(CONCATENATE($A51,".",$B51),Netlist_VTable!$H:$I,2,0) -> S3_P4_MDI- | E51: =VLOOKUP(D51,EtchLengthFromLayout!$A:$B,2,0) -> 1713.27 | F51: =CONCATENATE("S",MID($A51,5,1),"_U1_",SUBSTITUTE($C51,"IN","I-") ) -> S3_U1_P4_MDI- | G51: =VLOOKUP(F51,EtchLengthFromLayout!$A:$B,2,0) -> 487.03 | H51: =E51+G51 -> 2200.3 | I51: =CONCATENATE("S",MID($A51,5,1),"_U2_",SUBSTITUTE($C51,"IN","I-") ) -> S3_U2_P4_MDI- | J51: =VLOOKUP(I51,EtchLengthFromLayout!$A:$B,2,0) -> 104.67 | K51: =CONCATENATE("S",MID($A51,5,1),"_U3_",SUBSTITUTE($C51,"IN","I-") ) -> S3_U3_P4_MDI- | L51: =VLOOKUP(K51,EtchLengthFromLayout!$A:$B,2,0) -> 14433.21 | M51: =CONCATENATE("S",MID($A51,5,1),"_U4PILB_",SUBSTITUTE($C51,"IN","I-") ) -> S3_U4PILB_P4_MDI- | N51: =VLOOKUP(M51,EtchLengthFromLayout!$A:$B,2,0) -> 3436.64 | Q51: =SUBSTITUTE($V51,"_P","_2_P") -> SG3_2_P4_MDI- | R51: =VLOOKUP(Q51,EtchLengthFromLayout!$A:$B,2,0) -> 3910.52 | S51: =SUBSTITUTE($V51,"_P","_1_P") -> SG3_1_P4_MDI- | T51: =VLOOKUP(S51,EtchLengthFromLayout!$A:$B,2,0) -> 104.67 | V51: =VLOOKUP(CONCATENATE($Z51,".",$AA51),Netlist_VTable!$H:$I,2,0) -> SG3_P4_MDI- | W51: =VLOOKUP(V51,EtchLengthFromLayout!$A:$B,2,0) -> 1395.41 | X51: =E51+G51+J51+L51+N51+P51+R51+T51+W51 -> 25585.42 | Y51: =ABS(X51-X52) -> 0.01 | Z51: GOLD3 | AA51: =VLOOKUP(AB51,PinNo!$B:$C,2,0) -> 165 | AB51: =C51 -> P4_MDIN
A52: SITE3 | B52: =VLOOKUP(C52,PinNo!$B:$C,2,0) -> 164 | C52: P4_MDIP | D52: =VLOOKUP(CONCATENATE($A52,".",$B52),Netlist_VTable!$H:$I,2,0) -> S3_P4_MDI+ | E52: =VLOOKUP(D52,EtchLengthFromLayout!$A:$B,2,0) -> 1713.21 | F52: =CONCATENATE("S",MID($A52,5,1),"_U1_",SUBSTITUTE($C52,"IP","I+") ) -> S3_U1_P4_MDI+ | G52: =VLOOKUP(F52,EtchLengthFromLayout!$A:$B,2,0) -> 487.03 | H52: =E52+G52 -> 2200.24 | I52: =CONCATENATE("S",MID($A52,5,1),"_U2_",SUBSTITUTE($C52,"IP","I+") ) -> S3_U2_P4_MDI+ | J52: =VLOOKUP(I52,EtchLengthFromLayout!$A:$B,2,0) -> 104.67 | K52: =CONCATENATE("S",MID($A52,5,1),"_U3_",SUBSTITUTE($C52,"IP","I+") ) -> S3_U3_P4_MDI+ | L52: =VLOOKUP(K52,EtchLengthFromLayout!$A:$B,2,0) -> 14433.21 | M52: =CONCATENATE("S",MID($A52,5,1),"_U4PILB_",SUBSTITUTE($C52,"IP","I+") ) -> S3_U4PILB_P4_MDI+ | N52: =VLOOKUP(M52,EtchLengthFromLayout!$A:$B,2,0) -> 3436.64 | Q52: =SUBSTITUTE($V52,"_P","_2_P") -> SG3_2_P4_MDI+ | R52: =VLOOKUP(Q52,EtchLengthFromLayout!$A:$B,2,0) -> 3910.59 | S52: =SUBSTITUTE($V52,"_P","_1_P") -> SG3_1_P4_MDI+ | T52: =VLOOKUP(S52,EtchLengthFromLayout!$A:$B,2,0) -> 104.67 | V52: =VLOOKUP(CONCATENATE($Z52,".",$AA52),Netlist_VTable!$H:$I,2,0) -> SG3_P4_MDI+ | W52: =VLOOKUP(V52,EtchLengthFromLayout!$A:$B,2,0) -> 1395.41 | X52: =E52+G52+J52+L52+N52+P52+R52+T52+W52 -> 25585.43 | Y52: =IF(Y51<=5,"OK, Tolerance<= 5 mils", "Fail, Tolerance > 5 mils") -> OK, Tolerance<= 5 mils | Z52: GOLD3 | AA52: =VLOOKUP(AB52,PinNo!$B:$C,2,0) -> 164 | AB52: =C52 -> P4_MDIP
F53: Max | H53: =MAX(H45:H52) -> 3217.1 | V53: Max | X53: =MAX(X45:X52) -> 25585.56
F54: Min | H54: =MIN(H45:H52) -> 2200.24 | V54: Min | X54: =MIN(X45:X52) -> 25585.42
F55: Max-Min | H55: =ABS(H53-H54) -> 1016.86 | V55: Max-Min | X55: =ABS(X53-X54) -> 0.14
V59: All Port
V60: Max | X60: =MAX(X11,X25,X39,X53) -> 25585.61
V61: Min | X61: =MIN(X12,X26,X40,X54) -> 25585.38
V62: Max-Min | X62: =ABS(X60-X61) -> 0.23
V63: Tolerence Check | X63: =IF(X62<=1000,"OK, Tolerance<= 1000 mils", "Fail, Tolerance > 1000 mils") -> OK, Tolerance<= 1000 mils
A68: DUT Port [ 1 : 4 ] to MQS Plus Golden to MQS | I68: All Site All Port 等長 誤差 1000 mils | M68: 等長調此線段 | O68: 等長調此線段
A69: Site | B69: Pin No | C69: Pin Name | D69: Net | E69: Length | F69: Net | G69: Length | H69: DUT-> Choke ( E + G ) 此處為最短距離 | I69: Net | J69: Length | K69: Net | L69: Length | M69: Net | N69: Length | O69: Net | P69: Length | Q69: Net | R69: Length | S69: Net | T69: Length | V69: Golden -> Choke Net (此處為最短距離) | W69: Length | X69: Total Length (mils) | Y69: P/N Difference (mils) | Z69: Golden | AA69: Pin No | AB69: Pin Name | AC69: Note
A70: SITE0 | B70: =VLOOKUP(C70,PinNo!$B:$C,2,0) -> 175 | C70: P1_MDIN | D70: =VLOOKUP(CONCATENATE($A70,".",$B70),Netlist_VTable!$H:$I,2,0) -> S0_P1_MDI- | E70: =VLOOKUP(D70,EtchLengthFromLayout!$A:$B,2,0) -> 2372.75 | F70: =CONCATENATE("S",MID($A70,5,1),"_U1_",SUBSTITUTE($C70,"IN","I-") ) -> S0_U1_P1_MDI- | G70: =VLOOKUP(F70,EtchLengthFromLayout!$A:$B,2,0) -> 487.03 | H70: =E70+G70 -> 2859.78 | I70: =CONCATENATE("S",MID($A70,5,1),"_U2_",SUBSTITUTE($C70,"IN","I-") ) -> S0_U2_P1_MDI- | J70: =VLOOKUP(I70,EtchLengthFromLayout!$A:$B,2,0) -> 104.67 | K70: =CONCATENATE("S",MID($A70,5,1),"_U3_",SUBSTITUTE($C70,"IN","I-") ) -> S0_U3_P1_MDI- | L70: =VLOOKUP(K70,EtchLengthFromLayout!$A:$B,2,0) -> 9372.74 | M70: =CONCATENATE("S",MID($A70,5,1),"_U4PI_",SUBSTITUTE($C70,"IN","I-") ) -> S0_U4PI_P1_MDI- | N70: =VLOOKUP(M70,EtchLengthFromLayout!$A:$B,2,0) -> 6003.11 | O70: =SUBSTITUTE($V70,"_P","_3PI_P") -> SG0_3PI_P1_MDI- | P70: =VLOOKUP(O70,EtchLengthFromLayout!$A:$B,2,0) -> 4436.8 | Q70: =SUBSTITUTE($V70,"_P","_2_P") -> SG0_2_P1_MDI- | R70: =VLOOKUP(Q70,EtchLengthFromLayout!$A:$B,2,0) -> 3375.36 | S70: =SUBSTITUTE($V70,"_P","_1_P") -> SG0_1_P1_MDI- | T70: =VLOOKUP(S70,EtchLengthFromLayout!$A:$B,2,0) -> 104.67 | V70: =VLOOKUP(CONCATENATE($Z70,".",$AA70),Netlist_VTable!$H:$I,2,0) -> SG0_P1_MDI- | W70: =VLOOKUP(V70,EtchLengthFromLayout!$A:$B,2,0) -> 1215.88 | X70: =E70+G70+J70+L70+N70+P70+R70+T70+W70 -> 27473.01 | Y70: =ABS(X70-X71) -> 0 | Z70: GOLD0 | AA70: =VLOOKUP(AB70,PinNo!$B:$C,2,0) -> 175 | AB70: =C70 -> P1_MDIN | AC70: DUT To MQS Plus Golden to MQS Port P1
A71: SITE0 | B71: =VLOOKUP(C71,PinNo!$B:$C,2,0) -> 174 | C71: P1_MDIP | D71: =VLOOKUP(CONCATENATE($A71,".",$B71),Netlist_VTable!$H:$I,2,0) -> S0_P1_MDI+ | E71: =VLOOKUP(D71,EtchLengthFromLayout!$A:$B,2,0) -> 2372.77 | F71: =CONCATENATE("S",MID($A71,5,1),"_U1_",SUBSTITUTE($C71,"IP","I+") ) -> S0_U1_P1_MDI+ | G71: =VLOOKUP(F71,EtchLengthFromLayout!$A:$B,2,0) -> 487.03 | H71: =E71+G71 -> 2859.8 | I71: =CONCATENATE("S",MID($A71,5,1),"_U2_",SUBSTITUTE($C71,"IP","I+") ) -> S0_U2_P1_MDI+ | J71: =VLOOKUP(I71,EtchLengthFromLayout!$A:$B,2,0) -> 104.67 | K71: =CONCATENATE("S",MID($A71,5,1),"_U3_",SUBSTITUTE($C71,"IP","I+") ) -> S0_U3_P1_MDI+ | L71: =VLOOKUP(K71,EtchLengthFromLayout!$A:$B,2,0) -> 9372.74 | M71: =CONCATENATE("S",MID($A71,5,1),"_U4PI_",SUBSTITUTE($C71,"IP","I+") ) -> S0_U4PI_P1_MDI+ | N71: =VLOOKUP(M71,EtchLengthFromLayout!$A:$B,2,0) -> 6003.06 | O71: =SUBSTITUTE($V71,"_P","_3PI_P") -> SG0_3PI_P1_MDI+ | P71: =VLOOKUP(O71,EtchLengthFromLayout!$A:$B,2,0) -> 4436.79 | Q71: =SUBSTITUTE($V71,"_P","_2_P") -> SG0_2_P1_MDI+ | R71: =VLOOKUP(Q71,EtchLengthFromLayout!$A:$B,2,0) -> 3375.37 | S71: =SUBSTITUTE($V71,"_P","_1_P") -> SG0_1_P1_MDI+ | T71: =VLOOKUP(S71,EtchLengthFromLayout!$A:$B,2,0) -> 104.67 | V71: =VLOOKUP(CONCATENATE($Z71,".",$AA71),Netlist_VTable!$H:$I,2,0) -> SG0_P1_MDI+ | W71: =VLOOKUP(V71,EtchLengthFromLayout!$A:$B,2,0) -> 1215.91 | X71: =E71+G71+J71+L71+N71+P71+R71+T71+W71 -> 27473.01 | Y71: =IF(Y70<=5,"OK, Tolerance<= 5 mils", "Fail, Tolerance > 5 mils") -> OK, Tolerance<= 5 mils | Z71: GOLD0 | AA71: =VLOOKUP(AB71,PinNo!$B:$C,2,0) -> 174 | AB71: =C71 -> P1_MDIP
A72: SITE1 | B72: =VLOOKUP(C72,PinNo!$B:$C,2,0) -> 175 | C72: P1_MDIN | D72: =VLOOKUP(CONCATENATE($A72,".",$B72),Netlist_VTable!$H:$I,2,0) -> S1_P1_MDI- | E72: =VLOOKUP(D72,EtchLengthFromLayout!$A:$B,2,0) -> 1569.13 | F72: =CONCATENATE("S",MID($A72,5,1),"_U1_",SUBSTITUTE($C72,"IN","I-") ) -> S1_U1_P1_MDI- | G72: =VLOOKUP(F72,EtchLengthFromLayout!$A:$B,2,0) -> 487.03 | H72: =E72+G72 -> 2056.16 | I72: =CONCATENATE("S",MID($A72,5,1),"_U2_",SUBSTITUTE($C72,"IN","I-") ) -> S1_U2_P1_MDI- | J72: =VLOOKUP(I72,EtchLengthFromLayout!$A:$B,2,0) -> 104.67 | K72: =CONCATENATE("S",MID($A72,5,1),"_U3_",SUBSTITUTE($C72,"IN","I-") ) -> S1_U3_P1_MDI- | L72: =VLOOKUP(K72,EtchLengthFromLayout!$A:$B,2,0) -> 14139.99 | M72: =CONCATENATE("S",MID($A72,5,1),"_U4PI_",SUBSTITUTE($C72,"IN","I-") ) -> S1_U4PI_P1_MDI- | N72: =VLOOKUP(M72,EtchLengthFromLayout!$A:$B,2,0) -> 2037.41 | O72: =SUBSTITUTE($V72,"_P","_3PI_P") -> SG1_3PI_P1_MDI- | P72: =VLOOKUP(O72,EtchLengthFromLayout!$A:$B,2,0) -> 1448.92 | Q72: =SUBSTITUTE($V72,"_P","_2_P") -> SG1_2_P1_MDI- | R72: =VLOOKUP(Q72,EtchLengthFromLayout!$A:$B,2,0) -> 5161.89 | S72: =SUBSTITUTE($V72,"_P","_1_P") -> SG1_1_P1_MDI- | T72: =VLOOKUP(S72,EtchLengthFromLayout!$A:$B,2,0) -> 104.67 | V72: =VLOOKUP(CONCATENATE($Z72,".",$AA72),Netlist_VTable!$H:$I,2,0) -> SG1_P1_MDI- | W72: =VLOOKUP(V72,EtchLengthFromLayout!$A:$B,2,0) -> 2476.73 | X72: =E72+G72+J72+L72+N72+P72+R72+T72+W72 -> 27530.44 | Y72: =ABS(X72-X73) -> 0.15 | Z72: GOLD1 | AA72: =VLOOKUP(AB72,PinNo!$B:$C,2,0) -> 175 | AB72: =C72 -> P1_MDIN
A73: SITE1 | B73: =VLOOKUP(C73,PinNo!$B:$C,2,0) -> 174 | C73: P1_MDIP | D73: =VLOOKUP(CONCATENATE($A73,".",$B73),Netlist_VTable!$H:$I,2,0) -> S1_P1_MDI+ | E73: =VLOOKUP(D73,EtchLengthFromLayout!$A:$B,2,0) -> 1569.16 | F73: =CONCATENATE("S",MID($A73,5,1),"_U1_",SUBSTITUTE($C73,"IP","I+") ) -> S1_U1_P1_MDI+ | G73: =VLOOKUP(F73,EtchLengthFromLayout!$A:$B,2,0) -> 487.03 | H73: =E73+G73 -> 2056.19 | I73: =CONCATENATE("S",MID($A73,5,1),"_U2_",SUBSTITUTE($C73,"IP","I+") ) -> S1_U2_P1_MDI+ | J73: =VLOOKUP(I73,EtchLengthFromLayout!$A:$B,2,0) -> 104.67 | K73: =CONCATENATE("S",MID($A73,5,1),"_U3_",SUBSTITUTE($C73,"IP","I+") ) -> S1_U3_P1_MDI+ | L73: =VLOOKUP(K73,EtchLengthFromLayout!$A:$B,2,0) -> 14139.95 | M73: =CONCATENATE("S",MID($A73,5,1),"_U4PI_",SUBSTITUTE($C73,"IP","I+") ) -> S1_U4PI_P1_MDI+ | N73: =VLOOKUP(M73,EtchLengthFromLayout!$A:$B,2,0) -> 2037.36 | O73: =SUBSTITUTE($V73,"_P","_3PI_P") -> SG1_3PI_P1_MDI+ | P73: =VLOOKUP(O73,EtchLengthFromLayout!$A:$B,2,0) -> 1448.9 | Q73: =SUBSTITUTE($V73,"_P","_2_P") -> SG1_2_P1_MDI+ | R73: =VLOOKUP(Q73,EtchLengthFromLayout!$A:$B,2,0) -> 5161.88 | S73: =SUBSTITUTE($V73,"_P","_1_P") -> SG1_1_P1_MDI+ | T73: =VLOOKUP(S73,EtchLengthFromLayout!$A:$B,2,0) -> 104.67 | V73: =VLOOKUP(CONCATENATE($Z73,".",$AA73),Netlist_VTable!$H:$I,2,0) -> SG1_P1_MDI+ | W73: =VLOOKUP(V73,EtchLengthFromLayout!$A:$B,2,0) -> 2476.67 | X73: =E73+G73+J73+L73+N73+P73+R73+T73+W73 -> 27530.29 | Y73: =IF(Y72<=5,"OK, Tolerance<= 5 mils", "Fail, Tolerance > 5 mils") -> OK, Tolerance<= 5 mils | Z73: GOLD1 | AA73: =VLOOKUP(AB73,PinNo!$B:$C,2,0) -> 174 | AB73: =C73 -> P1_MDIP
A74: SITE2 | B74: =VLOOKUP(C74,PinNo!$B:$C,2,0) -> 175 | C74: P1_MDIN | D74: =VLOOKUP(CONCATENATE($A74,".",$B74),Netlist_VTable!$H:$I,2,0) -> S2_P1_MDI- | E74: =VLOOKUP(D74,EtchLengthFromLayout!$A:$B,2,0) -> 2375.98 | F74: =CONCATENATE("S",MID($A74,5,1),"_U1_",SUBSTITUTE($C74,"IN","I-") ) -> S2_U1_P1_MDI- | G74: =VLOOKUP(F74,EtchLengthFromLayout!$A:$B,2,0) -> 487.03 | H74: =E74+G74 -> 2863.01 | I74: =CONCATENATE("S",MID($A74,5,1),"_U2_",SUBSTITUTE($C74,"IN","I-") ) -> S2_U2_P1_MDI- | J74: =VLOOKUP(I74,EtchLengthFromLayout!$A:$B,2,0) -> 104.67 | K74: =CONCATENATE("S",MID($A74,5,1),"_U3_",SUBSTITUTE($C74,"IN","I-") ) -> S2_U3_P1_MDI- | L74: =VLOOKUP(K74,EtchLengthFromLayout!$A:$B,2,0) -> 10379.47 | M74: =CONCATENATE("S",MID($A74,5,1),"_U4PI_",SUBSTITUTE($C74,"IN","I-") ) -> S2_U4PI_P1_MDI- | N74: =VLOOKUP(M74,EtchLengthFromLayout!$A:$B,2,0) -> 5130.46 | O74: =SUBSTITUTE($V74,"_P","_3PI_P") -> SG2_3PI_P1_MDI- | P74: =VLOOKUP(O74,EtchLengthFromLayout!$A:$B,2,0) -> 1929.05 | Q74: =SUBSTITUTE($V74,"_P","_2_P") -> SG2_2_P1_MDI- | R74: =VLOOKUP(Q74,EtchLengthFromLayout!$A:$B,2,0) -> 4884.37 | S74: =SUBSTITUTE($V74,"_P","_1_P") -> SG2_1_P1_MDI- | T74: =VLOOKUP(S74,EtchLengthFromLayout!$A:$B,2,0) -> 104.67 | V74: =VLOOKUP(CONCATENATE($Z74,".",$AA74),Netlist_VTable!$H:$I,2,0) -> SG2_P1_MDI- | W74: =VLOOKUP(V74,EtchLengthFromLayout!$A:$B,2,0) -> 2319.5 | X74: =E74+G74+J74+L74+N74+P74+R74+T74+W74 -> 27715.2 | Y74: =ABS(X74-X75) -> 0.17 | Z74: GOLD2 | AA74: =VLOOKUP(AB74,PinNo!$B:$C,2,0) -> 175 | AB74: =C74 -> P1_MDIN
A75: SITE2 | B75: =VLOOKUP(C75,PinNo!$B:$C,2,0) -> 174 | C75: P1_MDIP | D75: =VLOOKUP(CONCATENATE($A75,".",$B75),Netlist_VTable!$H:$I,2,0) -> S2_P1_MDI+ | E75: =VLOOKUP(D75,EtchLengthFromLayout!$A:$B,2,0) -> 2375.95 | F75: =CONCATENATE("S",MID($A75,5,1),"_U1_",SUBSTITUTE($C75,"IP","I+") ) -> S2_U1_P1_MDI+ | G75: =VLOOKUP(F75,EtchLengthFromLayout!$A:$B,2,0) -> 487.03 | H75: =E75+G75 -> 2862.98 | I75: =CONCATENATE("S",MID($A75,5,1),"_U2_",SUBSTITUTE($C75,"IP","I+") ) -> S2_U2_P1_MDI+ | J75: =VLOOKUP(I75,EtchLengthFromLayout!$A:$B,2,0) -> 104.67 | K75: =CONCATENATE("S",MID($A75,5,1),"_U3_",SUBSTITUTE($C75,"IP","I+") ) -> S2_U3_P1_MDI+ | L75: =VLOOKUP(K75,EtchLengthFromLayout!$A:$B,2,0) -> 10379.4 | M75: =CONCATENATE("S",MID($A75,5,1),"_U4PI_",SUBSTITUTE($C75,"IP","I+") ) -> S2_U4PI_P1_MDI+ | N75: =VLOOKUP(M75,EtchLengthFromLayout!$A:$B,2,0) -> 5130.4 | O75: =SUBSTITUTE($V75,"_P","_3PI_P") -> SG2_3PI_P1_MDI+ | P75: =VLOOKUP(O75,EtchLengthFromLayout!$A:$B,2,0) -> 1929.04 | Q75: =SUBSTITUTE($V75,"_P","_2_P") -> SG2_2_P1_MDI+ | R75: =VLOOKUP(Q75,EtchLengthFromLayout!$A:$B,2,0) -> 4884.36 | S75: =SUBSTITUTE($V75,"_P","_1_P") -> SG2_1_P1_MDI+ | T75: =VLOOKUP(S75,EtchLengthFromLayout!$A:$B,2,0) -> 104.67 | V75: =VLOOKUP(CONCATENATE($Z75,".",$AA75),Netlist_VTable!$H:$I,2,0) -> SG2_P1_MDI+ | W75: =VLOOKUP(V75,EtchLengthFromLayout!$A:$B,2,0) -> 2319.51 | X75: =E75+G75+J75+L75+N75+P75+R75+T75+W75 -> 27715.03 | Y75: =IF(Y74<=5,"OK, Tolerance<= 5 mils", "Fail, Tolerance > 5 mils") -> OK, Tolerance<= 5 mils | Z75: GOLD2 | AA75: =VLOOKUP(AB75,PinNo!$B:$C,2,0) -> 174 | AB75: =C75 -> P1_MDIP
A76: SITE3 | B76: =VLOOKUP(C76,PinNo!$B:$C,2,0) -> 175 | C76: P1_MDIN | D76: =VLOOKUP(CONCATENATE($A76,".",$B76),Netlist_VTable!$H:$I,2,0) -> S3_P1_MDI- | E76: =VLOOKUP(D76,EtchLengthFromLayout!$A:$B,2,0) -> 1569.13 | F76: =CONCATENATE("S",MID($A76,5,1),"_U1_",SUBSTITUTE($C76,"IN","I-") ) -> S3_U1_P1_MDI- | G76: =VLOOKUP(F76,EtchLengthFromLayout!$A:$B,2,0) -> 487.03 | H76: =E76+G76 -> 2056.16 | I76: =CONCATENATE("S",MID($A76,5,1),"_U2_",SUBSTITUTE($C76,"IN","I-") ) -> S3_U2_P1_MDI- | J76: =VLOOKUP(I76,EtchLengthFromLayout!$A:$B,2,0) -> 104.67 | K76: =CONCATENATE("S",MID($A76,5,1),"_U3_",SUBSTITUTE($C76,"IN","I-") ) -> S3_U3_P1_MDI- | L76: =VLOOKUP(K76,EtchLengthFromLayout!$A:$B,2,0) -> 14542.03 | M76: =CONCATENATE("S",MID($A76,5,1),"_U4PI_",SUBSTITUTE($C76,"IN","I-") ) -> S3_U4PI_P1_MDI- | N76: =VLOOKUP(M76,EtchLengthFromLayout!$A:$B,2,0) -> 1635.35 | O76: =SUBSTITUTE($V76,"_P","_3PI_P") -> SG3_3PI_P1_MDI- | P76: =VLOOKUP(O76,EtchLengthFromLayout!$A:$B,2,0) -> 4227.99 | Q76: =SUBSTITUTE($V76,"_P","_2_P") -> SG3_2_P1_MDI- | R76: =VLOOKUP(Q76,EtchLengthFromLayout!$A:$B,2,0) -> 3226.2 | S76: =SUBSTITUTE($V76,"_P","_1_P") -> SG3_1_P1_MDI- | T76: =VLOOKUP(S76,EtchLengthFromLayout!$A:$B,2,0) -> 104.67 | V76: =VLOOKUP(CONCATENATE($Z76,".",$AA76),Netlist_VTable!$H:$I,2,0) -> SG3_P1_MDI- | W76: =VLOOKUP(V76,EtchLengthFromLayout!$A:$B,2,0) -> 1510.29 | X76: =E76+G76+J76+L76+N76+P76+R76+T76+W76 -> 27407.36 | Y76: =ABS(X76-X77) -> 0.04 | Z76: GOLD3 | AA76: =VLOOKUP(AB76,PinNo!$B:$C,2,0) -> 175 | AB76: =C76 -> P1_MDIN
A77: SITE3 | B77: =VLOOKUP(C77,PinNo!$B:$C,2,0) -> 174 | C77: P1_MDIP | D77: =VLOOKUP(CONCATENATE($A77,".",$B77),Netlist_VTable!$H:$I,2,0) -> S3_P1_MDI+ | E77: =VLOOKUP(D77,EtchLengthFromLayout!$A:$B,2,0) -> 1569.16 | F77: =CONCATENATE("S",MID($A77,5,1),"_U1_",SUBSTITUTE($C77,"IP","I+") ) -> S3_U1_P1_MDI+ | G77: =VLOOKUP(F77,EtchLengthFromLayout!$A:$B,2,0) -> 487.03 | H77: =E77+G77 -> 2056.19 | I77: =CONCATENATE("S",MID($A77,5,1),"_U2_",SUBSTITUTE($C77,"IP","I+") ) -> S3_U2_P1_MDI+ | J77: =VLOOKUP(I77,EtchLengthFromLayout!$A:$B,2,0) -> 104.67 | K77: =CONCATENATE("S",MID($A77,5,1),"_U3_",SUBSTITUTE($C77,"IP","I+") ) -> S3_U3_P1_MDI+ | L77: =VLOOKUP(K77,EtchLengthFromLayout!$A:$B,2,0) -> 14542.05 | M77: =CONCATENATE("S",MID($A77,5,1),"_U4PI_",SUBSTITUTE($C77,"IP","I+") ) -> S3_U4PI_P1_MDI+ | N77: =VLOOKUP(M77,EtchLengthFromLayout!$A:$B,2,0) -> 1635.3 | O77: =SUBSTITUTE($V77,"_P","_3PI_P") -> SG3_3PI_P1_MDI+ | P77: =VLOOKUP(O77,EtchLengthFromLayout!$A:$B,2,0) -> 4227.97 | Q77: =SUBSTITUTE($V77,"_P","_2_P") -> SG3_2_P1_MDI+ | R77: =VLOOKUP(Q77,EtchLengthFromLayout!$A:$B,2,0) -> 3226.24 | S77: =SUBSTITUTE($V77,"_P","_1_P") -> SG3_1_P1_MDI+ | T77: =VLOOKUP(S77,EtchLengthFromLayout!$A:$B,2,0) -> 104.67 | V77: =VLOOKUP(CONCATENATE($Z77,".",$AA77),Netlist_VTable!$H:$I,2,0) -> SG3_P1_MDI+ | W77: =VLOOKUP(V77,EtchLengthFromLayout!$A:$B,2,0) -> 1510.31 | X77: =E77+G77+J77+L77+N77+P77+R77+T77+W77 -> 27407.4 | Y77: =IF(Y76<=5,"OK, Tolerance<= 5 mils", "Fail, Tolerance > 5 mils") -> OK, Tolerance<= 5 mils | Z77: GOLD3 | AA77: =VLOOKUP(AB77,PinNo!$B:$C,2,0) -> 174 | AB77: =C77 -> P1_MDIP
F78: Max | H78: =MAX(H70:H77) -> 2863.01 | V78: Max | X78: =MAX(X70:X77) -> 27715.2
F79: Min | H79: =MIN(H70:H77) -> 2056.16 | V79: Min | X79: =MIN(X70:X77) -> 27407.36
F80: Max-Min | H80: =ABS(H78-H79) -> 806.85 | V80: Max-Min | X80: =ABS(X78-X79) -> 307.84
A83: Site | B83: Pin No | C83: Pin Name | D83: Net | E83: Length | F83: Net | G83: Length | H83: DUT-> Choke ( E + G ) 此處為最短距離 | I83: Net | J83: Length | K83: Net | L83: Length | M83: Net | N83: Length | O83: Net | P83: Length | Q83: Net | R83: Length | S83: Net | T83: Length | V83: Golden -> Choke Net (此處為最短距離) | W83: Length | X83: Total Length (mils) | Y83: P/N Difference (mils) | Z83: Golden | AA83: Pin No | AB83: Pin Name | AC83: Note
A84: SITE0 | B84: =VLOOKUP(C84,PinNo!$B:$C,2,0) -> 172 | C84: P2_MDIN | D84: =VLOOKUP(CONCATENATE($A84,".",$B84),Netlist_VTable!$H:$I,2,0) -> S0_P2_MDI- | E84: =VLOOKUP(D84,EtchLengthFromLayout!$A:$B,2,0) -> 2539.18 | F84: =CONCATENATE("S",MID($A84,5,1),"_U1_",SUBSTITUTE($C84,"IN","I-") ) -> S0_U1_P2_MDI- | G84: =VLOOKUP(F84,EtchLengthFromLayout!$A:$B,2,0) -> 487.03 | H84: =E84+G84 -> 3026.21 | I84: =CONCATENATE("S",MID($A84,5,1),"_U2_",SUBSTITUTE($C84,"IN","I-") ) -> S0_U2_P2_MDI- | J84: =VLOOKUP(I84,EtchLengthFromLayout!$A:$B,2,0) -> 104.67 | K84: =CONCATENATE("S",MID($A84,5,1),"_U3_",SUBSTITUTE($C84,"IN","I-") ) -> S0_U3_P2_MDI- | L84: =VLOOKUP(K84,EtchLengthFromLayout!$A:$B,2,0) -> 9673.1 | M84: =CONCATENATE("S",MID($A84,5,1),"_U4PI_",SUBSTITUTE($C84,"IN","I-") ) -> S0_U4PI_P2_MDI- | N84: =VLOOKUP(M84,EtchLengthFromLayout!$A:$B,2,0) -> 5534.32 | O84: =SUBSTITUTE($V84,"_P","_3PI_P") -> SG0_3PI_P2_MDI- | P84: =VLOOKUP(O84,EtchLengthFromLayout!$A:$B,2,0) -> 4270.08 | Q84: =SUBSTITUTE($V84,"_P","_2_P") -> SG0_2_P2_MDI- | R84: =VLOOKUP(Q84,EtchLengthFromLayout!$A:$B,2,0) -> 3571.19 | S84: =SUBSTITUTE($V84,"_P","_1_P") -> SG0_1_P2_MDI- | T84: =VLOOKUP(S84,EtchLengthFromLayout!$A:$B,2,0) -> 104.67 | V84: =VLOOKUP(CONCATENATE($Z84,".",$AA84),Netlist_VTable!$H:$I,2,0) -> SG0_P2_MDI- | W84: =VLOOKUP(V84,EtchLengthFromLayout!$A:$B,2,0) -> 1186.77 | X84: =E84+G84+J84+L84+N84+P84+R84+T84+W84 -> 27471.01 | Y84: =ABS(X84-X85) -> 0.03 | Z84: GOLD0 | AA84: =VLOOKUP(AB84,PinNo!$B:$C,2,0) -> 172 | AB84: =C84 -> P2_MDIN | AC84: DUT To MQS Plus Golden to MQS Port P2
A85: SITE0 | B85: =VLOOKUP(C85,PinNo!$B:$C,2,0) -> 171 | C85: P2_MDIP | D85: =VLOOKUP(CONCATENATE($A85,".",$B85),Netlist_VTable!$H:$I,2,0) -> S0_P2_MDI+ | E85: =VLOOKUP(D85,EtchLengthFromLayout!$A:$B,2,0) -> 2539.13 | F85: =CONCATENATE("S",MID($A85,5,1),"_U1_",SUBSTITUTE($C85,"IP","I+") ) -> S0_U1_P2_MDI+ | G85: =VLOOKUP(F85,EtchLengthFromLayout!$A:$B,2,0) -> 487.03 | H85: =E85+G85 -> 3026.16 | I85: =CONCATENATE("S",MID($A85,5,1),"_U2_",SUBSTITUTE($C85,"IP","I+") ) -> S0_U2_P2_MDI+ | J85: =VLOOKUP(I85,EtchLengthFromLayout!$A:$B,2,0) -> 104.67 | K85: =CONCATENATE("S",MID($A85,5,1),"_U3_",SUBSTITUTE($C85,"IP","I+") ) -> S0_U3_P2_MDI+ | L85: =VLOOKUP(K85,EtchLengthFromLayout!$A:$B,2,0) -> 9673.06 | M85: =CONCATENATE("S",MID($A85,5,1),"_U4PI_",SUBSTITUTE($C85,"IP","I+") ) -> S0_U4PI_P2_MDI+ | N85: =VLOOKUP(M85,EtchLengthFromLayout!$A:$B,2,0) -> 5534.32 | O85: =SUBSTITUTE($V85,"_P","_3PI_P") -> SG0_3PI_P2_MDI+ | P85: =VLOOKUP(O85,EtchLengthFromLayout!$A:$B,2,0) -> 4270.09 | Q85: =SUBSTITUTE($V85,"_P","_2_P") -> SG0_2_P2_MDI+ | R85: =VLOOKUP(Q85,EtchLengthFromLayout!$A:$B,2,0) -> 3571.22 | S85: =SUBSTITUTE($V85,"_P","_1_P") -> SG0_1_P2_MDI+ | T85: =VLOOKUP(S85,EtchLengthFromLayout!$A:$B,2,0) -> 104.67 | V85: =VLOOKUP(CONCATENATE($Z85,".",$AA85),Netlist_VTable!$H:$I,2,0) -> SG0_P2_MDI+ | W85: =VLOOKUP(V85,EtchLengthFromLayout!$A:$B,2,0) -> 1186.79 | X85: =E85+G85+J85+L85+N85+P85+R85+T85+W85 -> 27470.98 | Y85: =IF(Y84<=5,"OK, Tolerance<= 5 mils", "Fail, Tolerance > 5 mils") -> OK, Tolerance<= 5 mils | Z85: GOLD0 | AA85: =VLOOKUP(AB85,PinNo!$B:$C,2,0) -> 171 | AB85: =C85 -> P2_MDIP
A86: SITE1 | B86: =VLOOKUP(C86,PinNo!$B:$C,2,0) -> 172 | C86: P2_MDIN | D86: =VLOOKUP(CONCATENATE($A86,".",$B86),Netlist_VTable!$H:$I,2,0) -> S1_P2_MDI- | E86: =VLOOKUP(D86,EtchLengthFromLayout!$A:$B,2,0) -> 1739.8 | F86: =CONCATENATE("S",MID($A86,5,1),"_U1_",SUBSTITUTE($C86,"IN","I-") ) -> S1_U1_P2_MDI- | G86: =VLOOKUP(F86,EtchLengthFromLayout!$A:$B,2,0) -> 487.03 | H86: =E86+G86 -> 2226.83 | I86: =CONCATENATE("S",MID($A86,5,1),"_U2_",SUBSTITUTE($C86,"IN","I-") ) -> S1_U2_P2_MDI- | J86: =VLOOKUP(I86,EtchLengthFromLayout!$A:$B,2,0) -> 104.67 | K86: =CONCATENATE("S",MID($A86,5,1),"_U3_",SUBSTITUTE($C86,"IN","I-") ) -> S1_U3_P2_MDI- | L86: =VLOOKUP(K86,EtchLengthFromLayout!$A:$B,2,0) -> 14140.83 | M86: =CONCATENATE("S",MID($A86,5,1),"_U4PI_",SUBSTITUTE($C86,"IN","I-") ) -> S1_U4PI_P2_MDI- | N86: =VLOOKUP(M86,EtchLengthFromLayout!$A:$B,2,0) -> 1865.79 | O86: =SUBSTITUTE($V86,"_P","_3PI_P") -> SG1_3PI_P2_MDI- | P86: =VLOOKUP(O86,EtchLengthFromLayout!$A:$B,2,0) -> 1935.16 | Q86: =SUBSTITUTE($V86,"_P","_2_P") -> SG1_2_P2_MDI- | R86: =VLOOKUP(Q86,EtchLengthFromLayout!$A:$B,2,0) -> 4698.68 | S86: =SUBSTITUTE($V86,"_P","_1_P") -> SG1_1_P2_MDI- | T86: =VLOOKUP(S86,EtchLengthFromLayout!$A:$B,2,0) -> 104.67 | V86: =VLOOKUP(CONCATENATE($Z86,".",$AA86),Netlist_VTable!$H:$I,2,0) -> SG1_P2_MDI- | W86: =VLOOKUP(V86,EtchLengthFromLayout!$A:$B,2,0) -> 2461.23 | X86: =E86+G86+J86+L86+N86+P86+R86+T86+W86 -> 27537.86 | Y86: =ABS(X86-X87) -> 0.08 | Z86: GOLD1 | AA86: =VLOOKUP(AB86,PinNo!$B:$C,2,0) -> 172 | AB86: =C86 -> P2_MDIN
A87: SITE1 | B87: =VLOOKUP(C87,PinNo!$B:$C,2,0) -> 171 | C87: P2_MDIP | D87: =VLOOKUP(CONCATENATE($A87,".",$B87),Netlist_VTable!$H:$I,2,0) -> S1_P2_MDI+ | E87: =VLOOKUP(D87,EtchLengthFromLayout!$A:$B,2,0) -> 1739.83 | F87: =CONCATENATE("S",MID($A87,5,1),"_U1_",SUBSTITUTE($C87,"IP","I+") ) -> S1_U1_P2_MDI+ | G87: =VLOOKUP(F87,EtchLengthFromLayout!$A:$B,2,0) -> 487.03 | H87: =E87+G87 -> 2226.86 | I87: =CONCATENATE("S",MID($A87,5,1),"_U2_",SUBSTITUTE($C87,"IP","I+") ) -> S1_U2_P2_MDI+ | J87: =VLOOKUP(I87,EtchLengthFromLayout!$A:$B,2,0) -> 104.67 | K87: =CONCATENATE("S",MID($A87,5,1),"_U3_",SUBSTITUTE($C87,"IP","I+") ) -> S1_U3_P2_MDI+ | L87: =VLOOKUP(K87,EtchLengthFromLayout!$A:$B,2,0) -> 14140.91 | M87: =CONCATENATE("S",MID($A87,5,1),"_U4PI_",SUBSTITUTE($C87,"IP","I+") ) -> S1_U4PI_P2_MDI+ | N87: =VLOOKUP(M87,EtchLengthFromLayout!$A:$B,2,0) -> 1865.79 | O87: =SUBSTITUTE($V87,"_P","_3PI_P") -> SG1_3PI_P2_MDI+ | P87: =VLOOKUP(O87,EtchLengthFromLayout!$A:$B,2,0) -> 1935.16 | Q87: =SUBSTITUTE($V87,"_P","_2_P") -> SG1_2_P2_MDI+ | R87: =VLOOKUP(Q87,EtchLengthFromLayout!$A:$B,2,0) -> 4698.65 | S87: =SUBSTITUTE($V87,"_P","_1_P") -> SG1_1_P2_MDI+ | T87: =VLOOKUP(S87,EtchLengthFromLayout!$A:$B,2,0) -> 104.67 | V87: =VLOOKUP(CONCATENATE($Z87,".",$AA87),Netlist_VTable!$H:$I,2,0) -> SG1_P2_MDI+ | W87: =VLOOKUP(V87,EtchLengthFromLayout!$A:$B,2,0) -> 2461.23 | X87: =E87+G87+J87+L87+N87+P87+R87+T87+W87 -> 27537.94 | Y87: =IF(Y86<=5,"OK, Tolerance<= 5 mils", "Fail, Tolerance > 5 mils") -> OK, Tolerance<= 5 mils | Z87: GOLD1 | AA87: =VLOOKUP(AB87,PinNo!$B:$C,2,0) -> 171 | AB87: =C87 -> P2_MDIP
A88: SITE2 | B88: =VLOOKUP(C88,PinNo!$B:$C,2,0) -> 172 | C88: P2_MDIN | D88: =VLOOKUP(CONCATENATE($A88,".",$B88),Netlist_VTable!$H:$I,2,0) -> S2_P2_MDI- | E88: =VLOOKUP(D88,EtchLengthFromLayout!$A:$B,2,0) -> 2539.18 | F88: =CONCATENATE("S",MID($A88,5,1),"_U1_",SUBSTITUTE($C88,"IN","I-") ) -> S2_U1_P2_MDI- | G88: =VLOOKUP(F88,EtchLengthFromLayout!$A:$B,2,0) -> 487.03 | H88: =E88+G88 -> 3026.21 | I88: =CONCATENATE("S",MID($A88,5,1),"_U2_",SUBSTITUTE($C88,"IN","I-") ) -> S2_U2_P2_MDI- | J88: =VLOOKUP(I88,EtchLengthFromLayout!$A:$B,2,0) -> 104.67 | K88: =CONCATENATE("S",MID($A88,5,1),"_U3_",SUBSTITUTE($C88,"IN","I-") ) -> S2_U3_P2_MDI- | L88: =VLOOKUP(K88,EtchLengthFromLayout!$A:$B,2,0) -> 9810.3 | M88: =CONCATENATE("S",MID($A88,5,1),"_U4PI_",SUBSTITUTE($C88,"IN","I-") ) -> S2_U4PI_P2_MDI- | N88: =VLOOKUP(M88,EtchLengthFromLayout!$A:$B,2,0) -> 5565.15 | O88: =SUBSTITUTE($V88,"_P","_3PI_P") -> SG2_3PI_P2_MDI- | P88: =VLOOKUP(O88,EtchLengthFromLayout!$A:$B,2,0) -> 2337.36 | Q88: =SUBSTITUTE($V88,"_P","_2_P") -> SG2_2_P2_MDI- | R88: =VLOOKUP(Q88,EtchLengthFromLayout!$A:$B,2,0) -> 4362.56 | S88: =SUBSTITUTE($V88,"_P","_1_P") -> SG2_1_P2_MDI- | T88: =VLOOKUP(S88,EtchLengthFromLayout!$A:$B,2,0) -> 104.67 | V88: =VLOOKUP(CONCATENATE($Z88,".",$AA88),Netlist_VTable!$H:$I,2,0) -> SG2_P2_MDI- | W88: =VLOOKUP(V88,EtchLengthFromLayout!$A:$B,2,0) -> 2328.06 | X88: =E88+G88+J88+L88+N88+P88+R88+T88+W88 -> 27638.98 | Y88: =ABS(X88-X89) -> 0.08 | Z88: GOLD2 | AA88: =VLOOKUP(AB88,PinNo!$B:$C,2,0) -> 172 | AB88: =C88 -> P2_MDIN
A89: SITE2 | B89: =VLOOKUP(C89,PinNo!$B:$C,2,0) -> 171 | C89: P2_MDIP | D89: =VLOOKUP(CONCATENATE($A89,".",$B89),Netlist_VTable!$H:$I,2,0) -> S2_P2_MDI+ | E89: =VLOOKUP(D89,EtchLengthFromLayout!$A:$B,2,0) -> 2539.13 | F89: =CONCATENATE("S",MID($A89,5,1),"_U1_",SUBSTITUTE($C89,"IP","I+") ) -> S2_U1_P2_MDI+ | G89: =VLOOKUP(F89,EtchLengthFromLayout!$A:$B,2,0) -> 487.03 | H89: =E89+G89 -> 3026.16 | I89: =CONCATENATE("S",MID($A89,5,1),"_U2_",SUBSTITUTE($C89,"IP","I+") ) -> S2_U2_P2_MDI+ | J89: =VLOOKUP(I89,EtchLengthFromLayout!$A:$B,2,0) -> 104.67 | K89: =CONCATENATE("S",MID($A89,5,1),"_U3_",SUBSTITUTE($C89,"IP","I+") ) -> S2_U3_P2_MDI+ | L89: =VLOOKUP(K89,EtchLengthFromLayout!$A:$B,2,0) -> 9810.27 | M89: =CONCATENATE("S",MID($A89,5,1),"_U4PI_",SUBSTITUTE($C89,"IP","I+") ) -> S2_U4PI_P2_MDI+ | N89: =VLOOKUP(M89,EtchLengthFromLayout!$A:$B,2,0) -> 5565.16 | O89: =SUBSTITUTE($V89,"_P","_3PI_P") -> SG2_3PI_P2_MDI+ | P89: =VLOOKUP(O89,EtchLengthFromLayout!$A:$B,2,0) -> 2337.37 | Q89: =SUBSTITUTE($V89,"_P","_2_P") -> SG2_2_P2_MDI+ | R89: =VLOOKUP(Q89,EtchLengthFromLayout!$A:$B,2,0) -> 4362.52 | S89: =SUBSTITUTE($V89,"_P","_1_P") -> SG2_1_P2_MDI+ | T89: =VLOOKUP(S89,EtchLengthFromLayout!$A:$B,2,0) -> 104.67 | V89: =VLOOKUP(CONCATENATE($Z89,".",$AA89),Netlist_VTable!$H:$I,2,0) -> SG2_P2_MDI+ | W89: =VLOOKUP(V89,EtchLengthFromLayout!$A:$B,2,0) -> 2328.08 | X89: =E89+G89+J89+L89+N89+P89+R89+T89+W89 -> 27638.9 | Y89: =IF(Y88<=5,"OK, Tolerance<= 5 mils", "Fail, Tolerance > 5 mils") -> OK, Tolerance<= 5 mils | Z89: GOLD2 | AA89: =VLOOKUP(AB89,PinNo!$B:$C,2,0) -> 171 | AB89: =C89 -> P2_MDIP
A90: SITE3 | B90: =VLOOKUP(C90,PinNo!$B:$C,2,0) -> 172 | C90: P2_MDIN | D90: =VLOOKUP(CONCATENATE($A90,".",$B90),Netlist_VTable!$H:$I,2,0) -> S3_P2_MDI- | E90: =VLOOKUP(D90,EtchLengthFromLayout!$A:$B,2,0) -> 1739.8 | F90: =CONCATENATE("S",MID($A90,5,1),"_U1_",SUBSTITUTE($C90,"IN","I-") ) -> S3_U1_P2_MDI- | G90: =VLOOKUP(F90,EtchLengthFromLayout!$A:$B,2,0) -> 487.03 | H90: =E90+G90 -> 2226.83 | I90: =CONCATENATE("S",MID($A90,5,1),"_U2_",SUBSTITUTE($C90,"IN","I-") ) -> S3_U2_P2_MDI- | J90: =VLOOKUP(I90,EtchLengthFromLayout!$A:$B,2,0) -> 104.67 | K90: =CONCATENATE("S",MID($A90,5,1),"_U3_",SUBSTITUTE($C90,"IN","I-") ) -> S3_U3_P2_MDI- | L90: =VLOOKUP(K90,EtchLengthFromLayout!$A:$B,2,0) -> 14204.14 | M90: =CONCATENATE("S",MID($A90,5,1),"_U4PI_",SUBSTITUTE($C90,"IN","I-") ) -> S3_U4PI_P2_MDI- | N90: =VLOOKUP(M90,EtchLengthFromLayout!$A:$B,2,0) -> 1802.55 | O90: =SUBSTITUTE($V90,"_P","_3PI_P") -> SG3_3PI_P2_MDI- | P90: =VLOOKUP(O90,EtchLengthFromLayout!$A:$B,2,0) -> 4146.05 | Q90: =SUBSTITUTE($V90,"_P","_2_P") -> SG3_2_P2_MDI- | R90: =VLOOKUP(Q90,EtchLengthFromLayout!$A:$B,2,0) -> 3427.8 | S90: =SUBSTITUTE($V90,"_P","_1_P") -> SG3_1_P2_MDI- | T90: =VLOOKUP(S90,EtchLengthFromLayout!$A:$B,2,0) -> 104.67 | V90: =VLOOKUP(CONCATENATE($Z90,".",$AA90),Netlist_VTable!$H:$I,2,0) -> SG3_P2_MDI- | W90: =VLOOKUP(V90,EtchLengthFromLayout!$A:$B,2,0) -> 1454.2 | X90: =E90+G90+J90+L90+N90+P90+R90+T90+W90 -> 27470.91 | Y90: =ABS(X90-X91) -> 0.08 | Z90: GOLD3 | AA90: =VLOOKUP(AB90,PinNo!$B:$C,2,0) -> 172 | AB90: =C90 -> P2_MDIN
A91: SITE3 | B91: =VLOOKUP(C91,PinNo!$B:$C,2,0) -> 171 | C91: P2_MDIP | D91: =VLOOKUP(CONCATENATE($A91,".",$B91),Netlist_VTable!$H:$I,2,0) -> S3_P2_MDI+ | E91: =VLOOKUP(D91,EtchLengthFromLayout!$A:$B,2,0) -> 1739.83 | F91: =CONCATENATE("S",MID($A91,5,1),"_U1_",SUBSTITUTE($C91,"IP","I+") ) -> S3_U1_P2_MDI+ | G91: =VLOOKUP(F91,EtchLengthFromLayout!$A:$B,2,0) -> 487.03 | H91: =E91+G91 -> 2226.86 | I91: =CONCATENATE("S",MID($A91,5,1),"_U2_",SUBSTITUTE($C91,"IP","I+") ) -> S3_U2_P2_MDI+ | J91: =VLOOKUP(I91,EtchLengthFromLayout!$A:$B,2,0) -> 104.67 | K91: =CONCATENATE("S",MID($A91,5,1),"_U3_",SUBSTITUTE($C91,"IP","I+") ) -> S3_U3_P2_MDI+ | L91: =VLOOKUP(K91,EtchLengthFromLayout!$A:$B,2,0) -> 14204.12 | M91: =CONCATENATE("S",MID($A91,5,1),"_U4PI_",SUBSTITUTE($C91,"IP","I+") ) -> S3_U4PI_P2_MDI+ | N91: =VLOOKUP(M91,EtchLengthFromLayout!$A:$B,2,0) -> 1802.55 | O91: =SUBSTITUTE($V91,"_P","_3PI_P") -> SG3_3PI_P2_MDI+ | P91: =VLOOKUP(O91,EtchLengthFromLayout!$A:$B,2,0) -> 4146.03 | Q91: =SUBSTITUTE($V91,"_P","_2_P") -> SG3_2_P2_MDI+ | R91: =VLOOKUP(Q91,EtchLengthFromLayout!$A:$B,2,0) -> 3427.73 | S91: =SUBSTITUTE($V91,"_P","_1_P") -> SG3_1_P2_MDI+ | T91: =VLOOKUP(S91,EtchLengthFromLayout!$A:$B,2,0) -> 104.67 | V91: =VLOOKUP(CONCATENATE($Z91,".",$AA91),Netlist_VTable!$H:$I,2,0) -> SG3_P2_MDI+ | W91: =VLOOKUP(V91,EtchLengthFromLayout!$A:$B,2,0) -> 1454.2 | X91: =E91+G91+J91+L91+N91+P91+R91+T91+W91 -> 27470.83 | Y91: =IF(Y90<=5,"OK, Tolerance<= 5 mils", "Fail, Tolerance > 5 mils") -> OK, Tolerance<= 5 mils | Z91: GOLD3 | AA91: =VLOOKUP(AB91,PinNo!$B:$C,2,0) -> 171 | AB91: =C91 -> P2_MDIP
F92: Max | H92: =MAX(H84:H91) -> 3026.21 | V92: Max | X92: =MAX(X84:X91) -> 27638.98
F93: Min | H93: =MIN(H84:H91) -> 2226.83 | V93: Min | X93: =MIN(X84:X91) -> 27470.83
F94: Max-Min | H94: =ABS(H92-H93) -> 799.38 | V94: Max-Min | X94: =ABS(X92-X93) -> 168.15
A97: Site | B97: Pin No | C97: Pin Name | D97: Net | E97: Length | F97: Net | G97: Length | H97: DUT-> Choke ( E + G ) 此處為最短距離 | I97: Net | J97: Length | K97: Net | L97: Length | M97: Net | N97: Length | O97: Net | P97: Length | Q97: Net | R97: Length | S97: Net | T97: Length | V97: Golden -> Choke Net (此處為最短距離) | W97: Length | X97: Total Length (mils) | Y97: P/N Difference (mils) | Z97: Golden | AA97: Pin No | AB97: Pin Name | AC97: Note
A98: SITE0 | B98: =VLOOKUP(C98,PinNo!$B:$C,2,0) -> 168 | C98: P3_MDIN | D98: =VLOOKUP(CONCATENATE($A98,".",$B98),Netlist_VTable!$H:$I,2,0) -> S0_P3_MDI- | E98: =VLOOKUP(D98,EtchLengthFromLayout!$A:$B,2,0) -> 2588.65 | F98: =CONCATENATE("S",MID($A98,5,1),"_U1_",SUBSTITUTE($C98,"IN","I-") ) -> S0_U1_P3_MDI- | G98: =VLOOKUP(F98,EtchLengthFromLayout!$A:$B,2,0) -> 487.03 | H98: =E98+G98 -> 3075.68 | I98: =CONCATENATE("S",MID($A98,5,1),"_U2_",SUBSTITUTE($C98,"IN","I-") ) -> S0_U2_P3_MDI- | J98: =VLOOKUP(I98,EtchLengthFromLayout!$A:$B,2,0) -> 104.67 | K98: =CONCATENATE("S",MID($A98,5,1),"_U3_",SUBSTITUTE($C98,"IN","I-") ) -> S0_U3_P3_MDI- | L98: =VLOOKUP(K98,EtchLengthFromLayout!$A:$B,2,0) -> 10350.43 | M98: =CONCATENATE("S",MID($A98,5,1),"_U4PI_",SUBSTITUTE($C98,"IN","I-") ) -> S0_U4PI_P3_MDI- | N98: =VLOOKUP(M98,EtchLengthFromLayout!$A:$B,2,0) -> 4807.41 | O98: =SUBSTITUTE($V98,"_P","_3PI_P") -> SG0_3PI_P3_MDI- | P98: =VLOOKUP(O98,EtchLengthFromLayout!$A:$B,2,0) -> 4118.13 | Q98: =SUBSTITUTE($V98,"_P","_2_P") -> SG0_2_P3_MDI- | R98: =VLOOKUP(Q98,EtchLengthFromLayout!$A:$B,2,0) -> 3799.67 | S98: =SUBSTITUTE($V98,"_P","_1_P") -> SG0_1_P3_MDI- | T98: =VLOOKUP(S98,EtchLengthFromLayout!$A:$B,2,0) -> 104.67 | V98: =VLOOKUP(CONCATENATE($Z98,".",$AA98),Netlist_VTable!$H:$I,2,0) -> SG0_P3_MDI- | W98: =VLOOKUP(V98,EtchLengthFromLayout!$A:$B,2,0) -> 1110.21 | X98: =E98+G98+J98+L98+N98+P98+R98+T98+W98 -> 27470.87 | Y98: =ABS(X98-X99) -> 0.13 | Z98: GOLD0 | AA98: =VLOOKUP(AB98,PinNo!$B:$C,2,0) -> 168 | AB98: =C98 -> P3_MDIN | AC98: DUT To MQS Plus Golden to MQS Port P3
A99: SITE0 | B99: =VLOOKUP(C99,PinNo!$B:$C,2,0) -> 167 | C99: P3_MDIP | D99: =VLOOKUP(CONCATENATE($A99,".",$B99),Netlist_VTable!$H:$I,2,0) -> S0_P3_MDI+ | E99: =VLOOKUP(D99,EtchLengthFromLayout!$A:$B,2,0) -> 2588.66 | F99: =CONCATENATE("S",MID($A99,5,1),"_U1_",SUBSTITUTE($C99,"IP","I+") ) -> S0_U1_P3_MDI+ | G99: =VLOOKUP(F99,EtchLengthFromLayout!$A:$B,2,0) -> 487.03 | H99: =E99+G99 -> 3075.69 | I99: =CONCATENATE("S",MID($A99,5,1),"_U2_",SUBSTITUTE($C99,"IP","I+") ) -> S0_U2_P3_MDI+ | J99: =VLOOKUP(I99,EtchLengthFromLayout!$A:$B,2,0) -> 104.67 | K99: =CONCATENATE("S",MID($A99,5,1),"_U3_",SUBSTITUTE($C99,"IP","I+") ) -> S0_U3_P3_MDI+ | L99: =VLOOKUP(K99,EtchLengthFromLayout!$A:$B,2,0) -> 10350.52 | M99: =CONCATENATE("S",MID($A99,5,1),"_U4PI_",SUBSTITUTE($C99,"IP","I+") ) -> S0_U4PI_P3_MDI+ | N99: =VLOOKUP(M99,EtchLengthFromLayout!$A:$B,2,0) -> 4807.42 | O99: =SUBSTITUTE($V99,"_P","_3PI_P") -> SG0_3PI_P3_MDI+ | P99: =VLOOKUP(O99,EtchLengthFromLayout!$A:$B,2,0) -> 4118.13 | Q99: =SUBSTITUTE($V99,"_P","_2_P") -> SG0_2_P3_MDI+ | R99: =VLOOKUP(Q99,EtchLengthFromLayout!$A:$B,2,0) -> 3799.66 | S99: =SUBSTITUTE($V99,"_P","_1_P") -> SG0_1_P3_MDI+ | T99: =VLOOKUP(S99,EtchLengthFromLayout!$A:$B,2,0) -> 104.67 | V99: =VLOOKUP(CONCATENATE($Z99,".",$AA99),Netlist_VTable!$H:$I,2,0) -> SG0_P3_MDI+ | W99: =VLOOKUP(V99,EtchLengthFromLayout!$A:$B,2,0) -> 1110.24 | X99: =E99+G99+J99+L99+N99+P99+R99+T99+W99 -> 27471 | Y99: =IF(Y98<=5,"OK, Tolerance<= 5 mils", "Fail, Tolerance > 5 mils") -> OK, Tolerance<= 5 mils | Z99: GOLD0 | AA99: =VLOOKUP(AB99,PinNo!$B:$C,2,0) -> 167 | AB99: =C99 -> P3_MDIP
A100: SITE1 | B100: =VLOOKUP(C100,PinNo!$B:$C,2,0) -> 168 | C100: P3_MDIN | D100: =VLOOKUP(CONCATENATE($A100,".",$B100),Netlist_VTable!$H:$I,2,0) -> S1_P3_MDI- | E100: =VLOOKUP(D100,EtchLengthFromLayout!$A:$B,2,0) -> 1671.04 | F100: =CONCATENATE("S",MID($A100,5,1),"_U1_",SUBSTITUTE($C100,"IN","I-") ) -> S1_U1_P3_MDI- | G100: =VLOOKUP(F100,EtchLengthFromLayout!$A:$B,2,0) -> 487.03 | H100: =E100+G100 -> 2158.07 | I100: =CONCATENATE("S",MID($A100,5,1),"_U2_",SUBSTITUTE($C100,"IN","I-") ) -> S1_U2_P3_MDI- | J100: =VLOOKUP(I100,EtchLengthFromLayout!$A:$B,2,0) -> 104.67 | K100: =CONCATENATE("S",MID($A100,5,1),"_U3_",SUBSTITUTE($C100,"IN","I-") ) -> S1_U3_P3_MDI- | L100: =VLOOKUP(K100,EtchLengthFromLayout!$A:$B,2,0) -> 14414.03 | M100: =CONCATENATE("S",MID($A100,5,1),"_U4PI_",SUBSTITUTE($C100,"IN","I-") ) -> S1_U4PI_P3_MDI- | N100: =VLOOKUP(M100,EtchLengthFromLayout!$A:$B,2,0) -> 1661.42 | O100: =SUBSTITUTE($V100,"_P","_3PI_P") -> SG1_3PI_P3_MDI- | P100: =VLOOKUP(O100,EtchLengthFromLayout!$A:$B,2,0) -> 1941.19 | Q100: =SUBSTITUTE($V100,"_P","_2_P") -> SG1_2_P3_MDI- | R100: =VLOOKUP(Q100,EtchLengthFromLayout!$A:$B,2,0) -> 4608.36 | S100: =SUBSTITUTE($V100,"_P","_1_P") -> SG1_1_P3_MDI- | T100: =VLOOKUP(S100,EtchLengthFromLayout!$A:$B,2,0) -> 104.67 | V100: =VLOOKUP(CONCATENATE($Z100,".",$AA100),Netlist_VTable!$H:$I,2,0) -> SG1_P3_MDI- | W100: =VLOOKUP(V100,EtchLengthFromLayout!$A:$B,2,0) -> 2451.82 | X100: =E100+G100+J100+L100+N100+P100+R100+T100+W100 -> 27444.23 | Y100: =ABS(X100-X101) -> 0.01 | Z100: GOLD1 | AA100: =VLOOKUP(AB100,PinNo!$B:$C,2,0) -> 168 | AB100: =C100 -> P3_MDIN
A101: SITE1 | B101: =VLOOKUP(C101,PinNo!$B:$C,2,0) -> 167 | C101: P3_MDIP | D101: =VLOOKUP(CONCATENATE($A101,".",$B101),Netlist_VTable!$H:$I,2,0) -> S1_P3_MDI+ | E101: =VLOOKUP(D101,EtchLengthFromLayout!$A:$B,2,0) -> 1671.04 | F101: =CONCATENATE("S",MID($A101,5,1),"_U1_",SUBSTITUTE($C101,"IP","I+") ) -> S1_U1_P3_MDI+ | G101: =VLOOKUP(F101,EtchLengthFromLayout!$A:$B,2,0) -> 487.03 | H101: =E101+G101 -> 2158.07 | I101: =CONCATENATE("S",MID($A101,5,1),"_U2_",SUBSTITUTE($C101,"IP","I+") ) -> S1_U2_P3_MDI+ | J101: =VLOOKUP(I101,EtchLengthFromLayout!$A:$B,2,0) -> 104.67 | K101: =CONCATENATE("S",MID($A101,5,1),"_U3_",SUBSTITUTE($C101,"IP","I+") ) -> S1_U3_P3_MDI+ | L101: =VLOOKUP(K101,EtchLengthFromLayout!$A:$B,2,0) -> 14414.02 | M101: =CONCATENATE("S",MID($A101,5,1),"_U4PI_",SUBSTITUTE($C101,"IP","I+") ) -> S1_U4PI_P3_MDI+ | N101: =VLOOKUP(M101,EtchLengthFromLayout!$A:$B,2,0) -> 1661.42 | O101: =SUBSTITUTE($V101,"_P","_3PI_P") -> SG1_3PI_P3_MDI+ | P101: =VLOOKUP(O101,EtchLengthFromLayout!$A:$B,2,0) -> 1941.19 | Q101: =SUBSTITUTE($V101,"_P","_2_P") -> SG1_2_P3_MDI+ | R101: =VLOOKUP(Q101,EtchLengthFromLayout!$A:$B,2,0) -> 4608.38 | S101: =SUBSTITUTE($V101,"_P","_1_P") -> SG1_1_P3_MDI+ | T101: =VLOOKUP(S101,EtchLengthFromLayout!$A:$B,2,0) -> 104.67 | V101: =VLOOKUP(CONCATENATE($Z101,".",$AA101),Netlist_VTable!$H:$I,2,0) -> SG1_P3_MDI+ | W101: =VLOOKUP(V101,EtchLengthFromLayout!$A:$B,2,0) -> 2451.8 | X101: =E101+G101+J101+L101+N101+P101+R101+T101+W101 -> 27444.22 | Y101: =IF(Y100<=5,"OK, Tolerance<= 5 mils", "Fail, Tolerance > 5 mils") -> OK, Tolerance<= 5 mils | Z101: GOLD1 | AA101: =VLOOKUP(AB101,PinNo!$B:$C,2,0) -> 167 | AB101: =C101 -> P3_MDIP
A102: SITE2 | B102: =VLOOKUP(C102,PinNo!$B:$C,2,0) -> 168 | C102: P3_MDIN | D102: =VLOOKUP(CONCATENATE($A102,".",$B102),Netlist_VTable!$H:$I,2,0) -> S2_P3_MDI- | E102: =VLOOKUP(D102,EtchLengthFromLayout!$A:$B,2,0) -> 2593.96 | F102: =CONCATENATE("S",MID($A102,5,1),"_U1_",SUBSTITUTE($C102,"IN","I-") ) -> S2_U1_P3_MDI- | G102: =VLOOKUP(F102,EtchLengthFromLayout!$A:$B,2,0) -> 487.03 | H102: =E102+G102 -> 3080.99 | I102: =CONCATENATE("S",MID($A102,5,1),"_U2_",SUBSTITUTE($C102,"IN","I-") ) -> S2_U2_P3_MDI- | J102: =VLOOKUP(I102,EtchLengthFromLayout!$A:$B,2,0) -> 104.67 | K102: =CONCATENATE("S",MID($A102,5,1),"_U3_",SUBSTITUTE($C102,"IN","I-") ) -> S2_U3_P3_MDI- | L102: =VLOOKUP(K102,EtchLengthFromLayout!$A:$B,2,0) -> 9524.45 | M102: =CONCATENATE("S",MID($A102,5,1),"_U4PI_",SUBSTITUTE($C102,"IN","I-") ) -> S2_U4PI_P3_MDI- | N102: =VLOOKUP(M102,EtchLengthFromLayout!$A:$B,2,0) -> 5820.15 | O102: =SUBSTITUTE($V102,"_P","_3PI_P") -> SG2_3PI_P3_MDI- | P102: =VLOOKUP(O102,EtchLengthFromLayout!$A:$B,2,0) -> 2359.61 | Q102: =SUBSTITUTE($V102,"_P","_2_P") -> SG2_2_P3_MDI- | R102: =VLOOKUP(Q102,EtchLengthFromLayout!$A:$B,2,0) -> 4342.97 | S102: =SUBSTITUTE($V102,"_P","_1_P") -> SG2_1_P3_MDI- | T102: =VLOOKUP(S102,EtchLengthFromLayout!$A:$B,2,0) -> 104.67 | V102: =VLOOKUP(CONCATENATE($Z102,".",$AA102),Netlist_VTable!$H:$I,2,0) -> SG2_P3_MDI- | W102: =VLOOKUP(V102,EtchLengthFromLayout!$A:$B,2,0) -> 2376.57 | X102: =E102+G102+J102+L102+N102+P102+R102+T102+W102 -> 27714.08 | Y102: =ABS(X102-X103) -> 0.04 | Z102: GOLD2 | AA102: =VLOOKUP(AB102,PinNo!$B:$C,2,0) -> 168 | AB102: =C102 -> P3_MDIN
A103: SITE2 | B103: =VLOOKUP(C103,PinNo!$B:$C,2,0) -> 167 | C103: P3_MDIP | D103: =VLOOKUP(CONCATENATE($A103,".",$B103),Netlist_VTable!$H:$I,2,0) -> S2_P3_MDI+ | E103: =VLOOKUP(D103,EtchLengthFromLayout!$A:$B,2,0) -> 2593.96 | F103: =CONCATENATE("S",MID($A103,5,1),"_U1_",SUBSTITUTE($C103,"IP","I+") ) -> S2_U1_P3_MDI+ | G103: =VLOOKUP(F103,EtchLengthFromLayout!$A:$B,2,0) -> 487.03 | H103: =E103+G103 -> 3080.99 | I103: =CONCATENATE("S",MID($A103,5,1),"_U2_",SUBSTITUTE($C103,"IP","I+") ) -> S2_U2_P3_MDI+ | J103: =VLOOKUP(I103,EtchLengthFromLayout!$A:$B,2,0) -> 104.67 | K103: =CONCATENATE("S",MID($A103,5,1),"_U3_",SUBSTITUTE($C103,"IP","I+") ) -> S2_U3_P3_MDI+ | L103: =VLOOKUP(K103,EtchLengthFromLayout!$A:$B,2,0) -> 9524.5 | M103: =CONCATENATE("S",MID($A103,5,1),"_U4PI_",SUBSTITUTE($C103,"IP","I+") ) -> S2_U4PI_P3_MDI+ | N103: =VLOOKUP(M103,EtchLengthFromLayout!$A:$B,2,0) -> 5820.15 | O103: =SUBSTITUTE($V103,"_P","_3PI_P") -> SG2_3PI_P3_MDI+ | P103: =VLOOKUP(O103,EtchLengthFromLayout!$A:$B,2,0) -> 2359.6 | Q103: =SUBSTITUTE($V103,"_P","_2_P") -> SG2_2_P3_MDI+ | R103: =VLOOKUP(Q103,EtchLengthFromLayout!$A:$B,2,0) -> 4342.98 | S103: =SUBSTITUTE($V103,"_P","_1_P") -> SG2_1_P3_MDI+ | T103: =VLOOKUP(S103,EtchLengthFromLayout!$A:$B,2,0) -> 104.67 | V103: =VLOOKUP(CONCATENATE($Z103,".",$AA103),Netlist_VTable!$H:$I,2,0) -> SG2_P3_MDI+ | W103: =VLOOKUP(V103,EtchLengthFromLayout!$A:$B,2,0) -> 2376.56 | X103: =E103+G103+J103+L103+N103+P103+R103+T103+W103 -> 27714.12 | Y103: =IF(Y102<=5,"OK, Tolerance<= 5 mils", "Fail, Tolerance > 5 mils") -> OK, Tolerance<= 5 mils | Z103: GOLD2 | AA103: =VLOOKUP(AB103,PinNo!$B:$C,2,0) -> 167 | AB103: =C103 -> P3_MDIP
A104: SITE3 | B104: =VLOOKUP(C104,PinNo!$B:$C,2,0) -> 168 | C104: P3_MDIN | D104: =VLOOKUP(CONCATENATE($A104,".",$B104),Netlist_VTable!$H:$I,2,0) -> S3_P3_MDI- | E104: =VLOOKUP(D104,EtchLengthFromLayout!$A:$B,2,0) -> 1671.04 | F104: =CONCATENATE("S",MID($A104,5,1),"_U1_",SUBSTITUTE($C104,"IN","I-") ) -> S3_U1_P3_MDI- | G104: =VLOOKUP(F104,EtchLengthFromLayout!$A:$B,2,0) -> 487.03 | H104: =E104+G104 -> 2158.07 | I104: =CONCATENATE("S",MID($A104,5,1),"_U2_",SUBSTITUTE($C104,"IN","I-") ) -> S3_U2_P3_MDI- | J104: =VLOOKUP(I104,EtchLengthFromLayout!$A:$B,2,0) -> 104.67 | K104: =CONCATENATE("S",MID($A104,5,1),"_U3_",SUBSTITUTE($C104,"IN","I-") ) -> S3_U3_P3_MDI- | L104: =VLOOKUP(K104,EtchLengthFromLayout!$A:$B,2,0) -> 14275.72 | M104: =CONCATENATE("S",MID($A104,5,1),"_U4PI_",SUBSTITUTE($C104,"IN","I-") ) -> S3_U4PI_P3_MDI- | N104: =VLOOKUP(M104,EtchLengthFromLayout!$A:$B,2,0) -> 1799.73 | O104: =SUBSTITUTE($V104,"_P","_3PI_P") -> SG3_3PI_P3_MDI- | P104: =VLOOKUP(O104,EtchLengthFromLayout!$A:$B,2,0) -> 3971.7 | Q104: =SUBSTITUTE($V104,"_P","_2_P") -> SG3_2_P3_MDI- | R104: =VLOOKUP(Q104,EtchLengthFromLayout!$A:$B,2,0) -> 3651.65 | S104: =SUBSTITUTE($V104,"_P","_1_P") -> SG3_1_P3_MDI- | T104: =VLOOKUP(S104,EtchLengthFromLayout!$A:$B,2,0) -> 104.67 | V104: =VLOOKUP(CONCATENATE($Z104,".",$AA104),Netlist_VTable!$H:$I,2,0) -> SG3_P3_MDI- | W104: =VLOOKUP(V104,EtchLengthFromLayout!$A:$B,2,0) -> 1404.62 | X104: =E104+G104+J104+L104+N104+P104+R104+T104+W104 -> 27470.83 | Y104: =ABS(X104-X105) -> 0.05 | Z104: GOLD3 | AA104: =VLOOKUP(AB104,PinNo!$B:$C,2,0) -> 168 | AB104: =C104 -> P3_MDIN
A105: SITE3 | B105: =VLOOKUP(C105,PinNo!$B:$C,2,0) -> 167 | C105: P3_MDIP | D105: =VLOOKUP(CONCATENATE($A105,".",$B105),Netlist_VTable!$H:$I,2,0) -> S3_P3_MDI+ | E105: =VLOOKUP(D105,EtchLengthFromLayout!$A:$B,2,0) -> 1671.04 | F105: =CONCATENATE("S",MID($A105,5,1),"_U1_",SUBSTITUTE($C105,"IP","I+") ) -> S3_U1_P3_MDI+ | G105: =VLOOKUP(F105,EtchLengthFromLayout!$A:$B,2,0) -> 487.03 | H105: =E105+G105 -> 2158.07 | I105: =CONCATENATE("S",MID($A105,5,1),"_U2_",SUBSTITUTE($C105,"IP","I+") ) -> S3_U2_P3_MDI+ | J105: =VLOOKUP(I105,EtchLengthFromLayout!$A:$B,2,0) -> 104.67 | K105: =CONCATENATE("S",MID($A105,5,1),"_U3_",SUBSTITUTE($C105,"IP","I+") ) -> S3_U3_P3_MDI+ | L105: =VLOOKUP(K105,EtchLengthFromLayout!$A:$B,2,0) -> 14275.73 | M105: =CONCATENATE("S",MID($A105,5,1),"_U4PI_",SUBSTITUTE($C105,"IP","I+") ) -> S3_U4PI_P3_MDI+ | N105: =VLOOKUP(M105,EtchLengthFromLayout!$A:$B,2,0) -> 1799.74 | O105: =SUBSTITUTE($V105,"_P","_3PI_P") -> SG3_3PI_P3_MDI+ | P105: =VLOOKUP(O105,EtchLengthFromLayout!$A:$B,2,0) -> 3971.7 | Q105: =SUBSTITUTE($V105,"_P","_2_P") -> SG3_2_P3_MDI+ | R105: =VLOOKUP(Q105,EtchLengthFromLayout!$A:$B,2,0) -> 3651.71 | S105: =SUBSTITUTE($V105,"_P","_1_P") -> SG3_1_P3_MDI+ | T105: =VLOOKUP(S105,EtchLengthFromLayout!$A:$B,2,0) -> 104.67 | V105: =VLOOKUP(CONCATENATE($Z105,".",$AA105),Netlist_VTable!$H:$I,2,0) -> SG3_P3_MDI+ | W105: =VLOOKUP(V105,EtchLengthFromLayout!$A:$B,2,0) -> 1404.59 | X105: =E105+G105+J105+L105+N105+P105+R105+T105+W105 -> 27470.88 | Y105: =IF(Y104<=5,"OK, Tolerance<= 5 mils", "Fail, Tolerance > 5 mils") -> OK, Tolerance<= 5 mils | Z105: GOLD3 | AA105: =VLOOKUP(AB105,PinNo!$B:$C,2,0) -> 167 | AB105: =C105 -> P3_MDIP
F106: Max | H106: =MAX(H98:H105) -> 3080.99 | V106: Max | X106: =MAX(X98:X105) -> 27714.12
F107: Min | H107: =MIN(H98:H105) -> 2158.07 | V107: Min | X107: =MIN(X98:X105) -> 27444.22
F108: Max-Min | H108: =ABS(H106-H107) -> 922.92 | V108: Max-Min | X108: =ABS(X106-X107) -> 269.9
A111: Site | B111: Pin No | C111: Pin Name | D111: Net | E111: Length | F111: Net | G111: Length | H111: DUT-> Choke ( E + G ) 此處為最短距離 | I111: Net | J111: Length | K111: Net | L111: Length | M111: Net | N111: Length | O111: Net | P111: Length | Q111: Net | R111: Length | S111: Net | T111: Length | V111: Golden -> Choke Net (此處為最短距離) | W111: Length | X111: Total Length (mils) | Y111: P/N Difference (mils) | Z111: Golden | AA111: Pin No | AB111: Pin Name | AC111: Note
A112: SITE0 | B112: =VLOOKUP(C112,PinNo!$B:$C,2,0) -> 165 | C112: P4_MDIN | D112: =VLOOKUP(CONCATENATE($A112,".",$B112),Netlist_VTable!$H:$I,2,0) -> S0_P4_MDI- | E112: =VLOOKUP(D112,EtchLengthFromLayout!$A:$B,2,0) -> 2730.04 | F112: =CONCATENATE("S",MID($A112,5,1),"_U1_",SUBSTITUTE($C112,"IN","I-") ) -> S0_U1_P4_MDI- | G112: =VLOOKUP(F112,EtchLengthFromLayout!$A:$B,2,0) -> 487.03 | H112: =E112+G112 -> 3217.07 | I112: =CONCATENATE("S",MID($A112,5,1),"_U2_",SUBSTITUTE($C112,"IN","I-") ) -> S0_U2_P4_MDI- | J112: =VLOOKUP(I112,EtchLengthFromLayout!$A:$B,2,0) -> 104.67 | K112: =CONCATENATE("S",MID($A112,5,1),"_U3_",SUBSTITUTE($C112,"IN","I-") ) -> S0_U3_P4_MDI- | L112: =VLOOKUP(K112,EtchLengthFromLayout!$A:$B,2,0) -> 11098.88 | M112: =CONCATENATE("S",MID($A112,5,1),"_U4PI_",SUBSTITUTE($C112,"IN","I-") ) -> S0_U4PI_P4_MDI- | N112: =VLOOKUP(M112,EtchLengthFromLayout!$A:$B,2,0) -> 3917.59 | O112: =SUBSTITUTE($V112,"_P","_3PI_P") -> SG0_3PI_P4_MDI- | P112: =VLOOKUP(O112,EtchLengthFromLayout!$A:$B,2,0) -> 3772.45 | Q112: =SUBSTITUTE($V112,"_P","_2_P") -> SG0_2_P4_MDI- | R112: =VLOOKUP(Q112,EtchLengthFromLayout!$A:$B,2,0) -> 4072.44 | S112: =SUBSTITUTE($V112,"_P","_1_P") -> SG0_1_P4_MDI- | T112: =VLOOKUP(S112,EtchLengthFromLayout!$A:$B,2,0) -> 104.67 | V112: =VLOOKUP(CONCATENATE($Z112,".",$AA112),Netlist_VTable!$H:$I,2,0) -> SG0_P4_MDI- | W112: =VLOOKUP(V112,EtchLengthFromLayout!$A:$B,2,0) -> 1109.19 | X112: =E112+G112+J112+L112+N112+P112+R112+T112+W112 -> 27396.96 | Y112: =ABS(X112-X113) -> 0.06 | Z112: GOLD0 | AA112: =VLOOKUP(AB112,PinNo!$B:$C,2,0) -> 165 | AB112: =C112 -> P4_MDIN | AC112: DUT To MQS Plus Golden to MQS Port P4
A113: SITE0 | B113: =VLOOKUP(C113,PinNo!$B:$C,2,0) -> 164 | C113: P4_MDIP | D113: =VLOOKUP(CONCATENATE($A113,".",$B113),Netlist_VTable!$H:$I,2,0) -> S0_P4_MDI+ | E113: =VLOOKUP(D113,EtchLengthFromLayout!$A:$B,2,0) -> 2730.06 | F113: =CONCATENATE("S",MID($A113,5,1),"_U1_",SUBSTITUTE($C113,"IP","I+") ) -> S0_U1_P4_MDI+ | G113: =VLOOKUP(F113,EtchLengthFromLayout!$A:$B,2,0) -> 487.03 | H113: =E113+G113 -> 3217.09 | I113: =CONCATENATE("S",MID($A113,5,1),"_U2_",SUBSTITUTE($C113,"IP","I+") ) -> S0_U2_P4_MDI+ | J113: =VLOOKUP(I113,EtchLengthFromLayout!$A:$B,2,0) -> 104.67 | K113: =CONCATENATE("S",MID($A113,5,1),"_U3_",SUBSTITUTE($C113,"IP","I+") ) -> S0_U3_P4_MDI+ | L113: =VLOOKUP(K113,EtchLengthFromLayout!$A:$B,2,0) -> 11098.82 | M113: =CONCATENATE("S",MID($A113,5,1),"_U4PI_",SUBSTITUTE($C113,"IP","I+") ) -> S0_U4PI_P4_MDI+ | N113: =VLOOKUP(M113,EtchLengthFromLayout!$A:$B,2,0) -> 3917.59 | O113: =SUBSTITUTE($V113,"_P","_3PI_P") -> SG0_3PI_P4_MDI+ | P113: =VLOOKUP(O113,EtchLengthFromLayout!$A:$B,2,0) -> 3772.45 | Q113: =SUBSTITUTE($V113,"_P","_2_P") -> SG0_2_P4_MDI+ | R113: =VLOOKUP(Q113,EtchLengthFromLayout!$A:$B,2,0) -> 4072.4 | S113: =SUBSTITUTE($V113,"_P","_1_P") -> SG0_1_P4_MDI+ | T113: =VLOOKUP(S113,EtchLengthFromLayout!$A:$B,2,0) -> 104.67 | V113: =VLOOKUP(CONCATENATE($Z113,".",$AA113),Netlist_VTable!$H:$I,2,0) -> SG0_P4_MDI+ | W113: =VLOOKUP(V113,EtchLengthFromLayout!$A:$B,2,0) -> 1109.21 | X113: =E113+G113+J113+L113+N113+P113+R113+T113+W113 -> 27396.9 | Y113: =IF(Y112<=5,"OK, Tolerance<= 5 mils", "Fail, Tolerance > 5 mils") -> OK, Tolerance<= 5 mils | Z113: GOLD0 | AA113: =VLOOKUP(AB113,PinNo!$B:$C,2,0) -> 164 | AB113: =C113 -> P4_MDIP
A114: SITE1 | B114: =VLOOKUP(C114,PinNo!$B:$C,2,0) -> 165 | C114: P4_MDIN | D114: =VLOOKUP(CONCATENATE($A114,".",$B114),Netlist_VTable!$H:$I,2,0) -> S1_P4_MDI- | E114: =VLOOKUP(D114,EtchLengthFromLayout!$A:$B,2,0) -> 1713.27 | F114: =CONCATENATE("S",MID($A114,5,1),"_U1_",SUBSTITUTE($C114,"IN","I-") ) -> S1_U1_P4_MDI- | G114: =VLOOKUP(F114,EtchLengthFromLayout!$A:$B,2,0) -> 487.03 | H114: =E114+G114 -> 2200.3 | I114: =CONCATENATE("S",MID($A114,5,1),"_U2_",SUBSTITUTE($C114,"IN","I-") ) -> S1_U2_P4_MDI- | J114: =VLOOKUP(I114,EtchLengthFromLayout!$A:$B,2,0) -> 104.67 | K114: =CONCATENATE("S",MID($A114,5,1),"_U3_",SUBSTITUTE($C114,"IN","I-") ) -> S1_U3_P4_MDI- | L114: =VLOOKUP(K114,EtchLengthFromLayout!$A:$B,2,0) -> 14913.64 | M114: =CONCATENATE("S",MID($A114,5,1),"_U4PI_",SUBSTITUTE($C114,"IN","I-") ) -> S1_U4PI_P4_MDI- | N114: =VLOOKUP(M114,EtchLengthFromLayout!$A:$B,2,0) -> 1119.65 | O114: =SUBSTITUTE($V114,"_P","_3PI_P") -> SG1_3PI_P4_MDI- | P114: =VLOOKUP(O114,EtchLengthFromLayout!$A:$B,2,0) -> 2335.1 | Q114: =SUBSTITUTE($V114,"_P","_2_P") -> SG1_2_P4_MDI- | R114: =VLOOKUP(Q114,EtchLengthFromLayout!$A:$B,2,0) -> 4219.99 | S114: =SUBSTITUTE($V114,"_P","_1_P") -> SG1_1_P4_MDI- | T114: =VLOOKUP(S114,EtchLengthFromLayout!$A:$B,2,0) -> 104.67 | V114: =VLOOKUP(CONCATENATE($Z114,".",$AA114),Netlist_VTable!$H:$I,2,0) -> SG1_P4_MDI- | W114: =VLOOKUP(V114,EtchLengthFromLayout!$A:$B,2,0) -> 2516.16 | X114: =E114+G114+J114+L114+N114+P114+R114+T114+W114 -> 27514.18 | Y114: =ABS(X114-X115) -> 0.07 | Z114: GOLD1 | AA114: =VLOOKUP(AB114,PinNo!$B:$C,2,0) -> 165 | AB114: =C114 -> P4_MDIN
A115: SITE1 | B115: =VLOOKUP(C115,PinNo!$B:$C,2,0) -> 164 | C115: P4_MDIP | D115: =VLOOKUP(CONCATENATE($A115,".",$B115),Netlist_VTable!$H:$I,2,0) -> S1_P4_MDI+ | E115: =VLOOKUP(D115,EtchLengthFromLayout!$A:$B,2,0) -> 1713.21 | F115: =CONCATENATE("S",MID($A115,5,1),"_U1_",SUBSTITUTE($C115,"IP","I+") ) -> S1_U1_P4_MDI+ | G115: =VLOOKUP(F115,EtchLengthFromLayout!$A:$B,2,0) -> 487.03 | H115: =E115+G115 -> 2200.24 | I115: =CONCATENATE("S",MID($A115,5,1),"_U2_",SUBSTITUTE($C115,"IP","I+") ) -> S1_U2_P4_MDI+ | J115: =VLOOKUP(I115,EtchLengthFromLayout!$A:$B,2,0) -> 104.67 | K115: =CONCATENATE("S",MID($A115,5,1),"_U3_",SUBSTITUTE($C115,"IP","I+") ) -> S1_U3_P4_MDI+ | L115: =VLOOKUP(K115,EtchLengthFromLayout!$A:$B,2,0) -> 14913.64 | M115: =CONCATENATE("S",MID($A115,5,1),"_U4PI_",SUBSTITUTE($C115,"IP","I+") ) -> S1_U4PI_P4_MDI+ | N115: =VLOOKUP(M115,EtchLengthFromLayout!$A:$B,2,0) -> 1119.65 | O115: =SUBSTITUTE($V115,"_P","_3PI_P") -> SG1_3PI_P4_MDI+ | P115: =VLOOKUP(O115,EtchLengthFromLayout!$A:$B,2,0) -> 2335.11 | Q115: =SUBSTITUTE($V115,"_P","_2_P") -> SG1_2_P4_MDI+ | R115: =VLOOKUP(Q115,EtchLengthFromLayout!$A:$B,2,0) -> 4219.97 | S115: =SUBSTITUTE($V115,"_P","_1_P") -> SG1_1_P4_MDI+ | T115: =VLOOKUP(S115,EtchLengthFromLayout!$A:$B,2,0) -> 104.67 | V115: =VLOOKUP(CONCATENATE($Z115,".",$AA115),Netlist_VTable!$H:$I,2,0) -> SG1_P4_MDI+ | W115: =VLOOKUP(V115,EtchLengthFromLayout!$A:$B,2,0) -> 2516.16 | X115: =E115+G115+J115+L115+N115+P115+R115+T115+W115 -> 27514.11 | Y115: =IF(Y114<=5,"OK, Tolerance<= 5 mils", "Fail, Tolerance > 5 mils") -> OK, Tolerance<= 5 mils | Z115: GOLD1 | AA115: =VLOOKUP(AB115,PinNo!$B:$C,2,0) -> 164 | AB115: =C115 -> P4_MDIP
A116: SITE2 | B116: =VLOOKUP(C116,PinNo!$B:$C,2,0) -> 165 | C116: P4_MDIN | D116: =VLOOKUP(CONCATENATE($A116,".",$B116),Netlist_VTable!$H:$I,2,0) -> S2_P4_MDI- | E116: =VLOOKUP(D116,EtchLengthFromLayout!$A:$B,2,0) -> 2730.07 | F116: =CONCATENATE("S",MID($A116,5,1),"_U1_",SUBSTITUTE($C116,"IN","I-") ) -> S2_U1_P4_MDI- | G116: =VLOOKUP(F116,EtchLengthFromLayout!$A:$B,2,0) -> 487.03 | H116: =E116+G116 -> 3217.1 | I116: =CONCATENATE("S",MID($A116,5,1),"_U2_",SUBSTITUTE($C116,"IN","I-") ) -> S2_U2_P4_MDI- | J116: =VLOOKUP(I116,EtchLengthFromLayout!$A:$B,2,0) -> 104.67 | K116: =CONCATENATE("S",MID($A116,5,1),"_U3_",SUBSTITUTE($C116,"IN","I-") ) -> S2_U3_P4_MDI- | L116: =VLOOKUP(K116,EtchLengthFromLayout!$A:$B,2,0) -> 9248.84 | M116: =CONCATENATE("S",MID($A116,5,1),"_U4PI_",SUBSTITUTE($C116,"IN","I-") ) -> S2_U4PI_P4_MDI- | N116: =VLOOKUP(M116,EtchLengthFromLayout!$A:$B,2,0) -> 5844.6 | O116: =SUBSTITUTE($V116,"_P","_3PI_P") -> SG2_3PI_P4_MDI- | P116: =VLOOKUP(O116,EtchLengthFromLayout!$A:$B,2,0) -> 2552.72 | Q116: =SUBSTITUTE($V116,"_P","_2_P") -> SG2_2_P4_MDI- | R116: =VLOOKUP(Q116,EtchLengthFromLayout!$A:$B,2,0) -> 4020.21 | S116: =SUBSTITUTE($V116,"_P","_1_P") -> SG2_1_P4_MDI- | T116: =VLOOKUP(S116,EtchLengthFromLayout!$A:$B,2,0) -> 104.67 | V116: =VLOOKUP(CONCATENATE($Z116,".",$AA116),Netlist_VTable!$H:$I,2,0) -> SG2_P4_MDI- | W116: =VLOOKUP(V116,EtchLengthFromLayout!$A:$B,2,0) -> 2455.07 | X116: =E116+G116+J116+L116+N116+P116+R116+T116+W116 -> 27547.88 | Y116: =ABS(X116-X117) -> 0.05 | Z116: GOLD2 | AA116: =VLOOKUP(AB116,PinNo!$B:$C,2,0) -> 165 | AB116: =C116 -> P4_MDIN
A117: SITE2 | B117: =VLOOKUP(C117,PinNo!$B:$C,2,0) -> 164 | C117: P4_MDIP | D117: =VLOOKUP(CONCATENATE($A117,".",$B117),Netlist_VTable!$H:$I,2,0) -> S2_P4_MDI+ | E117: =VLOOKUP(D117,EtchLengthFromLayout!$A:$B,2,0) -> 2730.06 | F117: =CONCATENATE("S",MID($A117,5,1),"_U1_",SUBSTITUTE($C117,"IP","I+") ) -> S2_U1_P4_MDI+ | G117: =VLOOKUP(F117,EtchLengthFromLayout!$A:$B,2,0) -> 487.03 | H117: =E117+G117 -> 3217.09 | I117: =CONCATENATE("S",MID($A117,5,1),"_U2_",SUBSTITUTE($C117,"IP","I+") ) -> S2_U2_P4_MDI+ | J117: =VLOOKUP(I117,EtchLengthFromLayout!$A:$B,2,0) -> 104.67 | K117: =CONCATENATE("S",MID($A117,5,1),"_U3_",SUBSTITUTE($C117,"IP","I+") ) -> S2_U3_P4_MDI+ | L117: =VLOOKUP(K117,EtchLengthFromLayout!$A:$B,2,0) -> 9248.81 | M117: =CONCATENATE("S",MID($A117,5,1),"_U4PI_",SUBSTITUTE($C117,"IP","I+") ) -> S2_U4PI_P4_MDI+ | N117: =VLOOKUP(M117,EtchLengthFromLayout!$A:$B,2,0) -> 5844.59 | O117: =SUBSTITUTE($V117,"_P","_3PI_P") -> SG2_3PI_P4_MDI+ | P117: =VLOOKUP(O117,EtchLengthFromLayout!$A:$B,2,0) -> 2552.7 | Q117: =SUBSTITUTE($V117,"_P","_2_P") -> SG2_2_P4_MDI+ | R117: =VLOOKUP(Q117,EtchLengthFromLayout!$A:$B,2,0) -> 4020.21 | S117: =SUBSTITUTE($V117,"_P","_1_P") -> SG2_1_P4_MDI+ | T117: =VLOOKUP(S117,EtchLengthFromLayout!$A:$B,2,0) -> 104.67 | V117: =VLOOKUP(CONCATENATE($Z117,".",$AA117),Netlist_VTable!$H:$I,2,0) -> SG2_P4_MDI+ | W117: =VLOOKUP(V117,EtchLengthFromLayout!$A:$B,2,0) -> 2455.09 | X117: =E117+G117+J117+L117+N117+P117+R117+T117+W117 -> 27547.83 | Y117: =IF(Y116<=5,"OK, Tolerance<= 5 mils", "Fail, Tolerance > 5 mils") -> OK, Tolerance<= 5 mils | Z117: GOLD2 | AA117: =VLOOKUP(AB117,PinNo!$B:$C,2,0) -> 164 | AB117: =C117 -> P4_MDIP
A118: SITE3 | B118: =VLOOKUP(C118,PinNo!$B:$C,2,0) -> 165 | C118: P4_MDIN | D118: =VLOOKUP(CONCATENATE($A118,".",$B118),Netlist_VTable!$H:$I,2,0) -> S3_P4_MDI- | E118: =VLOOKUP(D118,EtchLengthFromLayout!$A:$B,2,0) -> 1713.27 | F118: =CONCATENATE("S",MID($A118,5,1),"_U1_",SUBSTITUTE($C118,"IN","I-") ) -> S3_U1_P4_MDI- | G118: =VLOOKUP(F118,EtchLengthFromLayout!$A:$B,2,0) -> 487.03 | H118: =E118+G118 -> 2200.3 | I118: =CONCATENATE("S",MID($A118,5,1),"_U2_",SUBSTITUTE($C118,"IN","I-") ) -> S3_U2_P4_MDI- | J118: =VLOOKUP(I118,EtchLengthFromLayout!$A:$B,2,0) -> 104.67 | K118: =CONCATENATE("S",MID($A118,5,1),"_U3_",SUBSTITUTE($C118,"IN","I-") ) -> S3_U3_P4_MDI- | L118: =VLOOKUP(K118,EtchLengthFromLayout!$A:$B,2,0) -> 14433.21 | M118: =CONCATENATE("S",MID($A118,5,1),"_U4PI_",SUBSTITUTE($C118,"IN","I-") ) -> S3_U4PI_P4_MDI- | N118: =VLOOKUP(M118,EtchLengthFromLayout!$A:$B,2,0) -> 1600.05 | O118: =SUBSTITUTE($V118,"_P","_3PI_P") -> SG3_3PI_P4_MDI- | P118: =VLOOKUP(O118,EtchLengthFromLayout!$A:$B,2,0) -> 3721.97 | Q118: =SUBSTITUTE($V118,"_P","_2_P") -> SG3_2_P4_MDI- | R118: =VLOOKUP(Q118,EtchLengthFromLayout!$A:$B,2,0) -> 3910.52 | S118: =SUBSTITUTE($V118,"_P","_1_P") -> SG3_1_P4_MDI- | T118: =VLOOKUP(S118,EtchLengthFromLayout!$A:$B,2,0) -> 104.67 | V118: =VLOOKUP(CONCATENATE($Z118,".",$AA118),Netlist_VTable!$H:$I,2,0) -> SG3_P4_MDI- | W118: =VLOOKUP(V118,EtchLengthFromLayout!$A:$B,2,0) -> 1395.41 | X118: =E118+G118+J118+L118+N118+P118+R118+T118+W118 -> 27470.8 | Y118: =ABS(X118-X119) -> 0.01 | Z118: GOLD3 | AA118: =VLOOKUP(AB118,PinNo!$B:$C,2,0) -> 165 | AB118: =C118 -> P4_MDIN
A119: SITE3 | B119: =VLOOKUP(C119,PinNo!$B:$C,2,0) -> 164 | C119: P4_MDIP | D119: =VLOOKUP(CONCATENATE($A119,".",$B119),Netlist_VTable!$H:$I,2,0) -> S3_P4_MDI+ | E119: =VLOOKUP(D119,EtchLengthFromLayout!$A:$B,2,0) -> 1713.21 | F119: =CONCATENATE("S",MID($A119,5,1),"_U1_",SUBSTITUTE($C119,"IP","I+") ) -> S3_U1_P4_MDI+ | G119: =VLOOKUP(F119,EtchLengthFromLayout!$A:$B,2,0) -> 487.03 | H119: =E119+G119 -> 2200.24 | I119: =CONCATENATE("S",MID($A119,5,1),"_U2_",SUBSTITUTE($C119,"IP","I+") ) -> S3_U2_P4_MDI+ | J119: =VLOOKUP(I119,EtchLengthFromLayout!$A:$B,2,0) -> 104.67 | K119: =CONCATENATE("S",MID($A119,5,1),"_U3_",SUBSTITUTE($C119,"IP","I+") ) -> S3_U3_P4_MDI+ | L119: =VLOOKUP(K119,EtchLengthFromLayout!$A:$B,2,0) -> 14433.21 | M119: =CONCATENATE("S",MID($A119,5,1),"_U4PI_",SUBSTITUTE($C119,"IP","I+") ) -> S3_U4PI_P4_MDI+ | N119: =VLOOKUP(M119,EtchLengthFromLayout!$A:$B,2,0) -> 1600.04 | O119: =SUBSTITUTE($V119,"_P","_3PI_P") -> SG3_3PI_P4_MDI+ | P119: =VLOOKUP(O119,EtchLengthFromLayout!$A:$B,2,0) -> 3721.98 | Q119: =SUBSTITUTE($V119,"_P","_2_P") -> SG3_2_P4_MDI+ | R119: =VLOOKUP(Q119,EtchLengthFromLayout!$A:$B,2,0) -> 3910.59 | S119: =SUBSTITUTE($V119,"_P","_1_P") -> SG3_1_P4_MDI+ | T119: =VLOOKUP(S119,EtchLengthFromLayout!$A:$B,2,0) -> 104.67 | V119: =VLOOKUP(CONCATENATE($Z119,".",$AA119),Netlist_VTable!$H:$I,2,0) -> SG3_P4_MDI+ | W119: =VLOOKUP(V119,EtchLengthFromLayout!$A:$B,2,0) -> 1395.41 | X119: =E119+G119+J119+L119+N119+P119+R119+T119+W119 -> 27470.81 | Y119: =IF(Y118<=5,"OK, Tolerance<= 5 mils", "Fail, Tolerance > 5 mils") -> OK, Tolerance<= 5 mils | Z119: GOLD3 | AA119: =VLOOKUP(AB119,PinNo!$B:$C,2,0) -> 164 | AB119: =C119 -> P4_MDIP
...

Sheet GIGAPHY
A1: DUT Port [ 5 : 6 ] to Golden | O1: 等長調此線段 | AB1: All Site All Port 等長 誤差 1000 mils
A2: Site | B2: Pin No | C2: Pin Name | D2: Net | E2: Length | F2: Net | G2: Length | H2: DUT-> Choke ( E + G ) 此處為最短距離 | I2: Net | J2: Length | K2: Net | L2: Length | M2: Net | N2: Length | O2: Net | P2: Length | Q2: Net | R2: Length | S2: Net | T2: Length | U2: Net | V2: Length | W2: Net | X2: Length | Z2: Golden -> Choke Net (此處為最短距離) | AA2: Length | AB2: Total Length (mils) | AC2: P/N Difference (mils) | AD2: Golden | AE2: Pin No | AF2: Pin Name | AG2: Note
A3: SITE0 | B3: =VLOOKUP(C3,PinNo!$B:$C,2,0) -> 148 | C3: P5_GIGA_MDIN | D3: =VLOOKUP(CONCATENATE($A3,".",$B3),Netlist_VTable!$H:$I,2,0) -> S0_P5_GIGA_MDI- | E3: =VLOOKUP(D3,EtchLengthFromLayout!$A:$B,2,0) -> 1653.57 | F3: =CONCATENATE("S",MID($A3,5,1),"_U1_",SUBSTITUTE($C3,"IN","I-") ) -> S0_U1_P5_GIGA_MDI- | G3: =VLOOKUP(F3,EtchLengthFromLayout!$A:$B,2,0) -> 324.18 | H3: =E3+G3 -> 1977.75 | I3: =CONCATENATE("S",MID($A3,5,1),"_U2_",SUBSTITUTE($C3,"IN","I-") ) -> S0_U2_P5_GIGA_MDI- | J3: =VLOOKUP(I3,EtchLengthFromLayout!$A:$B,2,0) -> 100.55 | K3: =CONCATENATE("S",MID($A3,5,1),"_U3_",SUBSTITUTE($C3,"IN","I-") ) -> S0_U3_P5_GIGA_MDI- | L3: =VLOOKUP(K3,EtchLengthFromLayout!$A:$B,2,0) -> 8857.16 | O3: =CONCATENATE("S",MID($A3,5,1),"_LB_",SUBSTITUTE($C3,"IN","I-") ) -> S0_LB_P5_GIGA_MDI- | P3: =VLOOKUP(O3,EtchLengthFromLayout!$A:$B,2,0) -> 563.2 | U3: =SUBSTITUTE($Z3,"_P","_2_P") -> SG0_2_P5_GIGA_MDI- | V3: =VLOOKUP(U3,EtchLengthFromLayout!$A:$B,2,0) -> 673.97 | W3: =SUBSTITUTE($Z3,"_P","_1_P") -> SG0_1_P5_GIGA_MDI- | X3: =VLOOKUP(W3,EtchLengthFromLayout!$A:$B,2,0) -> 100.55 | Z3: =VLOOKUP(CONCATENATE($AD3,".",$AE3),Netlist_VTable!$H:$I,2,0) -> SG0_P5_GIGA_MDI- | AA3: =VLOOKUP(Z3,EtchLengthFromLayout!$A:$B,2,0) -> 1173.76 | AB3: =E3+G3+J3+L3+N3+P3+R3+T3+V3+X3+AA3 -> 13446.94 | AC3: =ABS(AB3-AB4) -> 0.04 | AD3: GOLD0 | AE3: =VLOOKUP(AF3,PinNo!$B:$C,2,0) -> 148 | AF3: =C3 -> P5_GIGA_MDIN | AG3: DUT to Golden Port P5
A4: SITE0 | B4: =VLOOKUP(C4,PinNo!$B:$C,2,0) -> 147 | C4: P5_GIGA_MDIP | D4: =VLOOKUP(CONCATENATE($A4,".",$B4),Netlist_VTable!$H:$I,2,0) -> S0_P5_GIGA_MDI+ | E4: =VLOOKUP(D4,EtchLengthFromLayout!$A:$B,2,0) -> 1653.57 | F4: =CONCATENATE("S",MID($A4,5,1),"_U1_",SUBSTITUTE($C4,"IP","I+") ) -> S0_U1_P5_GIGA_MDI+ | G4: =VLOOKUP(F4,EtchLengthFromLayout!$A:$B,2,0) -> 324.17 | H4: =E4+G4 -> 1977.74 | I4: =CONCATENATE("S",MID($A4,5,1),"_U2_",SUBSTITUTE($C4,"IP","I+") ) -> S0_U2_P5_GIGA_MDI+ | J4: =VLOOKUP(I4,EtchLengthFromLayout!$A:$B,2,0) -> 100.55 | K4: =CONCATENATE("S",MID($A4,5,1),"_U3_",SUBSTITUTE($C4,"IP","I+") ) -> S0_U3_P5_GIGA_MDI+ | L4: =VLOOKUP(K4,EtchLengthFromLayout!$A:$B,2,0) -> 8857.16 | O4: =CONCATENATE("S",MID($A4,5,1),"_LB_",SUBSTITUTE($C4,"IP","I+") ) -> S0_LB_P5_GIGA_MDI+ | P4: =VLOOKUP(O4,EtchLengthFromLayout!$A:$B,2,0) -> 563.18 | U4: =SUBSTITUTE($Z4,"_P","_2_P") -> SG0_2_P5_GIGA_MDI+ | V4: =VLOOKUP(U4,EtchLengthFromLayout!$A:$B,2,0) -> 673.97 | W4: =SUBSTITUTE($Z4,"_P","_1_P") -> SG0_1_P5_GIGA_MDI+ | X4: =VLOOKUP(W4,EtchLengthFromLayout!$A:$B,2,0) -> 100.55 | Z4: =VLOOKUP(CONCATENATE($AD4,".",$AE4),Netlist_VTable!$H:$I,2,0) -> SG0_P5_GIGA_MDI+ | AA4: =VLOOKUP(Z4,EtchLengthFromLayout!$A:$B,2,0) -> 1173.75 | AB4: =E4+G4+J4+L4+N4+P4+R4+T4+V4+X4+AA4 -> 13446.9 | AC4: =IF(AC3<=5,"OK, Tolerance<= 5 mils", "Fail, Tolerance > 5 mils") -> OK, Tolerance<= 5 mils | AD4: GOLD0 | AE4: =VLOOKUP(AF4,PinNo!$B:$C,2,0) -> 147 | AF4: =C4 -> P5_GIGA_MDIP
A5: SITE1 | B5: =VLOOKUP(C5,PinNo!$B:$C,2,0) -> 148 | C5: P5_GIGA_MDIN | D5: =VLOOKUP(CONCATENATE($A5,".",$B5),Netlist_VTable!$H:$I,2,0) -> S1_P5_GIGA_MDI- | E5: =VLOOKUP(D5,EtchLengthFromLayout!$A:$B,2,0) -> 1513.31 | F5: =CONCATENATE("S",MID($A5,5,1),"_U1_",SUBSTITUTE($C5,"IN","I-") ) -> S1_U1_P5_GIGA_MDI- | G5: =VLOOKUP(F5,EtchLengthFromLayout!$A:$B,2,0) -> 324.18 | H5: =E5+G5 -> 1837.49 | I5: =CONCATENATE("S",MID($A5,5,1),"_U2_",SUBSTITUTE($C5,"IN","I-") ) -> S1_U2_P5_GIGA_MDI- | J5: =VLOOKUP(I5,EtchLengthFromLayout!$A:$B,2,0) -> 100.55 | K5: =CONCATENATE("S",MID($A5,5,1),"_U3_",SUBSTITUTE($C5,"IN","I-") ) -> S1_U3_P5_GIGA_MDI- | L5: =VLOOKUP(K5,EtchLengthFromLayout!$A:$B,2,0) -> 8754.6 | O5: =CONCATENATE("S",MID($A5,5,1),"_LB_",SUBSTITUTE($C5,"IN","I-") ) -> S1_LB_P5_GIGA_MDI- | P5: =VLOOKUP(O5,EtchLengthFromLayout!$A:$B,2,0) -> 563.2 | U5: =SUBSTITUTE($Z5,"_P","_2_P") -> SG1_2_P5_GIGA_MDI- | V5: =VLOOKUP(U5,EtchLengthFromLayout!$A:$B,2,0) -> 961.85 | W5: =SUBSTITUTE($Z5,"_P","_1_P") -> SG1_1_P5_GIGA_MDI- | X5: =VLOOKUP(W5,EtchLengthFromLayout!$A:$B,2,0) -> 100.55 | Z5: =VLOOKUP(CONCATENATE($AD5,".",$AE5),Netlist_VTable!$H:$I,2,0) -> SG1_P5_GIGA_MDI- | AA5: =VLOOKUP(Z5,EtchLengthFromLayout!$A:$B,2,0) -> 1184.87 | AB5: =E5+G5+J5+L5+N5+P5+R5+T5+V5+X5+AA5 -> 13503.11 | AC5: =ABS(AB5-AB6) -> 0.1 | AD5: GOLD1 | AE5: =VLOOKUP(AF5,PinNo!$B:$C,2,0) -> 148 | AF5: =C5 -> P5_GIGA_MDIN
A6: SITE1 | B6: =VLOOKUP(C6,PinNo!$B:$C,2,0) -> 147 | C6: P5_GIGA_MDIP | D6: =VLOOKUP(CONCATENATE($A6,".",$B6),Netlist_VTable!$H:$I,2,0) -> S1_P5_GIGA_MDI+ | E6: =VLOOKUP(D6,EtchLengthFromLayout!$A:$B,2,0) -> 1513.33 | F6: =CONCATENATE("S",MID($A6,5,1),"_U1_",SUBSTITUTE($C6,"IP","I+") ) -> S1_U1_P5_GIGA_MDI+ | G6: =VLOOKUP(F6,EtchLengthFromLayout!$A:$B,2,0) -> 324.17 | H6: =E6+G6 -> 1837.5 | I6: =CONCATENATE("S",MID($A6,5,1),"_U2_",SUBSTITUTE($C6,"IP","I+") ) -> S1_U2_P5_GIGA_MDI+ | J6: =VLOOKUP(I6,EtchLengthFromLayout!$A:$B,2,0) -> 100.55 | K6: =CONCATENATE("S",MID($A6,5,1),"_U3_",SUBSTITUTE($C6,"IP","I+") ) -> S1_U3_P5_GIGA_MDI+ | L6: =VLOOKUP(K6,EtchLengthFromLayout!$A:$B,2,0) -> 8754.61 | O6: =CONCATENATE("S",MID($A6,5,1),"_LB_",SUBSTITUTE($C6,"IP","I+") ) -> S1_LB_P5_GIGA_MDI+ | P6: =VLOOKUP(O6,EtchLengthFromLayout!$A:$B,2,0) -> 563.18 | U6: =SUBSTITUTE($Z6,"_P","_2_P") -> SG1_2_P5_GIGA_MDI+ | V6: =VLOOKUP(U6,EtchLengthFromLayout!$A:$B,2,0) -> 961.8 | W6: =SUBSTITUTE($Z6,"_P","_1_P") -> SG1_1_P5_GIGA_MDI+ | X6: =VLOOKUP(W6,EtchLengthFromLayout!$A:$B,2,0) -> 100.55 | Z6: =VLOOKUP(CONCATENATE($AD6,".",$AE6),Netlist_VTable!$H:$I,2,0) -> SG1_P5_GIGA_MDI+ | AA6: =VLOOKUP(Z6,EtchLengthFromLayout!$A:$B,2,0) -> 1184.82 | AB6: =E6+G6+J6+L6+N6+P6+R6+T6+V6+X6+AA6 -> 13503.01 | AC6: =IF(AC5<=5,"OK, Tolerance<= 5 mils", "Fail, Tolerance > 5 mils") -> OK, Tolerance<= 5 mils | AD6: GOLD1 | AE6: =VLOOKUP(AF6,PinNo!$B:$C,2,0) -> 147 | AF6: =C6 -> P5_GIGA_MDIP
A7: SITE2 | B7: =VLOOKUP(C7,PinNo!$B:$C,2,0) -> 148 | C7: P5_GIGA_MDIN | D7: =VLOOKUP(CONCATENATE($A7,".",$B7),Netlist_VTable!$H:$I,2,0) -> S2_P5_GIGA_MDI- | E7: =VLOOKUP(D7,EtchLengthFromLayout!$A:$B,2,0) -> 1653.57 | F7: =CONCATENATE("S",MID($A7,5,1),"_U1_",SUBSTITUTE($C7,"IN","I-") ) -> S2_U1_P5_GIGA_MDI- | G7: =VLOOKUP(F7,EtchLengthFromLayout!$A:$B,2,0) -> 324.18 | H7: =E7+G7 -> 1977.75 | I7: =CONCATENATE("S",MID($A7,5,1),"_U2_",SUBSTITUTE($C7,"IN","I-") ) -> S2_U2_P5_GIGA_MDI- | J7: =VLOOKUP(I7,EtchLengthFromLayout!$A:$B,2,0) -> 100.55 | K7: =CONCATENATE("S",MID($A7,5,1),"_U3_",SUBSTITUTE($C7,"IN","I-") ) -> S2_U3_P5_GIGA_MDI- | L7: =VLOOKUP(K7,EtchLengthFromLayout!$A:$B,2,0) -> 8632.48 | O7: =CONCATENATE("S",MID($A7,5,1),"_LB_",SUBSTITUTE($C7,"IN","I-") ) -> S2_LB_P5_GIGA_MDI- | P7: =VLOOKUP(O7,EtchLengthFromLayout!$A:$B,2,0) -> 563.2 | U7: =SUBSTITUTE($Z7,"_P","_2_P") -> SG2_2_P5_GIGA_MDI- | V7: =VLOOKUP(U7,EtchLengthFromLayout!$A:$B,2,0) -> 954.7 | W7: =SUBSTITUTE($Z7,"_P","_1_P") -> SG2_1_P5_GIGA_MDI- | X7: =VLOOKUP(W7,EtchLengthFromLayout!$A:$B,2,0) -> 100.55 | Z7: =VLOOKUP(CONCATENATE($AD7,".",$AE7),Netlist_VTable!$H:$I,2,0) -> SG2_P5_GIGA_MDI- | AA7: =VLOOKUP(Z7,EtchLengthFromLayout!$A:$B,2,0) -> 1184.87 | AB7: =E7+G7+J7+L7+N7+P7+R7+T7+V7+X7+AA7 -> 13514.1 | AC7: =ABS(AB7-AB8) -> 0.06 | AD7: GOLD2 | AE7: =VLOOKUP(AF7,PinNo!$B:$C,2,0) -> 148 | AF7: =C7 -> P5_GIGA_MDIN
A8: SITE2 | B8: =VLOOKUP(C8,PinNo!$B:$C,2,0) -> 147 | C8: P5_GIGA_MDIP | D8: =VLOOKUP(CONCATENATE($A8,".",$B8),Netlist_VTable!$H:$I,2,0) -> S2_P5_GIGA_MDI+ | E8: =VLOOKUP(D8,EtchLengthFromLayout!$A:$B,2,0) -> 1653.57 | F8: =CONCATENATE("S",MID($A8,5,1),"_U1_",SUBSTITUTE($C8,"IP","I+") ) -> S2_U1_P5_GIGA_MDI+ | G8: =VLOOKUP(F8,EtchLengthFromLayout!$A:$B,2,0) -> 324.17 | H8: =E8+G8 -> 1977.74 | I8: =CONCATENATE("S",MID($A8,5,1),"_U2_",SUBSTITUTE($C8,"IP","I+") ) -> S2_U2_P5_GIGA_MDI+ | J8: =VLOOKUP(I8,EtchLengthFromLayout!$A:$B,2,0) -> 100.55 | K8: =CONCATENATE("S",MID($A8,5,1),"_U3_",SUBSTITUTE($C8,"IP","I+") ) -> S2_U3_P5_GIGA_MDI+ | L8: =VLOOKUP(K8,EtchLengthFromLayout!$A:$B,2,0) -> 8632.48 | O8: =CONCATENATE("S",MID($A8,5,1),"_LB_",SUBSTITUTE($C8,"IP","I+") ) -> S2_LB_P5_GIGA_MDI+ | P8: =VLOOKUP(O8,EtchLengthFromLayout!$A:$B,2,0) -> 563.18 | U8: =SUBSTITUTE($Z8,"_P","_2_P") -> SG2_2_P5_GIGA_MDI+ | V8: =VLOOKUP(U8,EtchLengthFromLayout!$A:$B,2,0) -> 954.68 | W8: =SUBSTITUTE($Z8,"_P","_1_P") -> SG2_1_P5_GIGA_MDI+ | X8: =VLOOKUP(W8,EtchLengthFromLayout!$A:$B,2,0) -> 100.55 | Z8: =VLOOKUP(CONCATENATE($AD8,".",$AE8),Netlist_VTable!$H:$I,2,0) -> SG2_P5_GIGA_MDI+ | AA8: =VLOOKUP(Z8,EtchLengthFromLayout!$A:$B,2,0) -> 1184.86 | AB8: =E8+G8+J8+L8+N8+P8+R8+T8+V8+X8+AA8 -> 13514.04 | AC8: =IF(AC7<=5,"OK, Tolerance<= 5 mils", "Fail, Tolerance > 5 mils") -> OK, Tolerance<= 5 mils | AD8: GOLD2 | AE8: =VLOOKUP(AF8,PinNo!$B:$C,2,0) -> 147 | AF8: =C8 -> P5_GIGA_MDIP
A9: SITE3 | B9: =VLOOKUP(C9,PinNo!$B:$C,2,0) -> 148 | C9: P5_GIGA_MDIN | D9: =VLOOKUP(CONCATENATE($A9,".",$B9),Netlist_VTable!$H:$I,2,0) -> S3_P5_GIGA_MDI- | E9: =VLOOKUP(D9,EtchLengthFromLayout!$A:$B,2,0) -> 1513.31 | F9: =CONCATENATE("S",MID($A9,5,1),"_U1_",SUBSTITUTE($C9,"IN","I-") ) -> S3_U1_P5_GIGA_MDI- | G9: =VLOOKUP(F9,EtchLengthFromLayout!$A:$B,2,0) -> 324.18 | H9: =E9+G9 -> 1837.49 | I9: =CONCATENATE("S",MID($A9,5,1),"_U2_",SUBSTITUTE($C9,"IN","I-") ) -> S3_U2_P5_GIGA_MDI- | J9: =VLOOKUP(I9,EtchLengthFromLayout!$A:$B,2,0) -> 100.55 | K9: =CONCATENATE("S",MID($A9,5,1),"_U3_",SUBSTITUTE($C9,"IN","I-") ) -> S3_U3_P5_GIGA_MDI- | L9: =VLOOKUP(K9,EtchLengthFromLayout!$A:$B,2,0) -> 8825 | O9: =CONCATENATE("S",MID($A9,5,1),"_LB_",SUBSTITUTE($C9,"IN","I-") ) -> S3_LB_P5_GIGA_MDI- | P9: =VLOOKUP(O9,EtchLengthFromLayout!$A:$B,2,0) -> 563.2 | U9: =SUBSTITUTE($Z9,"_P","_2_P") -> SG3_2_P5_GIGA_MDI- | V9: =VLOOKUP(U9,EtchLengthFromLayout!$A:$B,2,0) -> 845.76 | W9: =SUBSTITUTE($Z9,"_P","_1_P") -> SG3_1_P5_GIGA_MDI- | X9: =VLOOKUP(W9,EtchLengthFromLayout!$A:$B,2,0) -> 100.55 | Z9: =VLOOKUP(CONCATENATE($AD9,".",$AE9),Netlist_VTable!$H:$I,2,0) -> SG3_P5_GIGA_MDI- | AA9: =VLOOKUP(Z9,EtchLengthFromLayout!$A:$B,2,0) -> 1169.82 | AB9: =E9+G9+J9+L9+N9+P9+R9+T9+V9+X9+AA9 -> 13442.37 | AC9: =ABS(AB9-AB10) -> 0.03 | AD9: GOLD3 | AE9: =VLOOKUP(AF9,PinNo!$B:$C,2,0) -> 148 | AF9: =C9 -> P5_GIGA_MDIN
A10: SITE3 | B10: =VLOOKUP(C10,PinNo!$B:$C,2,0) -> 147 | C10: P5_GIGA_MDIP | D10: =VLOOKUP(CONCATENATE($A10,".",$B10),Netlist_VTable!$H:$I,2,0) -> S3_P5_GIGA_MDI+ | E10: =VLOOKUP(D10,EtchLengthFromLayout!$A:$B,2,0) -> 1513.31 | F10: =CONCATENATE("S",MID($A10,5,1),"_U1_",SUBSTITUTE($C10,"IP","I+") ) -> S3_U1_P5_GIGA_MDI+ | G10: =VLOOKUP(F10,EtchLengthFromLayout!$A:$B,2,0) -> 324.17 | H10: =E10+G10 -> 1837.48 | I10: =CONCATENATE("S",MID($A10,5,1),"_U2_",SUBSTITUTE($C10,"IP","I+") ) -> S3_U2_P5_GIGA_MDI+ | J10: =VLOOKUP(I10,EtchLengthFromLayout!$A:$B,2,0) -> 100.55 | K10: =CONCATENATE("S",MID($A10,5,1),"_U3_",SUBSTITUTE($C10,"IP","I+") ) -> S3_U3_P5_GIGA_MDI+ | L10: =VLOOKUP(K10,EtchLengthFromLayout!$A:$B,2,0) -> 8825 | O10: =CONCATENATE("S",MID($A10,5,1),"_LB_",SUBSTITUTE($C10,"IP","I+") ) -> S3_LB_P5_GIGA_MDI+ | P10: =VLOOKUP(O10,EtchLengthFromLayout!$A:$B,2,0) -> 563.18 | U10: =SUBSTITUTE($Z10,"_P","_2_P") -> SG3_2_P5_GIGA_MDI+ | V10: =VLOOKUP(U10,EtchLengthFromLayout!$A:$B,2,0) -> 845.76 | W10: =SUBSTITUTE($Z10,"_P","_1_P") -> SG3_1_P5_GIGA_MDI+ | X10: =VLOOKUP(W10,EtchLengthFromLayout!$A:$B,2,0) -> 100.55 | Z10: =VLOOKUP(CONCATENATE($AD10,".",$AE10),Netlist_VTable!$H:$I,2,0) -> SG3_P5_GIGA_MDI+ | AA10: =VLOOKUP(Z10,EtchLengthFromLayout!$A:$B,2,0) -> 1169.82 | AB10: =E10+G10+J10+L10+N10+P10+R10+T10+V10+X10+AA10 -> 13442.34 | AC10: =IF(AC9<=5,"OK, Tolerance<= 5 mils", "Fail, Tolerance > 5 mils") -> OK, Tolerance<= 5 mils | AD10: GOLD3 | AE10: =VLOOKUP(AF10,PinNo!$B:$C,2,0) -> 147 | AF10: =C10 -> P5_GIGA_MDIP
H11: =MAX(H3:H10) -> 1977.75 | Z11: Max | AB11: =MAX(AB3:AB10) -> 13514.1
H12: =MIN(H3:H10) -> 1837.48 | Z12: Min | AB12: =MIN(AB3:AB10) -> 13442.34
H13: =ABS(H11-H12) -> 140.27 | Z13: Max-Min | AB13: =ABS(AB11-AB12) -> 71.76
A16: Site | B16: Pin No | C16: Pin Name | D16: Net | E16: Length | F16: Net | G16: Length | H16: DUT-> Choke ( E + G ) 此處為最短距離 | I16: Net | J16: Length | K16: Net | L16: Length | M16: Net | N16: Length | O16: Net | P16: Length | Q16: Net | R16: Length | S16: Net | T16: Length | U16: Net | V16: Length | W16: Net | X16: Length | Z16: Golden -> Choke Net (此處為最短距離) | AA16: Length | AB16: Total Length (mils) | AC16: P/N Difference (mils) | AD16: Golden | AE16: Pin No | AF16: Pin Name | AG16: Note
A17: SITE0 | B17: =VLOOKUP(C17,PinNo!$B:$C,2,0) -> 143 | C17: P6_GIGA_MDIN | D17: =VLOOKUP(CONCATENATE($A17,".",$B17),Netlist_VTable!$H:$I,2,0) -> S0_P6_GIGA_MDI- | E17: =VLOOKUP(D17,EtchLengthFromLayout!$A:$B,2,0) -> 1664.82 | F17: =CONCATENATE("S",MID($A17,5,1),"_U1_",SUBSTITUTE($C17,"IN","I-") ) -> S0_U1_P6_GIGA_MDI- | G17: =VLOOKUP(F17,EtchLengthFromLayout!$A:$B,2,0) -> 322.85 | H17: =E17+G17 -> 1987.67 | I17: =CONCATENATE("S",MID($A17,5,1),"_U2_",SUBSTITUTE($C17,"IN","I-") ) -> S0_U2_P6_GIGA_MDI- | J17: =VLOOKUP(I17,EtchLengthFromLayout!$A:$B,2,0) -> 100.55 | K17: =CONCATENATE("S",MID($A17,5,1),"_U3_",SUBSTITUTE($C17,"IN","I-") ) -> S0_U3_P6_GIGA_MDI- | L17: =VLOOKUP(K17,EtchLengthFromLayout!$A:$B,2,0) -> 8505.74 | O17: =CONCATENATE("S",MID($A17,5,1),"_LB_",SUBSTITUTE($C17,"IN","I-") ) -> S0_LB_P6_GIGA_MDI- | P17: =VLOOKUP(O17,EtchLengthFromLayout!$A:$B,2,0) -> 578.71 | U17: =SUBSTITUTE($Z17,"_P","_2_P") -> SG0_2_P6_GIGA_MDI- | V17: =VLOOKUP(U17,EtchLengthFromLayout!$A:$B,2,0) -> 721.88 | W17: =SUBSTITUTE($Z17,"_P","_1_P") -> SG0_1_P6_GIGA_MDI- | X17: =VLOOKUP(W17,EtchLengthFromLayout!$A:$B,2,0) -> 100.55 | Z17: =VLOOKUP(CONCATENATE($AD17,".",$AE17),Netlist_VTable!$H:$I,2,0) -> SG0_P6_GIGA_MDI- | AA17: =VLOOKUP(Z17,EtchLengthFromLayout!$A:$B,2,0) -> 980.45 | AB17: =E17+G17+J17+L17+N17+P17+R17+T17+V17+X17+AA17 -> 12975.55 | AC17: =ABS(AB17-AB18) -> 0.21 | AD17: GOLD0 | AE17: =VLOOKUP(AF17,PinNo!$B:$C,2,0) -> 143 | AF17: =C17 -> P6_GIGA_MDIN | AG17: DUT to Golden Port P6
A18: SITE0 | B18: =VLOOKUP(C18,PinNo!$B:$C,2,0) -> 142 | C18: P6_GIGA_MDIP | D18: =VLOOKUP(CONCATENATE($A18,".",$B18),Netlist_VTable!$H:$I,2,0) -> S0_P6_GIGA_MDI+ | E18: =VLOOKUP(D18,EtchLengthFromLayout!$A:$B,2,0) -> 1664.83 | F18: =CONCATENATE("S",MID($A18,5,1),"_U1_",SUBSTITUTE($C18,"IP","I+") ) -> S0_U1_P6_GIGA_MDI+ | G18: =VLOOKUP(F18,EtchLengthFromLayout!$A:$B,2,0) -> 322.84 | H18: =E18+G18 -> 1987.67 | I18: =CONCATENATE("S",MID($A18,5,1),"_U2_",SUBSTITUTE($C18,"IP","I+") ) -> S0_U2_P6_GIGA_MDI+ | J18: =VLOOKUP(I18,EtchLengthFromLayout!$A:$B,2,0) -> 100.55 | K18: =CONCATENATE("S",MID($A18,5,1),"_U3_",SUBSTITUTE($C18,"IP","I+") ) -> S0_U3_P6_GIGA_MDI+ | L18: =VLOOKUP(K18,EtchLengthFromLayout!$A:$B,2,0) -> 8505.75 | O18: =CONCATENATE("S",MID($A18,5,1),"_LB_",SUBSTITUTE($C18,"IP","I+") ) -> S0_LB_P6_GIGA_MDI+ | P18: =VLOOKUP(O18,EtchLengthFromLayout!$A:$B,2,0) -> 578.87 | U18: =SUBSTITUTE($Z18,"_P","_2_P") -> SG0_2_P6_GIGA_MDI+ | V18: =VLOOKUP(U18,EtchLengthFromLayout!$A:$B,2,0) -> 721.87 | W18: =SUBSTITUTE($Z18,"_P","_1_P") -> SG0_1_P6_GIGA_MDI+ | X18: =VLOOKUP(W18,EtchLengthFromLayout!$A:$B,2,0) -> 100.55 | Z18: =VLOOKUP(CONCATENATE($AD18,".",$AE18),Netlist_VTable!$H:$I,2,0) -> SG0_P6_GIGA_MDI+ | AA18: =VLOOKUP(Z18,EtchLengthFromLayout!$A:$B,2,0) -> 980.5 | AB18: =E18+G18+J18+L18+N18+P18+R18+T18+V18+X18+AA18 -> 12975.76 | AC18: =IF(AC17<=5,"OK, Tolerance<= 5 mil", "Not OK, Tolerance > 5 mil") -> OK, Tolerance<= 5 mil | AD18: GOLD0 | AE18: =VLOOKUP(AF18,PinNo!$B:$C,2,0) -> 142 | AF18: =C18 -> P6_GIGA_MDIP
A19: SITE1 | B19: =VLOOKUP(C19,PinNo!$B:$C,2,0) -> 143 | C19: P6_GIGA_MDIN | D19: =VLOOKUP(CONCATENATE($A19,".",$B19),Netlist_VTable!$H:$I,2,0) -> S1_P6_GIGA_MDI- | E19: =VLOOKUP(D19,EtchLengthFromLayout!$A:$B,2,0) -> 1440.48 | F19: =CONCATENATE("S",MID($A19,5,1),"_U1_",SUBSTITUTE($C19,"IN","I-") ) -> S1_U1_P6_GIGA_MDI- | G19: =VLOOKUP(F19,EtchLengthFromLayout!$A:$B,2,0) -> 322.85 | H19: =E19+G19 -> 1763.33 | I19: =CONCATENATE("S",MID($A19,5,1),"_U2_",SUBSTITUTE($C19,"IN","I-") ) -> S1_U2_P6_GIGA_MDI- | J19: =VLOOKUP(I19,EtchLengthFromLayout!$A:$B,2,0) -> 100.55 | K19: =CONCATENATE("S",MID($A19,5,1),"_U3_",SUBSTITUTE($C19,"IN","I-") ) -> S1_U3_P6_GIGA_MDI- | L19: =VLOOKUP(K19,EtchLengthFromLayout!$A:$B,2,0) -> 8824.37 | O19: =CONCATENATE("S",MID($A19,5,1),"_LB_",SUBSTITUTE($C19,"IN","I-") ) -> S1_LB_P6_GIGA_MDI- | P19: =VLOOKUP(O19,EtchLengthFromLayout!$A:$B,2,0) -> 578.15 | U19: =SUBSTITUTE($Z19,"_P","_2_P") -> SG1_2_P6_GIGA_MDI- | V19: =VLOOKUP(U19,EtchLengthFromLayout!$A:$B,2,0) -> 962.19 | W19: =SUBSTITUTE($Z19,"_P","_1_P") -> SG1_1_P6_GIGA_MDI- | X19: =VLOOKUP(W19,EtchLengthFromLayout!$A:$B,2,0) -> 100.55 | Z19: =VLOOKUP(CONCATENATE($AD19,".",$AE19),Netlist_VTable!$H:$I,2,0) -> SG1_P6_GIGA_MDI- | AA19: =VLOOKUP(Z19,EtchLengthFromLayout!$A:$B,2,0) -> 971.75 | AB19: =E19+G19+J19+L19+N19+P19+R19+T19+V19+X19+AA19 -> 13300.89 | AC19: =ABS(AB19-AB20) -> 0.15 | AD19: GOLD1 | AE19: =VLOOKUP(AF19,PinNo!$B:$C,2,0) -> 143 | AF19: =C19 -> P6_GIGA_MDIN
A20: SITE1 | B20: =VLOOKUP(C20,PinNo!$B:$C,2,0) -> 142 | C20: P6_GIGA_MDIP | D20: =VLOOKUP(CONCATENATE($A20,".",$B20),Netlist_VTable!$H:$I,2,0) -> S1_P6_GIGA_MDI+ | E20: =VLOOKUP(D20,EtchLengthFromLayout!$A:$B,2,0) -> 1440.49 | F20: =CONCATENATE("S",MID($A20,5,1),"_U1_",SUBSTITUTE($C20,"IP","I+") ) -> S1_U1_P6_GIGA_MDI+ | G20: =VLOOKUP(F20,EtchLengthFromLayout!$A:$B,2,0) -> 322.84 | H20: =E20+G20 -> 1763.33 | I20: =CONCATENATE("S",MID($A20,5,1),"_U2_",SUBSTITUTE($C20,"IP","I+") ) -> S1_U2_P6_GIGA_MDI+ | J20: =VLOOKUP(I20,EtchLengthFromLayout!$A:$B,2,0) -> 100.55 | K20: =CONCATENATE("S",MID($A20,5,1),"_U3_",SUBSTITUTE($C20,"IP","I+") ) -> S1_U3_P6_GIGA_MDI+ | L20: =VLOOKUP(K20,EtchLengthFromLayout!$A:$B,2,0) -> 8824.38 | O20: =CONCATENATE("S",MID($A20,5,1),"_LB_",SUBSTITUTE($C20,"IP","I+") ) -> S1_LB_P6_GIGA_MDI+ | P20: =VLOOKUP(O20,EtchLengthFromLayout!$A:$B,2,0) -> 578.31 | U20: =SUBSTITUTE($Z20,"_P","_2_P") -> SG1_2_P6_GIGA_MDI+ | V20: =VLOOKUP(U20,EtchLengthFromLayout!$A:$B,2,0) -> 962.18 | W20: =SUBSTITUTE($Z20,"_P","_1_P") -> SG1_1_P6_GIGA_MDI+ | X20: =VLOOKUP(W20,EtchLengthFromLayout!$A:$B,2,0) -> 100.55 | Z20: =VLOOKUP(CONCATENATE($AD20,".",$AE20),Netlist_VTable!$H:$I,2,0) -> SG1_P6_GIGA_MDI+ | AA20: =VLOOKUP(Z20,EtchLengthFromLayout!$A:$B,2,0) -> 971.74 | AB20: =E20+G20+J20+L20+N20+P20+R20+T20+V20+X20+AA20 -> 13301.04 | AC20: =IF(AC19<=5,"OK, Tolerance<= 5 mil", "Not OK, Tolerance > 5 mil") -> OK, Tolerance<= 5 mil | AD20: GOLD1 | AE20: =VLOOKUP(AF20,PinNo!$B:$C,2,0) -> 142 | AF20: =C20 -> P6_GIGA_MDIP
A21: SITE2 | B21: =VLOOKUP(C21,PinNo!$B:$C,2,0) -> 143 | C21: P6_GIGA_MDIN | D21: =VLOOKUP(CONCATENATE($A21,".",$B21),Netlist_VTable!$H:$I,2,0) -> S2_P6_GIGA_MDI- | E21: =VLOOKUP(D21,EtchLengthFromLayout!$A:$B,2,0) -> 1665.06 | F21: =CONCATENATE("S",MID($A21,5,1),"_U1_",SUBSTITUTE($C21,"IN","I-") ) -> S2_U1_P6_GIGA_MDI- | G21: =VLOOKUP(F21,EtchLengthFromLayout!$A:$B,2,0) -> 322.85 | H21: =E21+G21 -> 1987.91 | I21: =CONCATENATE("S",MID($A21,5,1),"_U2_",SUBSTITUTE($C21,"IN","I-") ) -> S2_U2_P6_GIGA_MDI- | J21: =VLOOKUP(I21,EtchLengthFromLayout!$A:$B,2,0) -> 100.55 | K21: =CONCATENATE("S",MID($A21,5,1),"_U3_",SUBSTITUTE($C21,"IN","I-") ) -> S2_U3_P6_GIGA_MDI- | L21: =VLOOKUP(K21,EtchLengthFromLayout!$A:$B,2,0) -> 8298.51 | O21: =CONCATENATE("S",MID($A21,5,1),"_LB_",SUBSTITUTE($C21,"IN","I-") ) -> S2_LB_P6_GIGA_MDI- | P21: =VLOOKUP(O21,EtchLengthFromLayout!$A:$B,2,0) -> 578.7 | U21: =SUBSTITUTE($Z21,"_P","_2_P") -> SG2_2_P6_GIGA_MDI- | V21: =VLOOKUP(U21,EtchLengthFromLayout!$A:$B,2,0) -> 944.51 | W21: =SUBSTITUTE($Z21,"_P","_1_P") -> SG2_1_P6_GIGA_MDI- | X21: =VLOOKUP(W21,EtchLengthFromLayout!$A:$B,2,0) -> 100.55 | Z21: =VLOOKUP(CONCATENATE($AD21,".",$AE21),Netlist_VTable!$H:$I,2,0) -> SG2_P6_GIGA_MDI- | AA21: =VLOOKUP(Z21,EtchLengthFromLayout!$A:$B,2,0) -> 1004.1 | AB21: =E21+G21+J21+L21+N21+P21+R21+T21+V21+X21+AA21 -> 13014.83 | AC21: =ABS(AB21-AB22) -> 0.17 | AD21: GOLD2 | AE21: =VLOOKUP(AF21,PinNo!$B:$C,2,0) -> 143 | AF21: =C21 -> P6_GIGA_MDIN
A22: SITE2 | B22: =VLOOKUP(C22,PinNo!$B:$C,2,0) -> 142 | C22: P6_GIGA_MDIP | D22: =VLOOKUP(CONCATENATE($A22,".",$B22),Netlist_VTable!$H:$I,2,0) -> S2_P6_GIGA_MDI+ | E22: =VLOOKUP(D22,EtchLengthFromLayout!$A:$B,2,0) -> 1665.07 | F22: =CONCATENATE("S",MID($A22,5,1),"_U1_",SUBSTITUTE($C22,"IP","I+") ) -> S2_U1_P6_GIGA_MDI+ | G22: =VLOOKUP(F22,EtchLengthFromLayout!$A:$B,2,0) -> 322.84 | H22: =E22+G22 -> 1987.91 | I22: =CONCATENATE("S",MID($A22,5,1),"_U2_",SUBSTITUTE($C22,"IP","I+") ) -> S2_U2_P6_GIGA_MDI+ | J22: =VLOOKUP(I22,EtchLengthFromLayout!$A:$B,2,0) -> 100.55 | K22: =CONCATENATE("S",MID($A22,5,1),"_U3_",SUBSTITUTE($C22,"IP","I+") ) -> S2_U3_P6_GIGA_MDI+ | L22: =VLOOKUP(K22,EtchLengthFromLayout!$A:$B,2,0) -> 8298.51 | O22: =CONCATENATE("S",MID($A22,5,1),"_LB_",SUBSTITUTE($C22,"IP","I+") ) -> S2_LB_P6_GIGA_MDI+ | P22: =VLOOKUP(O22,EtchLengthFromLayout!$A:$B,2,0) -> 578.86 | U22: =SUBSTITUTE($Z22,"_P","_2_P") -> SG2_2_P6_GIGA_MDI+ | V22: =VLOOKUP(U22,EtchLengthFromLayout!$A:$B,2,0) -> 944.51 | W22: =SUBSTITUTE($Z22,"_P","_1_P") -> SG2_1_P6_GIGA_MDI+ | X22: =VLOOKUP(W22,EtchLengthFromLayout!$A:$B,2,0) -> 100.55 | Z22: =VLOOKUP(CONCATENATE($AD22,".",$AE22),Netlist_VTable!$H:$I,2,0) -> SG2_P6_GIGA_MDI+ | AA22: =VLOOKUP(Z22,EtchLengthFromLayout!$A:$B,2,0) -> 1004.11 | AB22: =E22+G22+J22+L22+N22+P22+R22+T22+V22+X22+AA22 -> 13015 | AC22: =IF(AC21<=5,"OK, Tolerance<= 5 mil", "Not OK, Tolerance > 5 mil") -> OK, Tolerance<= 5 mil | AD22: GOLD2 | AE22: =VLOOKUP(AF22,PinNo!$B:$C,2,0) -> 142 | AF22: =C22 -> P6_GIGA_MDIP
A23: SITE3 | B23: =VLOOKUP(C23,PinNo!$B:$C,2,0) -> 143 | C23: P6_GIGA_MDIN | D23: =VLOOKUP(CONCATENATE($A23,".",$B23),Netlist_VTable!$H:$I,2,0) -> S3_P6_GIGA_MDI- | E23: =VLOOKUP(D23,EtchLengthFromLayout!$A:$B,2,0) -> 1440.48 | F23: =CONCATENATE("S",MID($A23,5,1),"_U1_",SUBSTITUTE($C23,"IN","I-") ) -> S3_U1_P6_GIGA_MDI- | G23: =VLOOKUP(F23,EtchLengthFromLayout!$A:$B,2,0) -> 322.85 | H23: =E23+G23 -> 1763.33 | I23: =CONCATENATE("S",MID($A23,5,1),"_U2_",SUBSTITUTE($C23,"IN","I-") ) -> S3_U2_P6_GIGA_MDI- | J23: =VLOOKUP(I23,EtchLengthFromLayout!$A:$B,2,0) -> 100.55 | K23: =CONCATENATE("S",MID($A23,5,1),"_U3_",SUBSTITUTE($C23,"IN","I-") ) -> S3_U3_P6_GIGA_MDI- | L23: =VLOOKUP(K23,EtchLengthFromLayout!$A:$B,2,0) -> 9107.21 | O23: =CONCATENATE("S",MID($A23,5,1),"_LB_",SUBSTITUTE($C23,"IN","I-") ) -> S3_LB_P6_GIGA_MDI- | P23: =VLOOKUP(O23,EtchLengthFromLayout!$A:$B,2,0) -> 578.67 | U23: =SUBSTITUTE($Z23,"_P","_2_P") -> SG3_2_P6_GIGA_MDI- | V23: =VLOOKUP(U23,EtchLengthFromLayout!$A:$B,2,0) -> 833.09 | W23: =SUBSTITUTE($Z23,"_P","_1_P") -> SG3_1_P6_GIGA_MDI- | X23: =VLOOKUP(W23,EtchLengthFromLayout!$A:$B,2,0) -> 100.55 | Z23: =VLOOKUP(CONCATENATE($AD23,".",$AE23),Netlist_VTable!$H:$I,2,0) -> SG3_P6_GIGA_MDI- | AA23: =VLOOKUP(Z23,EtchLengthFromLayout!$A:$B,2,0) -> 973.09 | AB23: =E23+G23+J23+L23+N23+P23+R23+T23+V23+X23+AA23 -> 13456.49 | AC23: =ABS(AB23-AB24) -> 0.14 | AD23: GOLD3 | AE23: =VLOOKUP(AF23,PinNo!$B:$C,2,0) -> 143 | AF23: =C23 -> P6_GIGA_MDIN
A24: SITE3 | B24: =VLOOKUP(C24,PinNo!$B:$C,2,0) -> 142 | C24: P6_GIGA_MDIP | D24: =VLOOKUP(CONCATENATE($A24,".",$B24),Netlist_VTable!$H:$I,2,0) -> S3_P6_GIGA_MDI+ | E24: =VLOOKUP(D24,EtchLengthFromLayout!$A:$B,2,0) -> 1440.49 | F24: =CONCATENATE("S",MID($A24,5,1),"_U1_",SUBSTITUTE($C24,"IP","I+") ) -> S3_U1_P6_GIGA_MDI+ | G24: =VLOOKUP(F24,EtchLengthFromLayout!$A:$B,2,0) -> 322.84 | H24: =E24+G24 -> 1763.33 | I24: =CONCATENATE("S",MID($A24,5,1),"_U2_",SUBSTITUTE($C24,"IP","I+") ) -> S3_U2_P6_GIGA_MDI+ | J24: =VLOOKUP(I24,EtchLengthFromLayout!$A:$B,2,0) -> 100.55 | K24: =CONCATENATE("S",MID($A24,5,1),"_U3_",SUBSTITUTE($C24,"IP","I+") ) -> S3_U3_P6_GIGA_MDI+ | L24: =VLOOKUP(K24,EtchLengthFromLayout!$A:$B,2,0) -> 9107.21 | O24: =CONCATENATE("S",MID($A24,5,1),"_LB_",SUBSTITUTE($C24,"IP","I+") ) -> S3_LB_P6_GIGA_MDI+ | P24: =VLOOKUP(O24,EtchLengthFromLayout!$A:$B,2,0) -> 578.83 | U24: =SUBSTITUTE($Z24,"_P","_2_P") -> SG3_2_P6_GIGA_MDI+ | V24: =VLOOKUP(U24,EtchLengthFromLayout!$A:$B,2,0) -> 833.08 | W24: =SUBSTITUTE($Z24,"_P","_1_P") -> SG3_1_P6_GIGA_MDI+ | X24: =VLOOKUP(W24,EtchLengthFromLayout!$A:$B,2,0) -> 100.55 | Z24: =VLOOKUP(CONCATENATE($AD24,".",$AE24),Netlist_VTable!$H:$I,2,0) -> SG3_P6_GIGA_MDI+ | AA24: =VLOOKUP(Z24,EtchLengthFromLayout!$A:$B,2,0) -> 973.08 | AB24: =E24+G24+J24+L24+N24+P24+R24+T24+V24+X24+AA24 -> 13456.63 | AC24: =IF(AC23<=5,"OK, Tolerance<= 5 mil", "Not OK, Tolerance > 5 mil") -> OK, Tolerance<= 5 mil | AD24: GOLD3 | AE24: =VLOOKUP(AF24,PinNo!$B:$C,2,0) -> 142 | AF24: =C24 -> P6_GIGA_MDIP
H25: =MAX(H17:H24) -> 1987.91 | Z25: Max | AB25: =MAX(AB17:AB24) -> 13456.63
H26: =MIN(H17:H24) -> 1763.33 | Z26: Min | AB26: =MIN(AB17:AB24) -> 12975.55
H27: =ABS(H25-H26) -> 224.58 | Z27: Max-Min | AB27: =ABS(AB25-AB26) -> 481.08
Z31: All Port
Z32: Max | AB32: =MAX(AB11,AB25) -> 13514.1
Z33: Min | AB33: =MIN(AB12,AB26) -> 12975.55
Z34: Max-Min | AB34: =ABS(AB32-AB33) -> 538.55
Z35: Tolerence Check | AB35: =IF(AB34<=1000,"OK, Tolerance<= 1000 mils", "Fail, Tolerance > 1000 mils") -> OK, Tolerance<= 1000 mils
A40: DUT Port [ 5 : 6 ] to TE CONN Plus Golden to TE CONN | M40: 等長調此線段 | S40: 等長調此線段 | AB40: All Site All Port 等長 誤差 1000 mils
A41: Site | B41: Pin No | C41: Pin Name | D41: Net | E41: Length | F41: Net | G41: Length | H41: DUT-> Choke ( E + G ) 此處為最短距離 | I41: Net | J41: Length | K41: Net | L41: Length | M41: Net | N41: Length | O41: Net | P41: Length | Q41: Net | R41: Length | S41: Net | T41: Length | U41: Net | V41: Length | W41: Net | X41: Length | Z41: Golden -> Choke Net (此處為最短距離) | AA41: Length | AB41: Total Length (mils) | AC41: P/N Difference (mils) | AD41: Golden | AE41: Pin No | AF41: Pin Name | AG41: Note
A42: SITE0 | B42: =VLOOKUP(C42,PinNo!$B:$C,2,0) -> 148 | C42: P5_GIGA_MDIN | D42: =VLOOKUP(CONCATENATE($A42,".",$B42),Netlist_VTable!$H:$I,2,0) -> S0_P5_GIGA_MDI- | E42: =VLOOKUP(D42,EtchLengthFromLayout!$A:$B,2,0) -> 1653.57 | F42: =CONCATENATE("S",MID($A42,5,1),"_U1_",SUBSTITUTE($C42,"IN","I-") ) -> S0_U1_P5_GIGA_MDI- | G42: =VLOOKUP(F42,EtchLengthFromLayout!$A:$B,2,0) -> 324.18 | H42: =E42+G42 -> 1977.75 | I42: =CONCATENATE("S",MID($A42,5,1),"_U2_",SUBSTITUTE($C42,"IN","I-") ) -> S0_U2_P5_GIGA_MDI- | J42: =VLOOKUP(I42,EtchLengthFromLayout!$A:$B,2,0) -> 100.55 | K42: =CONCATENATE("S",MID($A42,5,1),"_U3_",SUBSTITUTE($C42,"IN","I-") ) -> S0_U3_P5_GIGA_MDI- | L42: =VLOOKUP(K42,EtchLengthFromLayout!$A:$B,2,0) -> 8857.16 | M42: =CONCATENATE("S",MID($A42,5,1),"_U4_",SUBSTITUTE($C42,"IN","I-") ) -> S0_U4_P5_GIGA_MDI- | N42: =VLOOKUP(M42,EtchLengthFromLayout!$A:$B,2,0) -> 1325.47 | O42: =SUBSTITUTE($D42, "_P5","_U5") -> S0_U5_GIGA_MDI- | P42: =VLOOKUP(O42,EtchLengthFromLayout!$A:$B,2,0) -> 573.75 | Q42: =SUBSTITUTE($Z42,"_P5","_U5") -> SG0_U5_GIGA_MDI- | R42: =VLOOKUP(Q42,EtchLengthFromLayout!$A:$B,2,0) -> 554.73 | S42: =SUBSTITUTE($Z42,"_P","_3_P") -> SG0_3_P5_GIGA_MDI- | T42: =VLOOKUP(S42,EtchLengthFromLayout!$A:$B,2,0) -> 522.39 | U42: =SUBSTITUTE($Z42,"_P","_2_P") -> SG0_2_P5_GIGA_MDI- | V42: =VLOOKUP(U42,EtchLengthFromLayout!$A:$B,2,0) -> 673.97 | W42: =SUBSTITUTE($Z42,"_P","_1_P") -> SG0_1_P5_GIGA_MDI- | X42: =VLOOKUP(W42,EtchLengthFromLayout!$A:$B,2,0) -> 100.55 | Z42: =VLOOKUP(CONCATENATE($AD42,".",$AE42),Netlist_VTable!$H:$I,2,0) -> SG0_P5_GIGA_MDI- | AA42: =VLOOKUP(Z42,EtchLengthFromLayout!$A:$B,2,0) -> 1173.76 | AB42: =E42+G42+J42+L42+N42+P42+R42+T42+V42+X42+AA42 -> 15860.08 | AC42: =ABS(AB42-AB43) -> 1.8189894e-12 | AD42: GOLD0 | AE42: =VLOOKUP(AF42,PinNo!$B:$C,2,0) -> 148 | AF42: =C42 -> P5_GIGA_MDIN | AG42: TE CONN Plus Golden to TE CONN Port P5
A43: SITE0 | B43: =VLOOKUP(C43,PinNo!$B:$C,2,0) -> 147 | C43: P5_GIGA_MDIP | D43: =VLOOKUP(CONCATENATE($A43,".",$B43),Netlist_VTable!$H:$I,2,0) -> S0_P5_GIGA_MDI+ | E43: =VLOOKUP(D43,EtchLengthFromLayout!$A:$B,2,0) -> 1653.57 | F43: =CONCATENATE("S",MID($A43,5,1),"_U1_",SUBSTITUTE($C43,"IP","I+") ) -> S0_U1_P5_GIGA_MDI+ | G43: =VLOOKUP(F43,EtchLengthFromLayout!$A:$B,2,0) -> 324.17 | H43: =E43+G43 -> 1977.74 | I43: =CONCATENATE("S",MID($A43,5,1),"_U2_",SUBSTITUTE($C43,"IP","I+") ) -> S0_U2_P5_GIGA_MDI+ | J43: =VLOOKUP(I43,EtchLengthFromLayout!$A:$B,2,0) -> 100.55 | K43: =CONCATENATE("S",MID($A43,5,1),"_U3_",SUBSTITUTE($C43,"IP","I+") ) -> S0_U3_P5_GIGA_MDI+ | L43: =VLOOKUP(K43,EtchLengthFromLayout!$A:$B,2,0) -> 8857.16 | M43: =CONCATENATE("S",MID($A43,5,1),"_U4_",SUBSTITUTE($C43,"IP","I+") ) -> S0_U4_P5_GIGA_MDI+ | N43: =VLOOKUP(M43,EtchLengthFromLayout!$A:$B,2,0) -> 1325.47 | O43: =SUBSTITUTE($D43, "_P5","_U5") -> S0_U5_GIGA_MDI+ | P43: =VLOOKUP(O43,EtchLengthFromLayout!$A:$B,2,0) -> 573.76 | Q43: =SUBSTITUTE($Z43,"_P5","_U5") -> SG0_U5_GIGA_MDI+ | R43: =VLOOKUP(Q43,EtchLengthFromLayout!$A:$B,2,0) -> 554.74 | S43: =SUBSTITUTE($Z43,"_P","_3_P") -> SG0_3_P5_GIGA_MDI+ | T43: =VLOOKUP(S43,EtchLengthFromLayout!$A:$B,2,0) -> 522.39 | U43: =SUBSTITUTE($Z43,"_P","_2_P") -> SG0_2_P5_GIGA_MDI+ | V43: =VLOOKUP(U43,EtchLengthFromLayout!$A:$B,2,0) -> 673.97 | W43: =SUBSTITUTE($Z43,"_P","_1_P") -> SG0_1_P5_GIGA_MDI+ | X43: =VLOOKUP(W43,EtchLengthFromLayout!$A:$B,2,0) -> 100.55 | Z43: =VLOOKUP(CONCATENATE($AD43,".",$AE43),Netlist_VTable!$H:$I,2,0) -> SG0_P5_GIGA_MDI+ | AA43: =VLOOKUP(Z43,EtchLengthFromLayout!$A:$B,2,0) -> 1173.75 | AB43: =E43+G43+J43+L43+N43+P43+R43+T43+V43+X43+AA43 -> 15860.08 | AC43: =IF(AC42<=5,"OK, Tolerance<= 5 mils", "Fail, Tolerance > 5 mils") -> OK, Tolerance<= 5 mils | AD43: GOLD0 | AE43: =VLOOKUP(AF43,PinNo!$B:$C,2,0) -> 147 | AF43: =C43 -> P5_GIGA_MDIP
A44: SITE1 | B44: =VLOOKUP(C44,PinNo!$B:$C,2,0) -> 148 | C44: P5_GIGA_MDIN | D44: =VLOOKUP(CONCATENATE($A44,".",$B44),Netlist_VTable!$H:$I,2,0) -> S1_P5_GIGA_MDI- | E44: =VLOOKUP(D44,EtchLengthFromLayout!$A:$B,2,0) -> 1513.31 | F44: =CONCATENATE("S",MID($A44,5,1),"_U1_",SUBSTITUTE($C44,"IN","I-") ) -> S1_U1_P5_GIGA_MDI- | G44: =VLOOKUP(F44,EtchLengthFromLayout!$A:$B,2,0) -> 324.18 | H44: =E44+G44 -> 1837.49 | I44: =CONCATENATE("S",MID($A44,5,1),"_U2_",SUBSTITUTE($C44,"IN","I-") ) -> S1_U2_P5_GIGA_MDI- | J44: =VLOOKUP(I44,EtchLengthFromLayout!$A:$B,2,0) -> 100.55 | K44: =CONCATENATE("S",MID($A44,5,1),"_U3_",SUBSTITUTE($C44,"IN","I-") ) -> S1_U3_P5_GIGA_MDI- | L44: =VLOOKUP(K44,EtchLengthFromLayout!$A:$B,2,0) -> 8754.6 | M44: =CONCATENATE("S",MID($A44,5,1),"_U4_",SUBSTITUTE($C44,"IN","I-") ) -> S1_U4_P5_GIGA_MDI- | N44: =VLOOKUP(M44,EtchLengthFromLayout!$A:$B,2,0) -> 1495.67 | O44: =SUBSTITUTE($D44, "_P5","_U5") -> S1_U5_GIGA_MDI- | P44: =VLOOKUP(O44,EtchLengthFromLayout!$A:$B,2,0) -> 573.75 | Q44: =SUBSTITUTE($Z44,"_P5","_U5") -> SG1_U5_GIGA_MDI- | R44: =VLOOKUP(Q44,EtchLengthFromLayout!$A:$B,2,0) -> 554.73 | S44: =SUBSTITUTE($Z44,"_P","_3_P") -> SG1_3_P5_GIGA_MDI- | T44: =VLOOKUP(S44,EtchLengthFromLayout!$A:$B,2,0) -> 522.39 | U44: =SUBSTITUTE($Z44,"_P","_2_P") -> SG1_2_P5_GIGA_MDI- | V44: =VLOOKUP(U44,EtchLengthFromLayout!$A:$B,2,0) -> 961.85 | W44: =SUBSTITUTE($Z44,"_P","_1_P") -> SG1_1_P5_GIGA_MDI- | X44: =VLOOKUP(W44,EtchLengthFromLayout!$A:$B,2,0) -> 100.55 | Z44: =VLOOKUP(CONCATENATE($AD44,".",$AE44),Netlist_VTable!$H:$I,2,0) -> SG1_P5_GIGA_MDI- | AA44: =VLOOKUP(Z44,EtchLengthFromLayout!$A:$B,2,0) -> 1184.87 | AB44: =E44+G44+J44+L44+N44+P44+R44+T44+V44+X44+AA44 -> 16086.45 | AC44: =ABS(AB44-AB45) -> 0.06 | AD44: GOLD1 | AE44: =VLOOKUP(AF44,PinNo!$B:$C,2,0) -> 148 | AF44: =C44 -> P5_GIGA_MDIN
A45: SITE1 | B45: =VLOOKUP(C45,PinNo!$B:$C,2,0) -> 147 | C45: P5_GIGA_MDIP | D45: =VLOOKUP(CONCATENATE($A45,".",$B45),Netlist_VTable!$H:$I,2,0) -> S1_P5_GIGA_MDI+ | E45: =VLOOKUP(D45,EtchLengthFromLayout!$A:$B,2,0) -> 1513.33 | F45: =CONCATENATE("S",MID($A45,5,1),"_U1_",SUBSTITUTE($C45,"IP","I+") ) -> S1_U1_P5_GIGA_MDI+ | G45: =VLOOKUP(F45,EtchLengthFromLayout!$A:$B,2,0) -> 324.17 | H45: =E45+G45 -> 1837.5 | I45: =CONCATENATE("S",MID($A45,5,1),"_U2_",SUBSTITUTE($C45,"IP","I+") ) -> S1_U2_P5_GIGA_MDI+ | J45: =VLOOKUP(I45,EtchLengthFromLayout!$A:$B,2,0) -> 100.55 | K45: =CONCATENATE("S",MID($A45,5,1),"_U3_",SUBSTITUTE($C45,"IP","I+") ) -> S1_U3_P5_GIGA_MDI+ | L45: =VLOOKUP(K45,EtchLengthFromLayout!$A:$B,2,0) -> 8754.61 | M45: =CONCATENATE("S",MID($A45,5,1),"_U4_",SUBSTITUTE($C45,"IP","I+") ) -> S1_U4_P5_GIGA_MDI+ | N45: =VLOOKUP(M45,EtchLengthFromLayout!$A:$B,2,0) -> 1495.67 | O45: =SUBSTITUTE($D45, "_P5","_U5") -> S1_U5_GIGA_MDI+ | P45: =VLOOKUP(O45,EtchLengthFromLayout!$A:$B,2,0) -> 573.76 | Q45: =SUBSTITUTE($Z45,"_P5","_U5") -> SG1_U5_GIGA_MDI+ | R45: =VLOOKUP(Q45,EtchLengthFromLayout!$A:$B,2,0) -> 554.74 | S45: =SUBSTITUTE($Z45,"_P","_3_P") -> SG1_3_P5_GIGA_MDI+ | T45: =VLOOKUP(S45,EtchLengthFromLayout!$A:$B,2,0) -> 522.39 | U45: =SUBSTITUTE($Z45,"_P","_2_P") -> SG1_2_P5_GIGA_MDI+ | V45: =VLOOKUP(U45,EtchLengthFromLayout!$A:$B,2,0) -> 961.8 | W45: =SUBSTITUTE($Z45,"_P","_1_P") -> SG1_1_P5_GIGA_MDI+ | X45: =VLOOKUP(W45,EtchLengthFromLayout!$A:$B,2,0) -> 100.55 | Z45: =VLOOKUP(CONCATENATE($AD45,".",$AE45),Netlist_VTable!$H:$I,2,0) -> SG1_P5_GIGA_MDI+ | AA45: =VLOOKUP(Z45,EtchLengthFromLayout!$A:$B,2,0) -> 1184.82 | AB45: =E45+G45+J45+L45+N45+P45+R45+T45+V45+X45+AA45 -> 16086.39 | AC45: =IF(AC44<=5,"OK, Tolerance<= 5 mils", "Fail, Tolerance > 5 mils") -> OK, Tolerance<= 5 mils | AD45: GOLD1 | AE45: =VLOOKUP(AF45,PinNo!$B:$C,2,0) -> 147 | AF45: =C45 -> P5_GIGA_MDIP
A46: SITE2 | B46: =VLOOKUP(C46,PinNo!$B:$C,2,0) -> 148 | C46: P5_GIGA_MDIN | D46: =VLOOKUP(CONCATENATE($A46,".",$B46),Netlist_VTable!$H:$I,2,0) -> S2_P5_GIGA_MDI- | E46: =VLOOKUP(D46,EtchLengthFromLayout!$A:$B,2,0) -> 1653.57 | F46: =CONCATENATE("S",MID($A46,5,1),"_U1_",SUBSTITUTE($C46,"IN","I-") ) -> S2_U1_P5_GIGA_MDI- | G46: =VLOOKUP(F46,EtchLengthFromLayout!$A:$B,2,0) -> 324.18 | H46: =E46+G46 -> 1977.75 | I46: =CONCATENATE("S",MID($A46,5,1),"_U2_",SUBSTITUTE($C46,"IN","I-") ) -> S2_U2_P5_GIGA_MDI- | J46: =VLOOKUP(I46,EtchLengthFromLayout!$A:$B,2,0) -> 100.55 | K46: =CONCATENATE("S",MID($A46,5,1),"_U3_",SUBSTITUTE($C46,"IN","I-") ) -> S2_U3_P5_GIGA_MDI- | L46: =VLOOKUP(K46,EtchLengthFromLayout!$A:$B,2,0) -> 8632.48 | M46: =CONCATENATE("S",MID($A46,5,1),"_U4_",SUBSTITUTE($C46,"IN","I-") ) -> S2_U4_P5_GIGA_MDI- | N46: =VLOOKUP(M46,EtchLengthFromLayout!$A:$B,2,0) -> 1325.86 | O46: =SUBSTITUTE($D46, "_P5","_U5") -> S2_U5_GIGA_MDI- | P46: =VLOOKUP(O46,EtchLengthFromLayout!$A:$B,2,0) -> 573.75 | Q46: =SUBSTITUTE($Z46,"_P5","_U5") -> SG2_U5_GIGA_MDI- | R46: =VLOOKUP(Q46,EtchLengthFromLayout!$A:$B,2,0) -> 554.73 | S46: =SUBSTITUTE($Z46,"_P","_3_P") -> SG2_3_P5_GIGA_MDI- | T46: =VLOOKUP(S46,EtchLengthFromLayout!$A:$B,2,0) -> 522.39 | U46: =SUBSTITUTE($Z46,"_P","_2_P") -> SG2_2_P5_GIGA_MDI- | V46: =VLOOKUP(U46,EtchLengthFromLayout!$A:$B,2,0) -> 954.7 | W46: =SUBSTITUTE($Z46,"_P","_1_P") -> SG2_1_P5_GIGA_MDI- | X46: =VLOOKUP(W46,EtchLengthFromLayout!$A:$B,2,0) -> 100.55 | Z46: =VLOOKUP(CONCATENATE($AD46,".",$AE46),Netlist_VTable!$H:$I,2,0) -> SG2_P5_GIGA_MDI- | AA46: =VLOOKUP(Z46,EtchLengthFromLayout!$A:$B,2,0) -> 1184.87 | AB46: =E46+G46+J46+L46+N46+P46+R46+T46+V46+X46+AA46 -> 15927.63 | AC46: =ABS(AB46-AB47) -> 0.02 | AD46: GOLD2 | AE46: =VLOOKUP(AF46,PinNo!$B:$C,2,0) -> 148 | AF46: =C46 -> P5_GIGA_MDIN
A47: SITE2 | B47: =VLOOKUP(C47,PinNo!$B:$C,2,0) -> 147 | C47: P5_GIGA_MDIP | D47: =VLOOKUP(CONCATENATE($A47,".",$B47),Netlist_VTable!$H:$I,2,0) -> S2_P5_GIGA_MDI+ | E47: =VLOOKUP(D47,EtchLengthFromLayout!$A:$B,2,0) -> 1653.57 | F47: =CONCATENATE("S",MID($A47,5,1),"_U1_",SUBSTITUTE($C47,"IP","I+") ) -> S2_U1_P5_GIGA_MDI+ | G47: =VLOOKUP(F47,EtchLengthFromLayout!$A:$B,2,0) -> 324.17 | H47: =E47+G47 -> 1977.74 | I47: =CONCATENATE("S",MID($A47,5,1),"_U2_",SUBSTITUTE($C47,"IP","I+") ) -> S2_U2_P5_GIGA_MDI+ | J47: =VLOOKUP(I47,EtchLengthFromLayout!$A:$B,2,0) -> 100.55 | K47: =CONCATENATE("S",MID($A47,5,1),"_U3_",SUBSTITUTE($C47,"IP","I+") ) -> S2_U3_P5_GIGA_MDI+ | L47: =VLOOKUP(K47,EtchLengthFromLayout!$A:$B,2,0) -> 8632.48 | M47: =CONCATENATE("S",MID($A47,5,1),"_U4_",SUBSTITUTE($C47,"IP","I+") ) -> S2_U4_P5_GIGA_MDI+ | N47: =VLOOKUP(M47,EtchLengthFromLayout!$A:$B,2,0) -> 1325.86 | O47: =SUBSTITUTE($D47, "_P5","_U5") -> S2_U5_GIGA_MDI+ | P47: =VLOOKUP(O47,EtchLengthFromLayout!$A:$B,2,0) -> 573.76 | Q47: =SUBSTITUTE($Z47,"_P5","_U5") -> SG2_U5_GIGA_MDI+ | R47: =VLOOKUP(Q47,EtchLengthFromLayout!$A:$B,2,0) -> 554.74 | S47: =SUBSTITUTE($Z47,"_P","_3_P") -> SG2_3_P5_GIGA_MDI+ | T47: =VLOOKUP(S47,EtchLengthFromLayout!$A:$B,2,0) -> 522.39 | U47: =SUBSTITUTE($Z47,"_P","_2_P") -> SG2_2_P5_GIGA_MDI+ | V47: =VLOOKUP(U47,EtchLengthFromLayout!$A:$B,2,0) -> 954.68 | W47: =SUBSTITUTE($Z47,"_P","_1_P") -> SG2_1_P5_GIGA_MDI+ | X47: =VLOOKUP(W47,EtchLengthFromLayout!$A:$B,2,0) -> 100.55 | Z47: =VLOOKUP(CONCATENATE($AD47,".",$AE47),Netlist_VTable!$H:$I,2,0) -> SG2_P5_GIGA_MDI+ | AA47: =VLOOKUP(Z47,EtchLengthFromLayout!$A:$B,2,0) -> 1184.86 | AB47: =E47+G47+J47+L47+N47+P47+R47+T47+V47+X47+AA47 -> 15927.61 | AC47: =IF(AC46<=5,"OK, Tolerance<= 5 mils", "Fail, Tolerance > 5 mils") -> OK, Tolerance<= 5 mils | AD47: GOLD2 | AE47: =VLOOKUP(AF47,PinNo!$B:$C,2,0) -> 147 | AF47: =C47 -> P5_GIGA_MDIP
A48: SITE3 | B48: =VLOOKUP(C48,PinNo!$B:$C,2,0) -> 148 | C48: P5_GIGA_MDIN | D48: =VLOOKUP(CONCATENATE($A48,".",$B48),Netlist_VTable!$H:$I,2,0) -> S3_P5_GIGA_MDI- | E48: =VLOOKUP(D48,EtchLengthFromLayout!$A:$B,2,0) -> 1513.31 | F48: =CONCATENATE("S",MID($A48,5,1),"_U1_",SUBSTITUTE($C48,"IN","I-") ) -> S3_U1_P5_GIGA_MDI- | G48: =VLOOKUP(F48,EtchLengthFromLayout!$A:$B,2,0) -> 324.18 | H48: =E48+G48 -> 1837.49 | I48: =CONCATENATE("S",MID($A48,5,1),"_U2_",SUBSTITUTE($C48,"IN","I-") ) -> S3_U2_P5_GIGA_MDI- | J48: =VLOOKUP(I48,EtchLengthFromLayout!$A:$B,2,0) -> 100.55 | K48: =CONCATENATE("S",MID($A48,5,1),"_U3_",SUBSTITUTE($C48,"IN","I-") ) -> S3_U3_P5_GIGA_MDI- | L48: =VLOOKUP(K48,EtchLengthFromLayout!$A:$B,2,0) -> 8825 | M48: =CONCATENATE("S",MID($A48,5,1),"_U4_",SUBSTITUTE($C48,"IN","I-") ) -> S3_U4_P5_GIGA_MDI- | N48: =VLOOKUP(M48,EtchLengthFromLayout!$A:$B,2,0) -> 1284.12 | O48: =SUBSTITUTE($D48, "_P5","_U5") -> S3_U5_GIGA_MDI- | P48: =VLOOKUP(O48,EtchLengthFromLayout!$A:$B,2,0) -> 573.75 | Q48: =SUBSTITUTE($Z48,"_P5","_U5") -> SG3_U5_GIGA_MDI- | R48: =VLOOKUP(Q48,EtchLengthFromLayout!$A:$B,2,0) -> 554.73 | S48: =SUBSTITUTE($Z48,"_P","_3_P") -> SG3_3_P5_GIGA_MDI- | T48: =VLOOKUP(S48,EtchLengthFromLayout!$A:$B,2,0) -> 522.39 | U48: =SUBSTITUTE($Z48,"_P","_2_P") -> SG3_2_P5_GIGA_MDI- | V48: =VLOOKUP(U48,EtchLengthFromLayout!$A:$B,2,0) -> 845.76 | W48: =SUBSTITUTE($Z48,"_P","_1_P") -> SG3_1_P5_GIGA_MDI- | X48: =VLOOKUP(W48,EtchLengthFromLayout!$A:$B,2,0) -> 100.55 | Z48: =VLOOKUP(CONCATENATE($AD48,".",$AE48),Netlist_VTable!$H:$I,2,0) -> SG3_P5_GIGA_MDI- | AA48: =VLOOKUP(Z48,EtchLengthFromLayout!$A:$B,2,0) -> 1169.82 | AB48: =E48+G48+J48+L48+N48+P48+R48+T48+V48+X48+AA48 -> 15814.16 | AC48: =ABS(AB48-AB49) -> 0.01 | AD48: GOLD3 | AE48: =VLOOKUP(AF48,PinNo!$B:$C,2,0) -> 148 | AF48: =C48 -> P5_GIGA_MDIN
A49: SITE3 | B49: =VLOOKUP(C49,PinNo!$B:$C,2,0) -> 147 | C49: P5_GIGA_MDIP | D49: =VLOOKUP(CONCATENATE($A49,".",$B49),Netlist_VTable!$H:$I,2,0) -> S3_P5_GIGA_MDI+ | E49: =VLOOKUP(D49,EtchLengthFromLayout!$A:$B,2,0) -> 1513.31 | F49: =CONCATENATE("S",MID($A49,5,1),"_U1_",SUBSTITUTE($C49,"IP","I+") ) -> S3_U1_P5_GIGA_MDI+ | G49: =VLOOKUP(F49,EtchLengthFromLayout!$A:$B,2,0) -> 324.17 | H49: =E49+G49 -> 1837.48 | I49: =CONCATENATE("S",MID($A49,5,1),"_U2_",SUBSTITUTE($C49,"IP","I+") ) -> S3_U2_P5_GIGA_MDI+ | J49: =VLOOKUP(I49,EtchLengthFromLayout!$A:$B,2,0) -> 100.55 | K49: =CONCATENATE("S",MID($A49,5,1),"_U3_",SUBSTITUTE($C49,"IP","I+") ) -> S3_U3_P5_GIGA_MDI+ | L49: =VLOOKUP(K49,EtchLengthFromLayout!$A:$B,2,0) -> 8825 | M49: =CONCATENATE("S",MID($A49,5,1),"_U4_",SUBSTITUTE($C49,"IP","I+") ) -> S3_U4_P5_GIGA_MDI+ | N49: =VLOOKUP(M49,EtchLengthFromLayout!$A:$B,2,0) -> 1284.12 | O49: =SUBSTITUTE($D49, "_P5","_U5") -> S3_U5_GIGA_MDI+ | P49: =VLOOKUP(O49,EtchLengthFromLayout!$A:$B,2,0) -> 573.76 | Q49: =SUBSTITUTE($Z49,"_P5","_U5") -> SG3_U5_GIGA_MDI+ | R49: =VLOOKUP(Q49,EtchLengthFromLayout!$A:$B,2,0) -> 554.74 | S49: =SUBSTITUTE($Z49,"_P","_3_P") -> SG3_3_P5_GIGA_MDI+ | T49: =VLOOKUP(S49,EtchLengthFromLayout!$A:$B,2,0) -> 522.39 | U49: =SUBSTITUTE($Z49,"_P","_2_P") -> SG3_2_P5_GIGA_MDI+ | V49: =VLOOKUP(U49,EtchLengthFromLayout!$A:$B,2,0) -> 845.76 | W49: =SUBSTITUTE($Z49,"_P","_1_P") -> SG3_1_P5_GIGA_MDI+ | X49: =VLOOKUP(W49,EtchLengthFromLayout!$A:$B,2,0) -> 100.55 | Z49: =VLOOKUP(CONCATENATE($AD49,".",$AE49),Netlist_VTable!$H:$I,2,0) -> SG3_P5_GIGA_MDI+ | AA49: =VLOOKUP(Z49,EtchLengthFromLayout!$A:$B,2,0) -> 1169.82 | AB49: =E49+G49+J49+L49+N49+P49+R49+T49+V49+X49+AA49 -> 15814.17 | AC49: =IF(AC48<=5,"OK, Tolerance<= 5 mils", "Fail, Tolerance > 5 mils") -> OK, Tolerance<= 5 mils | AD49: GOLD3 | AE49: =VLOOKUP(AF49,PinNo!$B:$C,2,0) -> 147 | AF49: =C49 -> P5_GIGA_MDIP
F50: Max | H50: =MAX(H42:H49) -> 1977.75 | Z50: Max | AB50: =MAX(AB42:AB49) -> 16086.45
F51: Min | H51: =MIN(H42:H49) -> 1837.48 | Z51: Min | AB51: =MIN(AB42:AB49) -> 15814.16
F52: Max-Min | H52: =ABS(H50-H51) -> 140.27 | Z52: Max-Min | AB52: =ABS(AB50-AB51) -> 272.29
A55: Site | B55: Pin No | C55: Pin Name | D55: Net | E55: Length | F55: Net | G55: Length | H55: DUT-> Choke ( E + G ) 此處為最短距離 | I55: Net | J55: Length | K55: Net | L55: Length | M55: Net | N55: Length | O55: Net | P55: Length | Q55: Net | R55: Length | S55: Net | T55: Length | U55: Net | V55: Length | W55: Net | X55: Length | Z55: Golden -> Choke Net (此處為最短距離) | AA55: Length | AB55: Total Length (mils) | AC55: P/N Difference (mils) | AD55: Golden | AE55: Pin No | AF55: Pin Name | AG55: Note
A56: SITE0 | B56: =VLOOKUP(C56,PinNo!$B:$C,2,0) -> 143 | C56: P6_GIGA_MDIN | D56: =VLOOKUP(CONCATENATE($A56,".",$B56),Netlist_VTable!$H:$I,2,0) -> S0_P6_GIGA_MDI- | E56: =VLOOKUP(D56,EtchLengthFromLayout!$A:$B,2,0) -> 1664.82 | F56: =CONCATENATE("S",MID($A56,5,1),"_U1_",SUBSTITUTE($C56,"IN","I-") ) -> S0_U1_P6_GIGA_MDI- | G56: =VLOOKUP(F56,EtchLengthFromLayout!$A:$B,2,0) -> 322.85 | H56: =E56+G56 -> 1987.67 | I56: =CONCATENATE("S",MID($A56,5,1),"_U2_",SUBSTITUTE($C56,"IN","I-") ) -> S0_U2_P6_GIGA_MDI- | J56: =VLOOKUP(I56,EtchLengthFromLayout!$A:$B,2,0) -> 100.55 | K56: =CONCATENATE("S",MID($A56,5,1),"_U3_",SUBSTITUTE($C56,"IN","I-") ) -> S0_U3_P6_GIGA_MDI- | L56: =VLOOKUP(K56,EtchLengthFromLayout!$A:$B,2,0) -> 8505.74 | M56: =CONCATENATE("S",MID($A56,5,1),"_U4_",SUBSTITUTE($C56,"IN","I-") ) -> S0_U4_P6_GIGA_MDI- | N56: =VLOOKUP(M56,EtchLengthFromLayout!$A:$B,2,0) -> 1045.58 | O56: =SUBSTITUTE($D56, "_P6","_U5") -> S0_U5_GIGA_MDI- | P56: =VLOOKUP(O56,EtchLengthFromLayout!$A:$B,2,0) -> 573.75 | Q56: =SUBSTITUTE($Z56,"_P6","_U5") -> SG0_U5_GIGA_MDI- | R56: =VLOOKUP(Q56,EtchLengthFromLayout!$A:$B,2,0) -> 554.73 | S56: =SUBSTITUTE($Z56,"_P","_3_P") -> SG0_3_P6_GIGA_MDI- | T56: =VLOOKUP(S56,EtchLengthFromLayout!$A:$B,2,0) -> 1096.88 | U56: =SUBSTITUTE($Z56,"_P","_2_P") -> SG0_2_P6_GIGA_MDI- | V56: =VLOOKUP(U56,EtchLengthFromLayout!$A:$B,2,0) -> 721.88 | W56: =SUBSTITUTE($Z56,"_P","_1_P") -> SG0_1_P6_GIGA_MDI- | X56: =VLOOKUP(W56,EtchLengthFromLayout!$A:$B,2,0) -> 100.55 | Z56: =VLOOKUP(CONCATENATE($AD56,".",$AE56),Netlist_VTable!$H:$I,2,0) -> SG0_P6_GIGA_MDI- | AA56: =VLOOKUP(Z56,EtchLengthFromLayout!$A:$B,2,0) -> 980.45 | AB56: =E56+G56+J56+L56+N56+P56+R56+T56+V56+X56+AA56 -> 15667.78 | AC56: =ABS(AB56-AB57) -> 0.77 | AD56: GOLD0 | AE56: =VLOOKUP(AF56,PinNo!$B:$C,2,0) -> 143 | AF56: =C56 -> P6_GIGA_MDIN | AG56: TE CONN Plus Golden to TE CONN Port P6
A57: SITE0 | B57: =VLOOKUP(C57,PinNo!$B:$C,2,0) -> 142 | C57: P6_GIGA_MDIP | D57: =VLOOKUP(CONCATENATE($A57,".",$B57),Netlist_VTable!$H:$I,2,0) -> S0_P6_GIGA_MDI+ | E57: =VLOOKUP(D57,EtchLengthFromLayout!$A:$B,2,0) -> 1664.83 | F57: =CONCATENATE("S",MID($A57,5,1),"_U1_",SUBSTITUTE($C57,"IP","I+") ) -> S0_U1_P6_GIGA_MDI+ | G57: =VLOOKUP(F57,EtchLengthFromLayout!$A:$B,2,0) -> 322.84 | H57: =E57+G57 -> 1987.67 | I57: =CONCATENATE("S",MID($A57,5,1),"_U2_",SUBSTITUTE($C57,"IP","I+") ) -> S0_U2_P6_GIGA_MDI+ | J57: =VLOOKUP(I57,EtchLengthFromLayout!$A:$B,2,0) -> 100.55 | K57: =CONCATENATE("S",MID($A57,5,1),"_U3_",SUBSTITUTE($C57,"IP","I+") ) -> S0_U3_P6_GIGA_MDI+ | L57: =VLOOKUP(K57,EtchLengthFromLayout!$A:$B,2,0) -> 8505.75 | M57: =CONCATENATE("S",MID($A57,5,1),"_U4_",SUBSTITUTE($C57,"IP","I+") ) -> S0_U4_P6_GIGA_MDI+ | N57: =VLOOKUP(M57,EtchLengthFromLayout!$A:$B,2,0) -> 1044.75 | O57: =SUBSTITUTE($D57, "_P6","_U5") -> S0_U5_GIGA_MDI+ | P57: =VLOOKUP(O57,EtchLengthFromLayout!$A:$B,2,0) -> 573.76 | Q57: =SUBSTITUTE($Z57,"_P6","_U5") -> SG0_U5_GIGA_MDI+ | R57: =VLOOKUP(Q57,EtchLengthFromLayout!$A:$B,2,0) -> 554.74 | S57: =SUBSTITUTE($Z57,"_P","_3_P") -> SG0_3_P6_GIGA_MDI+ | T57: =VLOOKUP(S57,EtchLengthFromLayout!$A:$B,2,0) -> 1096.87 | U57: =SUBSTITUTE($Z57,"_P","_2_P") -> SG0_2_P6_GIGA_MDI+ | V57: =VLOOKUP(U57,EtchLengthFromLayout!$A:$B,2,0) -> 721.87 | W57: =SUBSTITUTE($Z57,"_P","_1_P") -> SG0_1_P6_GIGA_MDI+ | X57: =VLOOKUP(W57,EtchLengthFromLayout!$A:$B,2,0) -> 100.55 | Z57: =VLOOKUP(CONCATENATE($AD57,".",$AE57),Netlist_VTable!$H:$I,2,0) -> SG0_P6_GIGA_MDI+ | AA57: =VLOOKUP(Z57,EtchLengthFromLayout!$A:$B,2,0) -> 980.5 | AB57: =E57+G57+J57+L57+N57+P57+R57+T57+V57+X57+AA57 -> 15667.01 | AC57: =IF(AC56<=5,"OK, Tolerance<= 5 mil", "Not OK, Tolerance > 5 mil") -> OK, Tolerance<= 5 mil | AD57: GOLD0 | AE57: =VLOOKUP(AF57,PinNo!$B:$C,2,0) -> 142 | AF57: =C57 -> P6_GIGA_MDIP
A58: SITE1 | B58: =VLOOKUP(C58,PinNo!$B:$C,2,0) -> 143 | C58: P6_GIGA_MDIN | D58: =VLOOKUP(CONCATENATE($A58,".",$B58),Netlist_VTable!$H:$I,2,0) -> S1_P6_GIGA_MDI- | E58: =VLOOKUP(D58,EtchLengthFromLayout!$A:$B,2,0) -> 1440.48 | F58: =CONCATENATE("S",MID($A58,5,1),"_U1_",SUBSTITUTE($C58,"IN","I-") ) -> S1_U1_P6_GIGA_MDI- | G58: =VLOOKUP(F58,EtchLengthFromLayout!$A:$B,2,0) -> 322.85 | H58: =E58+G58 -> 1763.33 | I58: =CONCATENATE("S",MID($A58,5,1),"_U2_",SUBSTITUTE($C58,"IN","I-") ) -> S1_U2_P6_GIGA_MDI- | J58: =VLOOKUP(I58,EtchLengthFromLayout!$A:$B,2,0) -> 100.55 | K58: =CONCATENATE("S",MID($A58,5,1),"_U3_",SUBSTITUTE($C58,"IN","I-") ) -> S1_U3_P6_GIGA_MDI- | L58: =VLOOKUP(K58,EtchLengthFromLayout!$A:$B,2,0) -> 8824.37 | M58: =CONCATENATE("S",MID($A58,5,1),"_U4_",SUBSTITUTE($C58,"IN","I-") ) -> S1_U4_P6_GIGA_MDI- | N58: =VLOOKUP(M58,EtchLengthFromLayout!$A:$B,2,0) -> 1045.58 | O58: =SUBSTITUTE($D58, "_P6","_U5") -> S1_U5_GIGA_MDI- | P58: =VLOOKUP(O58,EtchLengthFromLayout!$A:$B,2,0) -> 573.75 | Q58: =SUBSTITUTE($Z58,"_P6","_U5") -> SG1_U5_GIGA_MDI- | R58: =VLOOKUP(Q58,EtchLengthFromLayout!$A:$B,2,0) -> 554.73 | S58: =SUBSTITUTE($Z58,"_P","_3_P") -> SG1_3_P6_GIGA_MDI- | T58: =VLOOKUP(S58,EtchLengthFromLayout!$A:$B,2,0) -> 1096.88 | U58: =SUBSTITUTE($Z58,"_P","_2_P") -> SG1_2_P6_GIGA_MDI- | V58: =VLOOKUP(U58,EtchLengthFromLayout!$A:$B,2,0) -> 962.19 | W58: =SUBSTITUTE($Z58,"_P","_1_P") -> SG1_1_P6_GIGA_MDI- | X58: =VLOOKUP(W58,EtchLengthFromLayout!$A:$B,2,0) -> 100.55 | Z58: =VLOOKUP(CONCATENATE($AD58,".",$AE58),Netlist_VTable!$H:$I,2,0) -> SG1_P6_GIGA_MDI- | AA58: =VLOOKUP(Z58,EtchLengthFromLayout!$A:$B,2,0) -> 971.75 | AB58: =E58+G58+J58+L58+N58+P58+R58+T58+V58+X58+AA58 -> 15993.68 | AC58: =ABS(AB58-AB59) -> 0.83 | AD58: GOLD1 | AE58: =VLOOKUP(AF58,PinNo!$B:$C,2,0) -> 143 | AF58: =C58 -> P6_GIGA_MDIN
A59: SITE1 | B59: =VLOOKUP(C59,PinNo!$B:$C,2,0) -> 142 | C59: P6_GIGA_MDIP | D59: =VLOOKUP(CONCATENATE($A59,".",$B59),Netlist_VTable!$H:$I,2,0) -> S1_P6_GIGA_MDI+ | E59: =VLOOKUP(D59,EtchLengthFromLayout!$A:$B,2,0) -> 1440.49 | F59: =CONCATENATE("S",MID($A59,5,1),"_U1_",SUBSTITUTE($C59,"IP","I+") ) -> S1_U1_P6_GIGA_MDI+ | G59: =VLOOKUP(F59,EtchLengthFromLayout!$A:$B,2,0) -> 322.84 | H59: =E59+G59 -> 1763.33 | I59: =CONCATENATE("S",MID($A59,5,1),"_U2_",SUBSTITUTE($C59,"IP","I+") ) -> S1_U2_P6_GIGA_MDI+ | J59: =VLOOKUP(I59,EtchLengthFromLayout!$A:$B,2,0) -> 100.55 | K59: =CONCATENATE("S",MID($A59,5,1),"_U3_",SUBSTITUTE($C59,"IP","I+") ) -> S1_U3_P6_GIGA_MDI+ | L59: =VLOOKUP(K59,EtchLengthFromLayout!$A:$B,2,0) -> 8824.38 | M59: =CONCATENATE("S",MID($A59,5,1),"_U4_",SUBSTITUTE($C59,"IP","I+") ) -> S1_U4_P6_GIGA_MDI+ | N59: =VLOOKUP(M59,EtchLengthFromLayout!$A:$B,2,0) -> 1044.75 | O59: =SUBSTITUTE($D59, "_P6","_U5") -> S1_U5_GIGA_MDI+ | P59: =VLOOKUP(O59,EtchLengthFromLayout!$A:$B,2,0) -> 573.76 | Q59: =SUBSTITUTE($Z59,"_P6","_U5") -> SG1_U5_GIGA_MDI+ | R59: =VLOOKUP(Q59,EtchLengthFromLayout!$A:$B,2,0) -> 554.74 | S59: =SUBSTITUTE($Z59,"_P","_3_P") -> SG1_3_P6_GIGA_MDI+ | T59: =VLOOKUP(S59,EtchLengthFromLayout!$A:$B,2,0) -> 1096.87 | U59: =SUBSTITUTE($Z59,"_P","_2_P") -> SG1_2_P6_GIGA_MDI+ | V59: =VLOOKUP(U59,EtchLengthFromLayout!$A:$B,2,0) -> 962.18 | W59: =SUBSTITUTE($Z59,"_P","_1_P") -> SG1_1_P6_GIGA_MDI+ | X59: =VLOOKUP(W59,EtchLengthFromLayout!$A:$B,2,0) -> 100.55 | Z59: =VLOOKUP(CONCATENATE($AD59,".",$AE59),Netlist_VTable!$H:$I,2,0) -> SG1_P6_GIGA_MDI+ | AA59: =VLOOKUP(Z59,EtchLengthFromLayout!$A:$B,2,0) -> 971.74 | AB59: =E59+G59+J59+L59+N59+P59+R59+T59+V59+X59+AA59 -> 15992.85 | AC59: =IF(AC58<=5,"OK, Tolerance<= 5 mil", "Not OK, Tolerance > 5 mil") -> OK, Tolerance<= 5 mil | AD59: GOLD1 | AE59: =VLOOKUP(AF59,PinNo!$B:$C,2,0) -> 142 | AF59: =C59 -> P6_GIGA_MDIP
A60: SITE2 | B60: =VLOOKUP(C60,PinNo!$B:$C,2,0) -> 143 | C60: P6_GIGA_MDIN | D60: =VLOOKUP(CONCATENATE($A60,".",$B60),Netlist_VTable!$H:$I,2,0) -> S2_P6_GIGA_MDI- | E60: =VLOOKUP(D60,EtchLengthFromLayout!$A:$B,2,0) -> 1665.06 | F60: =CONCATENATE("S",MID($A60,5,1),"_U1_",SUBSTITUTE($C60,"IN","I-") ) -> S2_U1_P6_GIGA_MDI- | G60: =VLOOKUP(F60,EtchLengthFromLayout!$A:$B,2,0) -> 322.85 | H60: =E60+G60 -> 1987.91 | I60: =CONCATENATE("S",MID($A60,5,1),"_U2_",SUBSTITUTE($C60,"IN","I-") ) -> S2_U2_P6_GIGA_MDI- | J60: =VLOOKUP(I60,EtchLengthFromLayout!$A:$B,2,0) -> 100.55 | K60: =CONCATENATE("S",MID($A60,5,1),"_U3_",SUBSTITUTE($C60,"IN","I-") ) -> S2_U3_P6_GIGA_MDI- | L60: =VLOOKUP(K60,EtchLengthFromLayout!$A:$B,2,0) -> 8298.51 | M60: =CONCATENATE("S",MID($A60,5,1),"_U4_",SUBSTITUTE($C60,"IN","I-") ) -> S2_U4_P6_GIGA_MDI- | N60: =VLOOKUP(M60,EtchLengthFromLayout!$A:$B,2,0) -> 1045.58 | O60: =SUBSTITUTE($D60, "_P6","_U5") -> S2_U5_GIGA_MDI- | P60: =VLOOKUP(O60,EtchLengthFromLayout!$A:$B,2,0) -> 573.75 | Q60: =SUBSTITUTE($Z60,"_P6","_U5") -> SG2_U5_GIGA_MDI- | R60: =VLOOKUP(Q60,EtchLengthFromLayout!$A:$B,2,0) -> 554.73 | S60: =SUBSTITUTE($Z60,"_P","_3_P") -> SG2_3_P6_GIGA_MDI- | T60: =VLOOKUP(S60,EtchLengthFromLayout!$A:$B,2,0) -> 1096.88 | U60: =SUBSTITUTE($Z60,"_P","_2_P") -> SG2_2_P6_GIGA_MDI- | V60: =VLOOKUP(U60,EtchLengthFromLayout!$A:$B,2,0) -> 944.51 | W60: =SUBSTITUTE($Z60,"_P","_1_P") -> SG2_1_P6_GIGA_MDI- | X60: =VLOOKUP(W60,EtchLengthFromLayout!$A:$B,2,0) -> 100.55 | Z60: =VLOOKUP(CONCATENATE($AD60,".",$AE60),Netlist_VTable!$H:$I,2,0) -> SG2_P6_GIGA_MDI- | AA60: =VLOOKUP(Z60,EtchLengthFromLayout!$A:$B,2,0) -> 1004.1 | AB60: =E60+G60+J60+L60+N60+P60+R60+T60+V60+X60+AA60 -> 15707.07 | AC60: =ABS(AB60-AB61) -> 0.81 | AD60: GOLD2 | AE60: =VLOOKUP(AF60,PinNo!$B:$C,2,0) -> 143 | AF60: =C60 -> P6_GIGA_MDIN
A61: SITE2 | B61: =VLOOKUP(C61,PinNo!$B:$C,2,0) -> 142 | C61: P6_GIGA_MDIP | D61: =VLOOKUP(CONCATENATE($A61,".",$B61),Netlist_VTable!$H:$I,2,0) -> S2_P6_GIGA_MDI+ | E61: =VLOOKUP(D61,EtchLengthFromLayout!$A:$B,2,0) -> 1665.07 | F61: =CONCATENATE("S",MID($A61,5,1),"_U1_",SUBSTITUTE($C61,"IP","I+") ) -> S2_U1_P6_GIGA_MDI+ | G61: =VLOOKUP(F61,EtchLengthFromLayout!$A:$B,2,0) -> 322.84 | H61: =E61+G61 -> 1987.91 | I61: =CONCATENATE("S",MID($A61,5,1),"_U2_",SUBSTITUTE($C61,"IP","I+") ) -> S2_U2_P6_GIGA_MDI+ | J61: =VLOOKUP(I61,EtchLengthFromLayout!$A:$B,2,0) -> 100.55 | K61: =CONCATENATE("S",MID($A61,5,1),"_U3_",SUBSTITUTE($C61,"IP","I+") ) -> S2_U3_P6_GIGA_MDI+ | L61: =VLOOKUP(K61,EtchLengthFromLayout!$A:$B,2,0) -> 8298.51 | M61: =CONCATENATE("S",MID($A61,5,1),"_U4_",SUBSTITUTE($C61,"IP","I+") ) -> S2_U4_P6_GIGA_MDI+ | N61: =VLOOKUP(M61,EtchLengthFromLayout!$A:$B,2,0) -> 1044.75 | O61: =SUBSTITUTE($D61, "_P6","_U5") -> S2_U5_GIGA_MDI+ | P61: =VLOOKUP(O61,EtchLengthFromLayout!$A:$B,2,0) -> 573.76 | Q61: =SUBSTITUTE($Z61,"_P6","_U5") -> SG2_U5_GIGA_MDI+ | R61: =VLOOKUP(Q61,EtchLengthFromLayout!$A:$B,2,0) -> 554.74 | S61: =SUBSTITUTE($Z61,"_P","_3_P") -> SG2_3_P6_GIGA_MDI+ | T61: =VLOOKUP(S61,EtchLengthFromLayout!$A:$B,2,0) -> 1096.87 | U61: =SUBSTITUTE($Z61,"_P","_2_P") -> SG2_2_P6_GIGA_MDI+ | V61: =VLOOKUP(U61,EtchLengthFromLayout!$A:$B,2,0) -> 944.51 | W61: =SUBSTITUTE($Z61,"_P","_1_P") -> SG2_1_P6_GIGA_MDI+ | X61: =VLOOKUP(W61,EtchLengthFromLayout!$A:$B,2,0) -> 100.55 | Z61: =VLOOKUP(CONCATENATE($AD61,".",$AE61),Netlist_VTable!$H:$I,2,0) -> SG2_P6_GIGA_MDI+ | AA61: =VLOOKUP(Z61,EtchLengthFromLayout!$A:$B,2,0) -> 1004.11 | AB61: =E61+G61+J61+L61+N61+P61+R61+T61+V61+X61+AA61 -> 15706.26 | AC61: =IF(AC60<=5,"OK, Tolerance<= 5 mil", "Not OK, Tolerance > 5 mil") -> OK, Tolerance<= 5 mil | AD61: GOLD2 | AE61: =VLOOKUP(AF61,PinNo!$B:$C,2,0) -> 142 | AF61: =C61 -> P6_GIGA_MDIP
A62: SITE3 | B62: =VLOOKUP(C62,PinNo!$B:$C,2,0) -> 143 | C62: P6_GIGA_MDIN | D62: =VLOOKUP(CONCATENATE($A62,".",$B62),Netlist_VTable!$H:$I,2,0) -> S3_P6_GIGA_MDI- | E62: =VLOOKUP(D62,EtchLengthFromLayout!$A:$B,2,0) -> 1440.48 | F62: =CONCATENATE("S",MID($A62,5,1),"_U1_",SUBSTITUTE($C62,"IN","I-") ) -> S3_U1_P6_GIGA_MDI- | G62: =VLOOKUP(F62,EtchLengthFromLayout!$A:$B,2,0) -> 322.85 | H62: =E62+G62 -> 1763.33 | I62: =CONCATENATE("S",MID($A62,5,1),"_U2_",SUBSTITUTE($C62,"IN","I-") ) -> S3_U2_P6_GIGA_MDI- | J62: =VLOOKUP(I62,EtchLengthFromLayout!$A:$B,2,0) -> 100.55 | K62: =CONCATENATE("S",MID($A62,5,1),"_U3_",SUBSTITUTE($C62,"IN","I-") ) -> S3_U3_P6_GIGA_MDI- | L62: =VLOOKUP(K62,EtchLengthFromLayout!$A:$B,2,0) -> 9107.21 | M62: =CONCATENATE("S",MID($A62,5,1),"_U4_",SUBSTITUTE($C62,"IN","I-") ) -> S3_U4_P6_GIGA_MDI- | N62: =VLOOKUP(M62,EtchLengthFromLayout!$A:$B,2,0) -> 1045.58 | O62: =SUBSTITUTE($D62, "_P6","_U5") -> S3_U5_GIGA_MDI- | P62: =VLOOKUP(O62,EtchLengthFromLayout!$A:$B,2,0) -> 573.75 | Q62: =SUBSTITUTE($Z62,"_P6","_U5") -> SG3_U5_GIGA_MDI- | R62: =VLOOKUP(Q62,EtchLengthFromLayout!$A:$B,2,0) -> 554.73 | S62: =SUBSTITUTE($Z62,"_P","_3_P") -> SG3_3_P6_GIGA_MDI- | T62: =VLOOKUP(S62,EtchLengthFromLayout!$A:$B,2,0) -> 1096.88 | U62: =SUBSTITUTE($Z62,"_P","_2_P") -> SG3_2_P6_GIGA_MDI- | V62: =VLOOKUP(U62,EtchLengthFromLayout!$A:$B,2,0) -> 833.09 | W62: =SUBSTITUTE($Z62,"_P","_1_P") -> SG3_1_P6_GIGA_MDI- | X62: =VLOOKUP(W62,EtchLengthFromLayout!$A:$B,2,0) -> 100.55 | Z62: =VLOOKUP(CONCATENATE($AD62,".",$AE62),Netlist_VTable!$H:$I,2,0) -> SG3_P6_GIGA_MDI- | AA62: =VLOOKUP(Z62,EtchLengthFromLayout!$A:$B,2,0) -> 973.09 | AB62: =E62+G62+J62+L62+N62+P62+R62+T62+V62+X62+AA62 -> 16148.76 | AC62: =ABS(AB62-AB63) -> 0.84 | AD62: GOLD3 | AE62: =VLOOKUP(AF62,PinNo!$B:$C,2,0) -> 143 | AF62: =C62 -> P6_GIGA_MDIN
A63: SITE3 | B63: =VLOOKUP(C63,PinNo!$B:$C,2,0) -> 142 | C63: P6_GIGA_MDIP | D63: =VLOOKUP(CONCATENATE($A63,".",$B63),Netlist_VTable!$H:$I,2,0) -> S3_P6_GIGA_MDI+ | E63: =VLOOKUP(D63,EtchLengthFromLayout!$A:$B,2,0) -> 1440.49 | F63: =CONCATENATE("S",MID($A63,5,1),"_U1_",SUBSTITUTE($C63,"IP","I+") ) -> S3_U1_P6_GIGA_MDI+ | G63: =VLOOKUP(F63,EtchLengthFromLayout!$A:$B,2,0) -> 322.84 | H63: =E63+G63 -> 1763.33 | I63: =CONCATENATE("S",MID($A63,5,1),"_U2_",SUBSTITUTE($C63,"IP","I+") ) -> S3_U2_P6_GIGA_MDI+ | J63: =VLOOKUP(I63,EtchLengthFromLayout!$A:$B,2,0) -> 100.55 | K63: =CONCATENATE("S",MID($A63,5,1),"_U3_",SUBSTITUTE($C63,"IP","I+") ) -> S3_U3_P6_GIGA_MDI+ | L63: =VLOOKUP(K63,EtchLengthFromLayout!$A:$B,2,0) -> 9107.21 | M63: =CONCATENATE("S",MID($A63,5,1),"_U4_",SUBSTITUTE($C63,"IP","I+") ) -> S3_U4_P6_GIGA_MDI+ | N63: =VLOOKUP(M63,EtchLengthFromLayout!$A:$B,2,0) -> 1044.75 | O63: =SUBSTITUTE($D63, "_P6","_U5") -> S3_U5_GIGA_MDI+ | P63: =VLOOKUP(O63,EtchLengthFromLayout!$A:$B,2,0) -> 573.76 | Q63: =SUBSTITUTE($Z63,"_P6","_U5") -> SG3_U5_GIGA_MDI+ | R63: =VLOOKUP(Q63,EtchLengthFromLayout!$A:$B,2,0) -> 554.74 | S63: =SUBSTITUTE($Z63,"_P","_3_P") -> SG3_3_P6_GIGA_MDI+ | T63: =VLOOKUP(S63,EtchLengthFromLayout!$A:$B,2,0) -> 1096.87 | U63: =SUBSTITUTE($Z63,"_P","_2_P") -> SG3_2_P6_GIGA_MDI+ | V63: =VLOOKUP(U63,EtchLengthFromLayout!$A:$B,2,0) -> 833.08 | W63: =SUBSTITUTE($Z63,"_P","_1_P") -> SG3_1_P6_GIGA_MDI+ | X63: =VLOOKUP(W63,EtchLengthFromLayout!$A:$B,2,0) -> 100.55 | Z63: =VLOOKUP(CONCATENATE($AD63,".",$AE63),Netlist_VTable!$H:$I,2,0) -> SG3_P6_GIGA_MDI+ | AA63: =VLOOKUP(Z63,EtchLengthFromLayout!$A:$B,2,0) -> 973.08 | AB63: =E63+G63+J63+L63+N63+P63+R63+T63+V63+X63+AA63 -> 16147.92 | AC63: =IF(AC62<=5,"OK, Tolerance<= 5 mil", "Not OK, Tolerance > 5 mil") -> OK, Tolerance<= 5 mil | AD63: GOLD3 | AE63: =VLOOKUP(AF63,PinNo!$B:$C,2,0) -> 142 | AF63: =C63 -> P6_GIGA_MDIP
F64: Max | H64: =MAX(H56:H63) -> 1987.91 | Z64: Max | AB64: =MAX(AB56:AB63) -> 16148.76
F65: Min | H65: =MIN(H56:H63) -> 1763.33 | Z65: Min | AB65: =MIN(AB56:AB63) -> 15667.01
F66: Max-Min | H66: =ABS(H64-H65) -> 224.58 | Z66: Max-Min | AB66: =ABS(AB64-AB65) -> 481.75
Z70: All Port
Z71: Max | AB71: =MAX(AB50,AB64) -> 16148.76
Z72: Min | AB72: =MIN(AB51,AB65) -> 15667.01
Z73: Max-Min | AB73: =ABS(AB71-AB72) -> 481.75
Z74: Tolerence Check | AB74: =IF(AB73<=1000,"OK, Tolerance<= 1000 mils", "Fail, Tolerance > 1000 mils") -> OK, Tolerance<= 1000 mils
A79: DUT Port [ 5 : 6 ] to TE CONN | AB79: All Site All Port 等長 誤差 1000 mils
A80: Site | B80: Pin No | C80: Pin Name | D80: Net | E80: Length | F80: Net | G80: Length | H80: DUT-> Choke ( E + G ) 此處為最短距離 | I80: Net | J80: Length | K80: Net | L80: Length | M80: Net | N80: Length | O80: Net | P80: Length | Q80: Net | R80: Length | S80: Net | T80: Length | U80: Net | V80: Length | W80: Net | X80: Length | Z80: Golden -> Choke Net (此處為最短距離) | AA80: Length | AB80: Total Length (mils) | AC80: P/N Difference (mils) | AD80: Golden | AE80: Pin No | AF80: Pin Name | AG80: Note
A81: SITE0 | B81: =VLOOKUP(C81,PinNo!$B:$C,2,0) -> 148 | C81: P5_GIGA_MDIN | D81: =VLOOKUP(CONCATENATE($A81,".",$B81),Netlist_VTable!$H:$I,2,0) -> S0_P5_GIGA_MDI- | E81: =VLOOKUP(D81,EtchLengthFromLayout!$A:$B,2,0) -> 1653.57 | F81: =CONCATENATE("S",MID($A81,5,1),"_U1_",SUBSTITUTE($C81,"IN","I-") ) -> S0_U1_P5_GIGA_MDI- | G81: =VLOOKUP(F81,EtchLengthFromLayout!$A:$B,2,0) -> 324.18 | H81: =E81+G81 -> 1977.75 | I81: =CONCATENATE("S",MID($A81,5,1),"_U2_",SUBSTITUTE($C81,"IN","I-") ) -> S0_U2_P5_GIGA_MDI- | J81: =VLOOKUP(I81,EtchLengthFromLayout!$A:$B,2,0) -> 100.55 | K81: =CONCATENATE("S",MID($A81,5,1),"_U3_",SUBSTITUTE($C81,"IN","I-") ) -> S0_U3_P5_GIGA_MDI- | L81: =VLOOKUP(K81,EtchLengthFromLayout!$A:$B,2,0) -> 8857.16 | M81: =CONCATENATE("S",MID($A81,5,1),"_U4_",SUBSTITUTE($C81,"IN","I-") ) -> S0_U4_P5_GIGA_MDI- | N81: =VLOOKUP(M81,EtchLengthFromLayout!$A:$B,2,0) -> 1325.47 | O81: =SUBSTITUTE($D81, "_P5","_U5") -> S0_U5_GIGA_MDI- | P81: =VLOOKUP(O81,EtchLengthFromLayout!$A:$B,2,0) -> 573.75 | AB81: =E81+G81+J81+L81+N81+P81+R81+T81+V81+X81+AA81 -> 12834.68 | AC81: =ABS(AB81-AB82) -> 1.8189894e-12 | AD81: GOLDEN0 | AE81: =VLOOKUP(AF81,PinNo!$B:$C,2,0) -> 148 | AF81: =C81 -> P5_GIGA_MDIN | AG81: DUT to TE CONN Port P5
A82: SITE0 | B82: =VLOOKUP(C82,PinNo!$B:$C,2,0) -> 147 | C82: P5_GIGA_MDIP | D82: =VLOOKUP(CONCATENATE($A82,".",$B82),Netlist_VTable!$H:$I,2,0) -> S0_P5_GIGA_MDI+ | E82: =VLOOKUP(D82,EtchLengthFromLayout!$A:$B,2,0) -> 1653.57 | F82: =CONCATENATE("S",MID($A82,5,1),"_U1_",SUBSTITUTE($C82,"IP","I+") ) -> S0_U1_P5_GIGA_MDI+ | G82: =VLOOKUP(F82,EtchLengthFromLayout!$A:$B,2,0) -> 324.17 | H82: =E82+G82 -> 1977.74 | I82: =CONCATENATE("S",MID($A82,5,1),"_U2_",SUBSTITUTE($C82,"IP","I+") ) -> S0_U2_P5_GIGA_MDI+ | J82: =VLOOKUP(I82,EtchLengthFromLayout!$A:$B,2,0) -> 100.55 | K82: =CONCATENATE("S",MID($A82,5,1),"_U3_",SUBSTITUTE($C82,"IP","I+") ) -> S0_U3_P5_GIGA_MDI+ | L82: =VLOOKUP(K82,EtchLengthFromLayout!$A:$B,2,0) -> 8857.16 | M82: =CONCATENATE("S",MID($A82,5,1),"_U4_",SUBSTITUTE($C82,"IP","I+") ) -> S0_U4_P5_GIGA_MDI+ | N82: =VLOOKUP(M82,EtchLengthFromLayout!$A:$B,2,0) -> 1325.47 | O82: =SUBSTITUTE($D82, "_P5","_U5") -> S0_U5_GIGA_MDI+ | P82: =VLOOKUP(O82,EtchLengthFromLayout!$A:$B,2,0) -> 573.76 | AB82: =E82+G82+J82+L82+N82+P82+R82+T82+V82+X82+AA82 -> 12834.68 | AC82: =IF(AC81<=5,"OK, Tolerance<= 5 mils", "Fail, Tolerance > 5 mils") -> OK, Tolerance<= 5 mils | AD82: GOLDEN0 | AE82: =VLOOKUP(AF82,PinNo!$B:$C,2,0) -> 147 | AF82: =C82 -> P5_GIGA_MDIP
A83: SITE1 | B83: =VLOOKUP(C83,PinNo!$B:$C,2,0) -> 148 | C83: P5_GIGA_MDIN | D83: =VLOOKUP(CONCATENATE($A83,".",$B83),Netlist_VTable!$H:$I,2,0) -> S1_P5_GIGA_MDI- | E83: =VLOOKUP(D83,EtchLengthFromLayout!$A:$B,2,0) -> 1513.31 | F83: =CONCATENATE("S",MID($A83,5,1),"_U1_",SUBSTITUTE($C83,"IN","I-") ) -> S1_U1_P5_GIGA_MDI- | G83: =VLOOKUP(F83,EtchLengthFromLayout!$A:$B,2,0) -> 324.18 | H83: =E83+G83 -> 1837.49 | I83: =CONCATENATE("S",MID($A83,5,1),"_U2_",SUBSTITUTE($C83,"IN","I-") ) -> S1_U2_P5_GIGA_MDI- | J83: =VLOOKUP(I83,EtchLengthFromLayout!$A:$B,2,0) -> 100.55 | K83: =CONCATENATE("S",MID($A83,5,1),"_U3_",SUBSTITUTE($C83,"IN","I-") ) -> S1_U3_P5_GIGA_MDI- | L83: =VLOOKUP(K83,EtchLengthFromLayout!$A:$B,2,0) -> 8754.6 | M83: =CONCATENATE("S",MID($A83,5,1),"_U4_",SUBSTITUTE($C83,"IN","I-") ) -> S1_U4_P5_GIGA_MDI- | N83: =VLOOKUP(M83,EtchLengthFromLayout!$A:$B,2,0) -> 1495.67 | O83: =SUBSTITUTE($D83, "_P5","_U5") -> S1_U5_GIGA_MDI- | P83: =VLOOKUP(O83,EtchLengthFromLayout!$A:$B,2,0) -> 573.75 | AB83: =E83+G83+J83+L83+N83+P83+R83+T83+V83+X83+AA83 -> 12762.06 | AC83: =ABS(AB83-AB84) -> 0.03 | AD83: 1GOLDEN0 | AE83: =VLOOKUP(AF83,PinNo!$B:$C,2,0) -> 148 | AF83: =C83 -> P5_GIGA_MDIN
A84: SITE1 | B84: =VLOOKUP(C84,PinNo!$B:$C,2,0) -> 147 | C84: P5_GIGA_MDIP | D84: =VLOOKUP(CONCATENATE($A84,".",$B84),Netlist_VTable!$H:$I,2,0) -> S1_P5_GIGA_MDI+ | E84: =VLOOKUP(D84,EtchLengthFromLayout!$A:$B,2,0) -> 1513.33 | F84: =CONCATENATE("S",MID($A84,5,1),"_U1_",SUBSTITUTE($C84,"IP","I+") ) -> S1_U1_P5_GIGA_MDI+ | G84: =VLOOKUP(F84,EtchLengthFromLayout!$A:$B,2,0) -> 324.17 | H84: =E84+G84 -> 1837.5 | I84: =CONCATENATE("S",MID($A84,5,1),"_U2_",SUBSTITUTE($C84,"IP","I+") ) -> S1_U2_P5_GIGA_MDI+ | J84: =VLOOKUP(I84,EtchLengthFromLayout!$A:$B,2,0) -> 100.55 | K84: =CONCATENATE("S",MID($A84,5,1),"_U3_",SUBSTITUTE($C84,"IP","I+") ) -> S1_U3_P5_GIGA_MDI+ | L84: =VLOOKUP(K84,EtchLengthFromLayout!$A:$B,2,0) -> 8754.61 | M84: =CONCATENATE("S",MID($A84,5,1),"_U4_",SUBSTITUTE($C84,"IP","I+") ) -> S1_U4_P5_GIGA_MDI+ | N84: =VLOOKUP(M84,EtchLengthFromLayout!$A:$B,2,0) -> 1495.67 | O84: =SUBSTITUTE($D84, "_P5","_U5") -> S1_U5_GIGA_MDI+ | P84: =VLOOKUP(O84,EtchLengthFromLayout!$A:$B,2,0) -> 573.76 | AB84: =E84+G84+J84+L84+N84+P84+R84+T84+V84+X84+AA84 -> 12762.09 | AC84: =IF(AC83<=5,"OK, Tolerance<= 5 mils", "Fail, Tolerance > 5 mils") -> OK, Tolerance<= 5 mils | AD84: 1GOLDEN0 | AE84: =VLOOKUP(AF84,PinNo!$B:$C,2,0) -> 147 | AF84: =C84 -> P5_GIGA_MDIP
A85: SITE2 | B85: =VLOOKUP(C85,PinNo!$B:$C,2,0) -> 148 | C85: P5_GIGA_MDIN | D85: =VLOOKUP(CONCATENATE($A85,".",$B85),Netlist_VTable!$H:$I,2,0) -> S2_P5_GIGA_MDI- | E85: =VLOOKUP(D85,EtchLengthFromLayout!$A:$B,2,0) -> 1653.57 | F85: =CONCATENATE("S",MID($A85,5,1),"_U1_",SUBSTITUTE($C85,"IN","I-") ) -> S2_U1_P5_GIGA_MDI- | G85: =VLOOKUP(F85,EtchLengthFromLayout!$A:$B,2,0) -> 324.18 | H85: =E85+G85 -> 1977.75 | I85: =CONCATENATE("S",MID($A85,5,1),"_U2_",SUBSTITUTE($C85,"IN","I-") ) -> S2_U2_P5_GIGA_MDI- | J85: =VLOOKUP(I85,EtchLengthFromLayout!$A:$B,2,0) -> 100.55 | K85: =CONCATENATE("S",MID($A85,5,1),"_U3_",SUBSTITUTE($C85,"IN","I-") ) -> S2_U3_P5_GIGA_MDI- | L85: =VLOOKUP(K85,EtchLengthFromLayout!$A:$B,2,0) -> 8632.48 | M85: =CONCATENATE("S",MID($A85,5,1),"_U4_",SUBSTITUTE($C85,"IN","I-") ) -> S2_U4_P5_GIGA_MDI- | N85: =VLOOKUP(M85,EtchLengthFromLayout!$A:$B,2,0) -> 1325.86 | O85: =SUBSTITUTE($D85, "_P5","_U5") -> S2_U5_GIGA_MDI- | P85: =VLOOKUP(O85,EtchLengthFromLayout!$A:$B,2,0) -> 573.75 | AB85: =E85+G85+J85+L85+N85+P85+R85+T85+V85+X85+AA85 -> 12610.39 | AC85: =ABS(AB85-AB86) -> 1.8189894e-12 | AD85: 2GOLDEN0 | AE85: =VLOOKUP(AF85,PinNo!$B:$C,2,0) -> 148 | AF85: =C85 -> P5_GIGA_MDIN
A86: SITE2 | B86: =VLOOKUP(C86,PinNo!$B:$C,2,0) -> 147 | C86: P5_GIGA_MDIP | D86: =VLOOKUP(CONCATENATE($A86,".",$B86),Netlist_VTable!$H:$I,2,0) -> S2_P5_GIGA_MDI+ | E86: =VLOOKUP(D86,EtchLengthFromLayout!$A:$B,2,0) -> 1653.57 | F86: =CONCATENATE("S",MID($A86,5,1),"_U1_",SUBSTITUTE($C86,"IP","I+") ) -> S2_U1_P5_GIGA_MDI+ | G86: =VLOOKUP(F86,EtchLengthFromLayout!$A:$B,2,0) -> 324.17 | H86: =E86+G86 -> 1977.74 | I86: =CONCATENATE("S",MID($A86,5,1),"_U2_",SUBSTITUTE($C86,"IP","I+") ) -> S2_U2_P5_GIGA_MDI+ | J86: =VLOOKUP(I86,EtchLengthFromLayout!$A:$B,2,0) -> 100.55 | K86: =CONCATENATE("S",MID($A86,5,1),"_U3_",SUBSTITUTE($C86,"IP","I+") ) -> S2_U3_P5_GIGA_MDI+ | L86: =VLOOKUP(K86,EtchLengthFromLayout!$A:$B,2,0) -> 8632.48 | M86: =CONCATENATE("S",MID($A86,5,1),"_U4_",SUBSTITUTE($C86,"IP","I+") ) -> S2_U4_P5_GIGA_MDI+ | N86: =VLOOKUP(M86,EtchLengthFromLayout!$A:$B,2,0) -> 1325.86 | O86: =SUBSTITUTE($D86, "_P5","_U5") -> S2_U5_GIGA_MDI+ | P86: =VLOOKUP(O86,EtchLengthFromLayout!$A:$B,2,0) -> 573.76 | AB86: =E86+G86+J86+L86+N86+P86+R86+T86+V86+X86+AA86 -> 12610.39 | AC86: =IF(AC85<=5,"OK, Tolerance<= 5 mils", "Fail, Tolerance > 5 mils") -> OK, Tolerance<= 5 mils | AD86: 2GOLDEN0 | AE86: =VLOOKUP(AF86,PinNo!$B:$C,2,0) -> 147 | AF86: =C86 -> P5_GIGA_MDIP
A87: SITE3 | B87: =VLOOKUP(C87,PinNo!$B:$C,2,0) -> 148 | C87: P5_GIGA_MDIN | D87: =VLOOKUP(CONCATENATE($A87,".",$B87),Netlist_VTable!$H:$I,2,0) -> S3_P5_GIGA_MDI- | E87: =VLOOKUP(D87,EtchLengthFromLayout!$A:$B,2,0) -> 1513.31 | F87: =CONCATENATE("S",MID($A87,5,1),"_U1_",SUBSTITUTE($C87,"IN","I-") ) -> S3_U1_P5_GIGA_MDI- | G87: =VLOOKUP(F87,EtchLengthFromLayout!$A:$B,2,0) -> 324.18 | H87: =E87+G87 -> 1837.49 | I87: =CONCATENATE("S",MID($A87,5,1),"_U2_",SUBSTITUTE($C87,"IN","I-") ) -> S3_U2_P5_GIGA_MDI- | J87: =VLOOKUP(I87,EtchLengthFromLayout!$A:$B,2,0) -> 100.55 | K87: =CONCATENATE("S",MID($A87,5,1),"_U3_",SUBSTITUTE($C87,"IN","I-") ) -> S3_U3_P5_GIGA_MDI- | L87: =VLOOKUP(K87,EtchLengthFromLayout!$A:$B,2,0) -> 8825 | M87: =CONCATENATE("S",MID($A87,5,1),"_U4_",SUBSTITUTE($C87,"IN","I-") ) -> S3_U4_P5_GIGA_MDI- | N87: =VLOOKUP(M87,EtchLengthFromLayout!$A:$B,2,0) -> 1284.12 | O87: =SUBSTITUTE($D87, "_P5","_U5") -> S3_U5_GIGA_MDI- | P87: =VLOOKUP(O87,EtchLengthFromLayout!$A:$B,2,0) -> 573.75 | AB87: =E87+G87+J87+L87+N87+P87+R87+T87+V87+X87+AA87 -> 12620.91 | AC87: =ABS(AB87-AB88) -> 1.8189894e-12 | AD87: 3GOLDEN0 | AE87: =VLOOKUP(AF87,PinNo!$B:$C,2,0) -> 148 | AF87: =C87 -> P5_GIGA_MDIN
A88: SITE3 | B88: =VLOOKUP(C88,PinNo!$B:$C,2,0) -> 147 | C88: P5_GIGA_MDIP | D88: =VLOOKUP(CONCATENATE($A88,".",$B88),Netlist_VTable!$H:$I,2,0) -> S3_P5_GIGA_MDI+ | E88: =VLOOKUP(D88,EtchLengthFromLayout!$A:$B,2,0) -> 1513.31 | F88: =CONCATENATE("S",MID($A88,5,1),"_U1_",SUBSTITUTE($C88,"IP","I+") ) -> S3_U1_P5_GIGA_MDI+ | G88: =VLOOKUP(F88,EtchLengthFromLayout!$A:$B,2,0) -> 324.17 | H88: =E88+G88 -> 1837.48 | I88: =CONCATENATE("S",MID($A88,5,1),"_U2_",SUBSTITUTE($C88,"IP","I+") ) -> S3_U2_P5_GIGA_MDI+ | J88: =VLOOKUP(I88,EtchLengthFromLayout!$A:$B,2,0) -> 100.55 | K88: =CONCATENATE("S",MID($A88,5,1),"_U3_",SUBSTITUTE($C88,"IP","I+") ) -> S3_U3_P5_GIGA_MDI+ | L88: =VLOOKUP(K88,EtchLengthFromLayout!$A:$B,2,0) -> 8825 | M88: =CONCATENATE("S",MID($A88,5,1),"_U4_",SUBSTITUTE($C88,"IP","I+") ) -> S3_U4_P5_GIGA_MDI+ | N88: =VLOOKUP(M88,EtchLengthFromLayout!$A:$B,2,0) -> 1284.12 | O88: =SUBSTITUTE($D88, "_P5","_U5") -> S3_U5_GIGA_MDI+ | P88: =VLOOKUP(O88,EtchLengthFromLayout!$A:$B,2,0) -> 573.76 | AB88: =E88+G88+J88+L88+N88+P88+R88+T88+V88+X88+AA88 -> 12620.91 | AC88: =IF(AC87<=5,"OK, Tolerance<= 5 mils", "Fail, Tolerance > 5 mils") -> OK, Tolerance<= 5 mils | AD88: 3GOLDEN0 | AE88: =VLOOKUP(AF88,PinNo!$B:$C,2,0) -> 147 | AF88: =C88 -> P5_GIGA_MDIP
F89: Max | H89: =MAX(H81:H88) -> 1977.75 | Z89: Max | AB89: =MAX(AB81:AB88) -> 12834.68
F90: Min | H90: =MIN(H81:H88) -> 1837.48 | Z90: Min | AB90: =MIN(AB81:AB88) -> 12610.39
F91: Max-Min | H91: =ABS(H89-H90) -> 140.27 | Z91: Max-Min | AB91: =ABS(AB89-AB90) -> 224.29
A94: Site | B94: Pin No | C94: Pin Name | D94: Net | E94: Length | F94: Net | G94: Length | H94: DUT-> Choke ( E + G ) 此處為最短距離 | I94: Net | J94: Length | K94: Net | L94: Length | M94: Net | N94: Length | O94: Net | P94: Length | Q94: Net | R94: Length | S94: Net | T94: Length | U94: Net | V94: Length | W94: Net | X94: Length | Z94: Golden -> Choke Net (此處為最短距離) | AA94: Length | AB94: Total Length (mils) | AC94: P/N Difference (mils) | AD94: Golden | AE94: Pin No | AF94: Pin Name | AG94: Note
A95: SITE0 | B95: =VLOOKUP(C95,PinNo!$B:$C,2,0) -> 143 | C95: P6_GIGA_MDIN | D95: =VLOOKUP(CONCATENATE($A95,".",$B95),Netlist_VTable!$H:$I,2,0) -> S0_P6_GIGA_MDI- | E95: =VLOOKUP(D95,EtchLengthFromLayout!$A:$B,2,0) -> 1664.82 | F95: =CONCATENATE("S",MID($A95,5,1),"_U1_",SUBSTITUTE($C95,"IN","I-") ) -> S0_U1_P6_GIGA_MDI- | G95: =VLOOKUP(F95,EtchLengthFromLayout!$A:$B,2,0) -> 322.85 | H95: =E95+G95 -> 1987.67 | I95: =CONCATENATE("S",MID($A95,5,1),"_U2_",SUBSTITUTE($C95,"IN","I-") ) -> S0_U2_P6_GIGA_MDI- | J95: =VLOOKUP(I95,EtchLengthFromLayout!$A:$B,2,0) -> 100.55 | K95: =CONCATENATE("S",MID($A95,5,1),"_U3_",SUBSTITUTE($C95,"IN","I-") ) -> S0_U3_P6_GIGA_MDI- | L95: =VLOOKUP(K95,EtchLengthFromLayout!$A:$B,2,0) -> 8505.74 | M95: =CONCATENATE("S",MID($A95,5,1),"_U4_",SUBSTITUTE($C95,"IN","I-") ) -> S0_U4_P6_GIGA_MDI- | N95: =VLOOKUP(M95,EtchLengthFromLayout!$A:$B,2,0) -> 1045.58 | O95: =SUBSTITUTE($D95, "_P6","_U5") -> S0_U5_GIGA_MDI- | P95: =VLOOKUP(O95,EtchLengthFromLayout!$A:$B,2,0) -> 573.75 | AB95: =E95+G95+J95+L95+N95+P95+R95+T95+V95+X95+AA95 -> 12213.29 | AC95: =ABS(AB95-AB96) -> 0.81 | AD95: GOLDEN0 | AE95: =VLOOKUP(AF95,PinNo!$B:$C,2,0) -> 143 | AF95: =C95 -> P6_GIGA_MDIN | AG95: DUT to TE CONN Port P6
A96: SITE0 | B96: =VLOOKUP(C96,PinNo!$B:$C,2,0) -> 142 | C96: P6_GIGA_MDIP | D96: =VLOOKUP(CONCATENATE($A96,".",$B96),Netlist_VTable!$H:$I,2,0) -> S0_P6_GIGA_MDI+ | E96: =VLOOKUP(D96,EtchLengthFromLayout!$A:$B,2,0) -> 1664.83 | F96: =CONCATENATE("S",MID($A96,5,1),"_U1_",SUBSTITUTE($C96,"IP","I+") ) -> S0_U1_P6_GIGA_MDI+ | G96: =VLOOKUP(F96,EtchLengthFromLayout!$A:$B,2,0) -> 322.84 | H96: =E96+G96 -> 1987.67 | I96: =CONCATENATE("S",MID($A96,5,1),"_U2_",SUBSTITUTE($C96,"IP","I+") ) -> S0_U2_P6_GIGA_MDI+ | J96: =VLOOKUP(I96,EtchLengthFromLayout!$A:$B,2,0) -> 100.55 | K96: =CONCATENATE("S",MID($A96,5,1),"_U3_",SUBSTITUTE($C96,"IP","I+") ) -> S0_U3_P6_GIGA_MDI+ | L96: =VLOOKUP(K96,EtchLengthFromLayout!$A:$B,2,0) -> 8505.75 | M96: =CONCATENATE("S",MID($A96,5,1),"_U4_",SUBSTITUTE($C96,"IP","I+") ) -> S0_U4_P6_GIGA_MDI+ | N96: =VLOOKUP(M96,EtchLengthFromLayout!$A:$B,2,0) -> 1044.75 | O96: =SUBSTITUTE($D96, "_P6","_U5") -> S0_U5_GIGA_MDI+ | P96: =VLOOKUP(O96,EtchLengthFromLayout!$A:$B,2,0) -> 573.76 | AB96: =E96+G96+J96+L96+N96+P96+R96+T96+V96+X96+AA96 -> 12212.48 | AC96: =IF(AC95<=5,"OK, Tolerance<= 5 mil", "Not OK, Tolerance > 5 mil") -> OK, Tolerance<= 5 mil | AD96: GOLDEN0 | AE96: =VLOOKUP(AF96,PinNo!$B:$C,2,0) -> 142 | AF96: =C96 -> P6_GIGA_MDIP
A97: SITE1 | B97: =VLOOKUP(C97,PinNo!$B:$C,2,0) -> 143 | C97: P6_GIGA_MDIN | D97: =VLOOKUP(CONCATENATE($A97,".",$B97),Netlist_VTable!$H:$I,2,0) -> S1_P6_GIGA_MDI- | E97: =VLOOKUP(D97,EtchLengthFromLayout!$A:$B,2,0) -> 1440.48 | F97: =CONCATENATE("S",MID($A97,5,1),"_U1_",SUBSTITUTE($C97,"IN","I-") ) -> S1_U1_P6_GIGA_MDI- | G97: =VLOOKUP(F97,EtchLengthFromLayout!$A:$B,2,0) -> 322.85 | H97: =E97+G97 -> 1763.33 | I97: =CONCATENATE("S",MID($A97,5,1),"_U2_",SUBSTITUTE($C97,"IN","I-") ) -> S1_U2_P6_GIGA_MDI- | J97: =VLOOKUP(I97,EtchLengthFromLayout!$A:$B,2,0) -> 100.55 | K97: =CONCATENATE("S",MID($A97,5,1),"_U3_",SUBSTITUTE($C97,"IN","I-") ) -> S1_U3_P6_GIGA_MDI- | L97: =VLOOKUP(K97,EtchLengthFromLayout!$A:$B,2,0) -> 8824.37 | M97: =CONCATENATE("S",MID($A97,5,1),"_U4_",SUBSTITUTE($C97,"IN","I-") ) -> S1_U4_P6_GIGA_MDI- | N97: =VLOOKUP(M97,EtchLengthFromLayout!$A:$B,2,0) -> 1045.58 | O97: =SUBSTITUTE($D97, "_P6","_U5") -> S1_U5_GIGA_MDI- | P97: =VLOOKUP(O97,EtchLengthFromLayout!$A:$B,2,0) -> 573.75 | AB97: =E97+G97+J97+L97+N97+P97+R97+T97+V97+X97+AA97 -> 12307.58 | AC97: =ABS(AB97-AB98) -> 0.81 | AD97: 1GOLDEN0 | AE97: =VLOOKUP(AF97,PinNo!$B:$C,2,0) -> 143 | AF97: =C97 -> P6_GIGA_MDIN
A98: SITE1 | B98: =VLOOKUP(C98,PinNo!$B:$C,2,0) -> 142 | C98: P6_GIGA_MDIP | D98: =VLOOKUP(CONCATENATE($A98,".",$B98),Netlist_VTable!$H:$I,2,0) -> S1_P6_GIGA_MDI+ | E98: =VLOOKUP(D98,EtchLengthFromLayout!$A:$B,2,0) -> 1440.49 | F98: =CONCATENATE("S",MID($A98,5,1),"_U1_",SUBSTITUTE($C98,"IP","I+") ) -> S1_U1_P6_GIGA_MDI+ | G98: =VLOOKUP(F98,EtchLengthFromLayout!$A:$B,2,0) -> 322.84 | H98: =E98+G98 -> 1763.33 | I98: =CONCATENATE("S",MID($A98,5,1),"_U2_",SUBSTITUTE($C98,"IP","I+") ) -> S1_U2_P6_GIGA_MDI+ | J98: =VLOOKUP(I98,EtchLengthFromLayout!$A:$B,2,0) -> 100.55 | K98: =CONCATENATE("S",MID($A98,5,1),"_U3_",SUBSTITUTE($C98,"IP","I+") ) -> S1_U3_P6_GIGA_MDI+ | L98: =VLOOKUP(K98,EtchLengthFromLayout!$A:$B,2,0) -> 8824.38 | M98: =CONCATENATE("S",MID($A98,5,1),"_U4_",SUBSTITUTE($C98,"IP","I+") ) -> S1_U4_P6_GIGA_MDI+ | N98: =VLOOKUP(M98,EtchLengthFromLayout!$A:$B,2,0) -> 1044.75 | O98: =SUBSTITUTE($D98, "_P6","_U5") -> S1_U5_GIGA_MDI+ | P98: =VLOOKUP(O98,EtchLengthFromLayout!$A:$B,2,0) -> 573.76 | AB98: =E98+G98+J98+L98+N98+P98+R98+T98+V98+X98+AA98 -> 12306.77 | AC98: =IF(AC97<=5,"OK, Tolerance<= 5 mil", "Not OK, Tolerance > 5 mil") -> OK, Tolerance<= 5 mil | AD98: 1GOLDEN0 | AE98: =VLOOKUP(AF98,PinNo!$B:$C,2,0) -> 142 | AF98: =C98 -> P6_GIGA_MDIP
A99: SITE2 | B99: =VLOOKUP(C99,PinNo!$B:$C,2,0) -> 143 | C99: P6_GIGA_MDIN | D99: =VLOOKUP(CONCATENATE($A99,".",$B99),Netlist_VTable!$H:$I,2,0) -> S2_P6_GIGA_MDI- | E99: =VLOOKUP(D99,EtchLengthFromLayout!$A:$B,2,0) -> 1665.06 | F99: =CONCATENATE("S",MID($A99,5,1),"_U1_",SUBSTITUTE($C99,"IN","I-") ) -> S2_U1_P6_GIGA_MDI- | G99: =VLOOKUP(F99,EtchLengthFromLayout!$A:$B,2,0) -> 322.85 | H99: =E99+G99 -> 1987.91 | I99: =CONCATENATE("S",MID($A99,5,1),"_U2_",SUBSTITUTE($C99,"IN","I-") ) -> S2_U2_P6_GIGA_MDI- | J99: =VLOOKUP(I99,EtchLengthFromLayout!$A:$B,2,0) -> 100.55 | K99: =CONCATENATE("S",MID($A99,5,1),"_U3_",SUBSTITUTE($C99,"IN","I-") ) -> S2_U3_P6_GIGA_MDI- | L99: =VLOOKUP(K99,EtchLengthFromLayout!$A:$B,2,0) -> 8298.51 | M99: =CONCATENATE("S",MID($A99,5,1),"_U4_",SUBSTITUTE($C99,"IN","I-") ) -> S2_U4_P6_GIGA_MDI- | N99: =VLOOKUP(M99,EtchLengthFromLayout!$A:$B,2,0) -> 1045.58 | O99: =SUBSTITUTE($D99, "_P6","_U5") -> S2_U5_GIGA_MDI- | P99: =VLOOKUP(O99,EtchLengthFromLayout!$A:$B,2,0) -> 573.75 | AB99: =E99+G99+J99+L99+N99+P99+R99+T99+V99+X99+AA99 -> 12006.3 | AC99: =ABS(AB99-AB100) -> 0.82 | AD99: 2GOLDEN0 | AE99: =VLOOKUP(AF99,PinNo!$B:$C,2,0) -> 143 | AF99: =C99 -> P6_GIGA_MDIN
A100: SITE2 | B100: =VLOOKUP(C100,PinNo!$B:$C,2,0) -> 142 | C100: P6_GIGA_MDIP | D100: =VLOOKUP(CONCATENATE($A100,".",$B100),Netlist_VTable!$H:$I,2,0) -> S2_P6_GIGA_MDI+ | E100: =VLOOKUP(D100,EtchLengthFromLayout!$A:$B,2,0) -> 1665.07 | F100: =CONCATENATE("S",MID($A100,5,1),"_U1_",SUBSTITUTE($C100,"IP","I+") ) -> S2_U1_P6_GIGA_MDI+ | G100: =VLOOKUP(F100,EtchLengthFromLayout!$A:$B,2,0) -> 322.84 | H100: =E100+G100 -> 1987.91 | I100: =CONCATENATE("S",MID($A100,5,1),"_U2_",SUBSTITUTE($C100,"IP","I+") ) -> S2_U2_P6_GIGA_MDI+ | J100: =VLOOKUP(I100,EtchLengthFromLayout!$A:$B,2,0) -> 100.55 | K100: =CONCATENATE("S",MID($A100,5,1),"_U3_",SUBSTITUTE($C100,"IP","I+") ) -> S2_U3_P6_GIGA_MDI+ | L100: =VLOOKUP(K100,EtchLengthFromLayout!$A:$B,2,0) -> 8298.51 | M100: =CONCATENATE("S",MID($A100,5,1),"_U4_",SUBSTITUTE($C100,"IP","I+") ) -> S2_U4_P6_GIGA_MDI+ | N100: =VLOOKUP(M100,EtchLengthFromLayout!$A:$B,2,0) -> 1044.75 | O100: =SUBSTITUTE($D100, "_P6","_U5") -> S2_U5_GIGA_MDI+ | P100: =VLOOKUP(O100,EtchLengthFromLayout!$A:$B,2,0) -> 573.76 | AB100: =E100+G100+J100+L100+N100+P100+R100+T100+V100+X100+AA100 -> 12005.48 | AC100: =IF(AC99<=5,"OK, Tolerance<= 5 mil", "Not OK, Tolerance > 5 mil") -> OK, Tolerance<= 5 mil | AD100: 2GOLDEN0 | AE100: =VLOOKUP(AF100,PinNo!$B:$C,2,0) -> 142 | AF100: =C100 -> P6_GIGA_MDIP
