Workbook

Sheet PinNo
A1: G8 | B1: DVDD09[01] | C1: =A1 -> G8 | E1: 1
A2: H9 | B2: DVDD09[02] | C2: =A2 -> H9 | E2: 1
A3: J9 | B3: DVDD09[03] | C3: =A3 -> J9 | E3: 1
A4: K9 | B4: DVDD09[04] | C4: =A4 -> K9 | E4: 1
A5: L9 | B5: DVDD09[05] | C5: =A5 -> L9 | E5: 1
A6: M10 | B6: DVDD09[06] | C6: =A6 -> M10 | E6: 1
A7: M11 | B7: DVDD09[07] | C7: =A7 -> M11 | E7: 1
A8: M12 | B8: DVDD09[08] | C8: =A8 -> M12 | E8: 1
A9: N10 | B9: DVDD09[09] | C9: =A9 -> N10 | E9: 1
A10: N11 | B10: DVDD09[10] | C10: =A10 -> N11 | E10: 1
A11: N12 | B11: DVDD09[11] | C11: =A11 -> N12 | E11: 1
A12: E4 | B12: AVDD09[01] | C12: =A12 -> E4 | E12: 2
... A281: NUT4 | B281: NUT4 | C281: =A281 -> NUT4 | E281: 68
A285: 1 | B285: PCIE_AVCC33 | C285: =A285 -> 1
A286: 2 | B286: PCIE_AVDD11[1] | C286: =A286 -> 2
A287: 3 | B287: RST_INPIN | C287: =A287 -> 3
A288: 4 | B288: VDD33[1] | C288: =A288 -> 4
A289: 5 | B289: UART_RXD/SJTCLK/GPIO4 | C289: =A289 -> 5
A290: 6 | B290: UART_TXD/SJTTDI/GPIO5 | C290: =A290 -> 6
A291: 7 | B291: TESTENPIN | C291: =A291 -> 7
A292: 8 | B292: GPIO6/SJTMS | C292: =A292 -> 8
A293: 9 | B293: GPIO7/SJTDO/LED0 | C293: =A293 -> 9
A294: 10 | B294: GPIO8/HOT_PLUG/I2C_DATA/SPIO2 | C294: =A294 -> 10
A295: 11 | B295: DVDD11[1] | C295: =A295 -> 11
A296: 12 | B296: ISOLATEBPIN | C296: =A296 -> 12
... A352: 34 | B352: LDO_5TO3_OUT | C352: =A352 -> 34
A353: GH1 | B353: GH1 | C353: =A353 -> GH1
A354: GH2 | B354: GH2 | C354: =A354 -> GH2
A355: NUT1 | B355: NUT1 | C355: =A355 -> NUT1
A356: NUT2 | B356: NUT2 | C356: =A356 -> NUT2
A357: EP | B357: EPAD | C357: =A357 -> EP
A358: G1 | B358: G1 | C358: =A358 -> G1
A359: G2 | B359: G2 | C359: =A359 -> G2
A360: G3 | B360: G3 | C360: =A360 -> G3
A361: G4 | B361: G4 | C361: =A361 -> G4
A362: G5 | B362: G5 | C362: =A362 -> G5
A363: G6 | B363: G6 | C363: =A363 -> G6
A364: G7 | B364: G7 | C364: =A364 -> G7
... A385: G24 | B385: G24 | C385: =A385 -> G24

Sheet Netlist_VTable
C1: refer | E1: Net Name | F1: Number | G1: Name | H1: =CONCATENATE(C1,".",F1) -> refer.Number | I1: =E1 -> Net Name
A2: SCHEMATIC1 | B2: P000A_S0_BRPHY_P0_1_5_6 | C2: C194 | D2: 1 | E2: S0_U3_P0_RC | F2: 1 | G2: 1 | H2: =CONCATENATE(C2,".",F2) -> C194.1 | I2: =E2 -> S0_U3_P0_RC
A3: SCHEMATIC1 | B3: P000A_S0_BRPHY_P0_1_5_6 | C3: C194 | D3: 2 | E3: DGND | F3: 2 | G3: 2 | H3: =CONCATENATE(C3,".",F3) -> C194.2 | I3: =E3 -> DGND
A4: SCHEMATIC1 | B4: P000A_S0_BRPHY_P0_1_5_6 | C4: C195 | D4: 1 | E4: S0_U2_P0_MDI+ | F4: 1 | G4: 1 | H4: =CONCATENATE(C4,".",F4) -> C195.1 | I4: =E4 -> S0_U2_P0_MDI+
A5: SCHEMATIC1 | B5: P000A_S0_BRPHY_P0_1_5_6 | C5: C195 | D5: 2 | E5: S0_U3_P0_MDI+ | F5: 2 | G5: 2 | H5: =CONCATENATE(C5,".",F5) -> C195.2 | I5: =E5 -> S0_U3_P0_MDI+
A6: SCHEMATIC1 | B6: P000A_S0_BRPHY_P0_1_5_6 | C6: C196 | D6: 1 | E6: S0_U2_P0_MDI- | F6: 1 | G6: 1 | H6: =CONCATENATE(C6,".",F6) -> C196.1 | I6: =E6 -> S0_U2_P0_MDI-
A7: SCHEMATIC1 | B7: P000A_S0_BRPHY_P0_1_5_6 | C7: C196 | D7: 2 | E7: S0_U3_P0_MDI- | F7: 2 | G7: 2 | H7: =CONCATENATE(C7,".",F7) -> C196.2 | I7: =E7 -> S0_U3_P0_MDI-
A8: SCHEMATIC1 | B8: P000A_S0_BRPHY_P0_1_5_6 | C8: C197 | D8: 1 | E8: S0_U3_P1_RC | F8: 1 | G8: 1 | H8: =CONCATENATE(C8,".",F8) -> C197.1 | I8: =E8 -> S0_U3_P1_RC
A9: SCHEMATIC1 | B9: P000A_S0_BRPHY_P0_1_5_6 | C9: C197 | D9: 2 | E9: DGND | F9: 2 | G9: 2 | H9: =CONCATENATE(C9,".",F9) -> C197.2 | I9: =E9 -> DGND
A10: SCHEMATIC1 | B10: P000A_S0_BRPHY_P0_1_5_6 | C10: C198 | D10: 1 | E10: S0_U2_P1_MDI+ | F10: 1 | G10: 1 | H10: =CONCATENATE(C10,".",F10) -> C198.1 | I10: =E10 -> S0_U2_P1_MDI+
A11: SCHEMATIC1 | B11: P000A_S0_BRPHY_P0_1_5_6 | C11: C198 | D11: 2 | E11: S0_U3_P1_MDI+ | F11: 2 | G11: 2 | H11: =CONCATENATE(C11,".",F11) -> C198.2 | I11: =E11 -> S0_U3_P1_MDI+
A12: SCHEMATIC1 | B12: P000A_S0_BRPHY_P0_1_5_6 | C12: C199 | D12: 1 | E12: S0_U2_P1_MDI- | F12: 1 | G12: 1 | H12: =CONCATENATE(C12,".",F12) -> C199.1 | I12: =E12 -> S0_U2_P1_MDI-
A13: SCHEMATIC1 | B13: P000A_S0_BRPHY_P0_1_5_6 | C13: C199 | D13: 2 | E13: S0_U3_P1_MDI- | F13: 2 | G13: 2 | H13: =CONCATENATE(C13,".",F13) -> C199.2 | I13: =E13 -> S0_U3_P1_MDI-
... A31: SCHEMATIC1 | B31: P000A_S0_BRPHY_P0_1_5_6 | C31: K60 | D31: 7 | E31: S0_HSD018- | F31: 7 | G31: 7 | H31: =CONCATENATE(C31,".",F31) -> K60.7 | I31: =E31 -> S0_HSD018-
A32: SCHEMATIC1 | B32: P000A_S0_BRPHY_P0_1_5_6 | C32: K60 | D32: V+ | E32: VP12 | F32: 1 | G32: V+ | H32: =CONCATENATE(C32,".",F32) -> K60.1 | I32: =E32 -> VP12
A33: SCHEMATIC1 | B33: P000A_S0_BRPHY_P0_1_5_6 | C33: K60 | D33: V- | E33: SC_UDB060 | F33: 8 | G33: V- | H33: =CONCATENATE(C33,".",F33) -> K60.8 | I33: =E33 -> SC_UDB060
A34: SCHEMATIC1 | B34: P000A_S0_BRPHY_P0_1_5_6 | C34: K64 | D34: 2 | E34: S0_HSD006+ | F34: 2 | G34: 2 | H34: =CONCATENATE(C34,".",F34) -> K64.2 | I34: =E34 -> S0_HSD006+
A35: SCHEMATIC1 | B35: P000A_S0_BRPHY_P0_1_5_6 | C35: K64 | D35: 3 | E35: S0_P1_MDI+ | F35: 3 | G35: 3 | H35: =CONCATENATE(C35,".",F35) -> K64.3 | I35: =E35 -> S0_P1_MDI+
A36: SCHEMATIC1 | B36: P000A_S0_BRPHY_P0_1_5_6 | C36: K64 | D36: 4 | E36: S0_U1_P1_MDI+ | F36: 4 | G36: 4 | H36: =CONCATENATE(C36,".",F36) -> K64.4 | I36: =E36 -> S0_U1_P1_MDI+
A37: SCHEMATIC1 | B37: P000A_S0_BRPHY_P0_1_5_6 | C37: K64 | D37: 5 | E37: S0_U1_P1_MDI- | F37: 5 | G37: 5 | H37: =CONCATENATE(C37,".",F37) -> K64.5 | I37: =E37 -> S0_U1_P1_MDI-
A38: SCHEMATIC1 | B38: P000A_S0_BRPHY_P0_1_5_6 | C38: K64 | D38: 6 | E38: S0_P1_MDI- | F38: 6 | G38: 6 | H38: =CONCATENATE(C38,".",F38) -> K64.6 | I38: =E38 -> S0_P1_MDI-
A39: SCHEMATIC1 | B39: P000A_S0_BRPHY_P0_1_5_6 | C39: K64 | D39: 7 | E39: S0_HSD006- | F39: 7 | G39: 7 | H39: =CONCATENATE(C39,".",F39) -> K64.7 | I39: =E39 -> S0_HSD006-
A40: SCHEMATIC1 | B40: P000A_S0_BRPHY_P0_1_5_6 | C40: K64 | D40: V+ | E40: VP12 | F40: 1 | G40: V+ | H40: =CONCATENATE(C40,".",F40) -> K64.1 | I40: =E40 -> VP12
A41: SCHEMATIC1 | B41: P000A_S0_BRPHY_P0_1_5_6 | C41: K64 | D41: V- | E41: SC_UDB064 | F41: 8 | G41: V- | H41: =CONCATENATE(C41,".",F41) -> K64.8 | I41: =E41 -> SC_UDB064
A42: SCHEMATIC1 | B42: P000A_S0_BRPHY_P0_1_5_6 | C42: K130 | D42: 2 | E42: S0_HSD165+ | F42: 2 | G42: 2 | H42: =CONCATENATE(C42,".",F42) -> K130.2 | I42: =E42 -> S0_HSD165+
A43: SCHEMATIC1 | B43: P000A_S0_BRPHY_P0_1_5_6 | C43: K130 | D43: 3 | E43: S0_P5_MDI+ | F43: 3 | G43: 3 | H43: =CONCATENATE(C43,".",F43) -> K130.3 | I43: =E43 -> S0_P5_MDI+
A44: SCHEMATIC1 | B44: P000A_S0_BRPHY_P0_1_5_6 | C44: K130 | D44: 4 | E44: S0_U1_P5_MDI+ | F44: 4 | G44: 4 | H44: =CONCATENATE(C44,".",F44) -> K130.4 | I44: =E44 -> S0_U1_P5_MDI+
A45: SCHEMATIC1 | B45: P000A_S0_BRPHY_P0_1_5_6 | C45: K130 | D45: 5 | E45: S0_U1_P5_MDI- | F45: 5 | G45: 5 | H45: =CONCATENATE(C45,".",F45) -> K130.5 | I45: =E45 -> S0_U1_P5_MDI-
A46: SCHEMATIC1 | B46: P000A_S0_BRPHY_P0_1_5_6 | C46: K130 | D46: 6 | E46: S0_P5_MDI- | F46: 6 | G46: 6 | H46: =CONCATENATE(C46,".",F46) -> K130.6 | I46: =E46 -> S0_P5_MDI-
A47: SCHEMATIC1 | B47: P000A_S0_BRPHY_P0_1_5_6 | C47: K130 | D47: 7 | E47: S0_HSD165- | F47: 7 | G47: 7 | H47: =CONCATENATE(C47,".",F47) -> K130.7 | I47: =E47 -> S0_HSD165-
A48: SCHEMATIC1 | B48: P000A_S0_BRPHY_P0_1_5_6 | C48: K130 | D48: V+ | E48: VP12 | F48: 1 | G48: V+ | H48: =CONCATENATE(C48,".",F48) -> K130.1 | I48: =E48 -> VP12
A49: SCHEMATIC1 | B49: P000A_S0_BRPHY_P0_1_5_6 | C49: K130 | D49: V- | E49: SC_UDB130 | F49: 8 | G49: V- | H49: =CONCATENATE(C49,".",F49) -> K130.8 | I49: =E49 -> SC_UDB130
A50: SCHEMATIC1 | B50: P000A_S0_BRPHY_P0_1_5_6 | C50: K140 | D50: 2 | E50: S0_HSD161+ | F50: 2 | G50: 2 | H50: =CONCATENATE(C50,".",F50) -> K140.2 | I50: =E50 -> S0_HSD161+
A51: SCHEMATIC1 | B51: P000A_S0_BRPHY_P0_1_5_6 | C51: K140 | D51: 3 | E51: S0_P6_MDI+ | F51: 3 | G51: 3 | H51: =CONCATENATE(C51,".",F51) -> K140.3 | I51: =E51 -> S0_P6_MDI+
A52: SCHEMATIC1 | B52: P000A_S0_BRPHY_P0_1_5_6 | C52: K140 | D52: 4 | E52: S0_U1_P6_MDI+ | F52: 4 | G52: 4 | H52: =CONCATENATE(C52,".",F52) -> K140.4 | I52: =E52 -> S0_U1_P6_MDI+
A53: SCHEMATIC1 | B53: P000A_S0_BRPHY_P0_1_5_6 | C53: K140 | D53: 5 | E53: S0_U1_P6_MDI- | F53: 5 | G53: 5 | H53: =CONCATENATE(C53,".",F53) -> K140.5 | I53: =E53 -> S0_U1_P6_MDI-
A54: SCHEMATIC1 | B54: P000A_S0_BRPHY_P0_1_5_6 | C54: K140 | D54: 6 | E54: S0_P6_MDI- | F54: 6 | G54: 6 | H54: =CONCATENATE(C54,".",F54) -> K140.6 | I54: =E54 -> S0_P6_MDI-
A55: SCHEMATIC1 | B55: P000A_S0_BRPHY_P0_1_5_6 | C55: K140 | D55: 7 | E55: S0_HSD161- | F55: 7 | G55: 7 | H55: =CONCATENATE(C55,".",F55) -> K140.7 | I55: =E55 -> S0_HSD161-
A56: SCHEMATIC1 | B56: P000A_S0_BRPHY_P0_1_5_6 | C56: K140 | D56: V+ | E56: VP12 | F56: 1 | G56: V+ | H56: =CONCATENATE(C56,".",F56) -> K140.1 | I56: =E56 -> VP12
A57: SCHEMATIC1 | B57: P000A_S0_BRPHY_P0_1_5_6 | C57: K140 | D57: V- | E57: SC_UDB140 | F57: 8 | G57: V- | H57: =CONCATENATE(C57,".",F57) -> K140.8 | I57: =E57 -> SC_UDB140
A58: SCHEMATIC1 | B58: P000A_S0_BRPHY_P0_1_5_6 | C58: R2 | D58: 1 | E58: S0_U3_P0_RC | F58: 1 | G58: 1 | H58: =CONCATENATE(C58,".",F58) -> R2.1 | I58: =E58 -> S0_U3_P0_RC
A59: SCHEMATIC1 | B59: P000A_S0_BRPHY_P0_1_5_6 | C59: R2 | D59: 2 | E59: DGND | F59: 2 | G59: 2 | H59: =CONCATENATE(C59,".",F59) -> R2.2 | I59: =E59 -> DGND
A60: SCHEMATIC1 | B60: P000A_S0_BRPHY_P0_1_5_6 | C60: R3 | D60: 1 | E60: S0_U3_P1_RC | F60: 1 | G60: 1 | H60: =CONCATENATE(C60,".",F60) -> R3.1 | I60: =E60 -> S0_U3_P1_RC
A61: SCHEMATIC1 | B61: P000A_S0_BRPHY_P0_1_5_6 | C61: R3 | D61: 2 | E61: DGND | F61: 2 | G61: 2 | H61: =CONCATENATE(C61,".",F61) -> R3.2 | I61: =E61 -> DGND
A62: SCHEMATIC1 | B62: P000A_S0_BRPHY_P0_1_5_6 | C62: R5 | D62: 1 | E62: S0_U3_P5_RC | F62: 1 | G62: 1 | H62: =CONCATENATE(C62,".",F62) -> R5.1 | I62: =E62 -> S0_U3_P5_RC
A63: SCHEMATIC1 | B63: P000A_S0_BRPHY_P0_1_5_6 | C63: R5 | D63: 2 | E63: DGND | F63: 2 | G63: 2 | H63: =CONCATENATE(C63,".",F63) -> R5.2 | I63: =E63 -> DGND
A64: SCHEMATIC1 | B64: P000A_S0_BRPHY_P0_1_5_6 | C64: R10 | D64: 1 | E64: S0_U3_P6_RC | F64: 1 | G64: 1 | H64: =CONCATENATE(C64,".",F64) -> R10.1 | I64: =E64 -> S0_U3_P6_RC
A65: SCHEMATIC1 | B65: P000A_S0_BRPHY_P0_1_5_6 | C65: R10 | D65: 2 | E65: DGND | F65: 2 | G65: 2 | H65: =CONCATENATE(C65,".",F65) -> R10.2 | I65: =E65 -> DGND
A66: SCHEMATIC1 | B66: P000A_S0_BRPHY_P0_1_5_6 | C66: R149 | D66: 1 | E66: S0_U3_P0_MDI+ | F66: 1 | G66: 1 | H66: =CONCATENATE(C66,".",F66) -> R149.1 | I66: =E66 -> S0_U3_P0_MDI+
A67: SCHEMATIC1 | B67: P000A_S0_BRPHY_P0_1_5_6 | C67: R149 | D67: 2 | E67: S0_U3_P0_RC | F67: 2 | G67: 2 | H67: =CONCATENATE(C67,".",F67) -> R149.2 | I67: =E67 -> S0_U3_P0_RC
A68: SCHEMATIC1 | B68: P000A_S0_BRPHY_P0_1_5_6 | C68: R150 | D68: 1 | E68: S0_U3_P0_MDI- | F68: 1 | G68: 1 | H68: =CONCATENATE(C68,".",F68) -> R150.1 | I68: =E68 -> S0_U3_P0_MDI-
A69: SCHEMATIC1 | B69: P000A_S0_BRPHY_P0_1_5_6 | C69: R150 | D69: 2 | E69: S0_U3_P0_RC | F69: 2 | G69: 2 | H69: =CONCATENATE(C69,".",F69) -> R150.2 | I69: =E69 -> S0_U3_P0_RC
... A81: SCHEMATIC1 | B81: P000A_S0_BRPHY_P0_1_5_6 | C81: R441 | D81: 2 | E81: S0_U3_P6_RC | F81: 2 | G81: 2 | H81: =CONCATENATE(C81,".",F81) -> R441.2 | I81: =E81 -> S0_U3_P6_RC
A82: SCHEMATIC1 | B82: P000A_S0_BRPHY_P0_1_5_6 | C82: SITE0 | D82: P0_MDIN | E82: S0_P0_MDI- | F82: A2 | G82: P0_MDIN | H82: =CONCATENATE(C82,".",F82) -> SITE0.A2 | I82: =E82 -> S0_P0_MDI-
A83: SCHEMATIC1 | B83: P000A_S0_BRPHY_P0_1_5_6 | C83: SITE0 | D83: P0_MDIP | E83: S0_P0_MDI+ | F83: A3 | G83: P0_MDIP | H83: =CONCATENATE(C83,".",F83) -> SITE0.A3 | I83: =E83 -> S0_P0_MDI+
A84: SCHEMATIC1 | B84: P000A_S0_BRPHY_P0_1_5_6 | C84: SITE0 | D84: P1_MDIN | E84: S0_P1_MDI- | F84: B3 | G84: P1_MDIN | H84: =CONCATENATE(C84,".",F84) -> SITE0.B3 | I84: =E84 -> S0_P1_MDI-
A85: SCHEMATIC1 | B85: P000A_S0_BRPHY_P0_1_5_6 | C85: SITE0 | D85: P1_MDIP | E85: S0_P1_MDI+ | F85: B4 | G85: P1_MDIP | H85: =CONCATENATE(C85,".",F85) -> SITE0.B4 | I85: =E85 -> S0_P1_MDI+
A86: SCHEMATIC1 | B86: P000A_S0_BRPHY_P0_1_5_6 | C86: SITE0 | D86: P5_MDIN | E86: S0_P5_MDI- | F86: A4 | G86: P5_MDIN | H86: =CONCATENATE(C86,".",F86) -> SITE0.A4 | I86: =E86 -> S0_P5_MDI-
A87: SCHEMATIC1 | B87: P000A_S0_BRPHY_P0_1_5_6 | C87: SITE0 | D87: P5_MDIP | E87: S0_P5_MDI+ | F87: A5 | G87: P5_MDIP | H87: =CONCATENATE(C87,".",F87) -> SITE0.A5 | I87: =E87 -> S0_P5_MDI+
A88: SCHEMATIC1 | B88: P000A_S0_BRPHY_P0_1_5_6 | C88: SITE0 | D88: P6_MDIN | E88: S0_P6_MDI- | F88: B5 | G88: P6_MDIN | H88: =CONCATENATE(C88,".",F88) -> SITE0.B5 | I88: =E88 -> S0_P6_MDI-
A89: SCHEMATIC1 | B89: P000A_S0_BRPHY_P0_1_5_6 | C89: SITE0 | D89: P6_MDIP | E89: S0_P6_MDI+ | F89: B6 | G89: P6_MDIP | H89: =CONCATENATE(C89,".",F89) -> SITE0.B6 | I89: =E89 -> S0_P6_MDI+
A90: SCHEMATIC1 | B90: P000A_S0_BRPHY_P0_1_5_6 | C90: T7 | D90: 1 | E90: S0_U2_P0_MDI- | F90: 1 | G90: 1 | H90: =CONCATENATE(C90,".",F90) -> T7.1 | I90: =E90 -> S0_U2_P0_MDI-
A91: SCHEMATIC1 | B91: P000A_S0_BRPHY_P0_1_5_6 | C91: T7 | D91: 2 | E91: S0_U2_P0_MDI+ | F91: 2 | G91: 2 | H91: =CONCATENATE(C91,".",F91) -> T7.2 | I91: =E91 -> S0_U2_P0_MDI+
A92: SCHEMATIC1 | B92: P000A_S0_BRPHY_P0_1_5_6 | C92: T7 | D92: 3 | E92: S0_U1_P0_MDI+ | F92: 3 | G92: 3 | H92: =CONCATENATE(C92,".",F92) -> T7.3 | I92: =E92 -> S0_U1_P0_MDI+
A93: SCHEMATIC1 | B93: P000A_S0_BRPHY_P0_1_5_6 | C93: T7 | D93: 4 | E93: S0_U1_P0_MDI- | F93: 4 | G93: 4 | H93: =CONCATENATE(C93,".",F93) -> T7.4 | I93: =E93 -> S0_U1_P0_MDI-
A94: SCHEMATIC1 | B94: P000A_S0_BRPHY_P0_1_5_6 | C94: T8 | D94: 1 | E94: S0_U2_P1_MDI- | F94: 1 | G94: 1 | H94: =CONCATENATE(C94,".",F94) -> T8.1 | I94: =E94 -> S0_U2_P1_MDI-
A95: SCHEMATIC1 | B95: P000A_S0_BRPHY_P0_1_5_6 | C95: T8 | D95: 2 | E95: S0_U2_P1_MDI+ | F95: 2 | G95: 2 | H95: =CONCATENATE(C95,".",F95) -> T8.2 | I95: =E95 -> S0_U2_P1_MDI+
A96: SCHEMATIC1 | B96: P000A_S0_BRPHY_P0_1_5_6 | C96: T8 | D96: 3 | E96: S0_U1_P1_MDI+ | F96: 3 | G96: 3 | H96: =CONCATENATE(C96,".",F96) -> T8.3 | I96: =E96 -> S0_U1_P1_MDI+
A97: SCHEMATIC1 | B97: P000A_S0_BRPHY_P0_1_5_6 | C97: T8 | D97: 4 | E97: S0_U1_P1_MDI- | F97: 4 | G97: 4 | H97: =CONCATENATE(C97,".",F97) -> T8.4 | I97: =E97 -> S0_U1_P1_MDI-
A98: SCHEMATIC1 | B98: P000A_S0_BRPHY_P0_1_5_6 | C98: T15 | D98: 1 | E98: S0_U2_P6_MDI- | F98: 1 | G98: 1 | H98: =CONCATENATE(C98,".",F98) -> T15.1 | I98: =E98 -> S0_U2_P6_MDI-
A99: SCHEMATIC1 | B99: P000A_S0_BRPHY_P0_1_5_6 | C99: T15 | D99: 2 | E99: S0_U2_P6_MDI+ | F99: 2 | G99: 2 | H99: =CONCATENATE(C99,".",F99) -> T15.2 | I99: =E99 -> S0_U2_P6_MDI+
A100: SCHEMATIC1 | B100: P000A_S0_BRPHY_P0_1_5_6 | C100: T15 | D100: 3 | E100: S0_U1_P6_MDI+ | F100: 3 | G100: 3 | H100: =CONCATENATE(C100,".",F100) -> T15.3 | I100: =E100 -> S0_U1_P6_MDI+
A101: SCHEMATIC1 | B101: P000A_S0_BRPHY_P0_1_5_6 | C101: T15 | D101: 4 | E101: S0_U1_P6_MDI- | F101: 4 | G101: 4 | H101: =CONCATENATE(C101,".",F101) -> T15.4 | I101: =E101 -> S0_U1_P6_MDI-
... A129: SCHEMATIC1 | B129: P000B_S0_G_BRPHY_P0_1_5_6 | C129: C407 | D129: 2 | E129: SG0_2_P6_MDI+ | F129: 2 | G129: 2 | H129: =CONCATENATE(C129,".",F129) -> C407.2 | I129: =E129 -> SG0_2_P6_MDI+
A130: SCHEMATIC1 | B130: P000B_S0_G_BRPHY_P0_1_5_6 | C130: GOLD0 | D130: P0_MDIN | E130: SG0_P0_MDI- | F130: A2 | G130: P0_MDIN | H130: =CONCATENATE(C130,".",F130) -> GOLD0.A2 | I130: =E130 -> SG0_P0_MDI-
A131: SCHEMATIC1 | B131: P000B_S0_G_BRPHY_P0_1_5_6 | C131: GOLD0 | D131: P0_MDIP | E131: SG0_P0_MDI+ | F131: A3 | G131: P0_MDIP | H131: =CONCATENATE(C131,".",F131) -> GOLD0.A3 | I131: =E131 -> SG0_P0_MDI+
A132: SCHEMATIC1 | B132: P000B_S0_G_BRPHY_P0_1_5_6 | C132: GOLD0 | D132: P1_MDIN | E132: SG0_P1_MDI- | F132: B3 | G132: P1_MDIN | H132: =CONCATENATE(C132,".",F132) -> GOLD0.B3 | I132: =E132 -> SG0_P1_MDI-
A133: SCHEMATIC1 | B133: P000B_S0_G_BRPHY_P0_1_5_6 | C133: GOLD0 | D133: P1_MDIP | E133: SG0_P1_MDI+ | F133: B4 | G133: P1_MDIP | H133: =CONCATENATE(C133,".",F133) -> GOLD0.B4 | I133: =E133 -> SG0_P1_MDI+
A134: SCHEMATIC1 | B134: P000B_S0_G_BRPHY_P0_1_5_6 | C134: GOLD0 | D134: P5_MDIN | E134: SG0_P5_MDI- | F134: A4 | G134: P5_MDIN | H134: =CONCATENATE(C134,".",F134) -> GOLD0.A4 | I134: =E134 -> SG0_P5_MDI-
A135: SCHEMATIC1 | B135: P000B_S0_G_BRPHY_P0_1_5_6 | C135: GOLD0 | D135: P5_MDIP | E135: SG0_P5_MDI+ | F135: A5 | G135: P5_MDIP | H135: =CONCATENATE(C135,".",F135) -> GOLD0.A5 | I135: =E135 -> SG0_P5_MDI+
A136: SCHEMATIC1 | B136: P000B_S0_G_BRPHY_P0_1_5_6 | C136: GOLD0 | D136: P6_MDIN | E136: SG0_P6_MDI- | F136: B5 | G136: P6_MDIN | H136: =CONCATENATE(C136,".",F136) -> GOLD0.B5 | I136: =E136 -> SG0_P6_MDI-
A137: SCHEMATIC1 | B137: P000B_S0_G_BRPHY_P0_1_5_6 | C137: GOLD0 | D137: P6_MDIP | E137: SG0_P6_MDI+ | F137: B6 | G137: P6_MDIP | H137: =CONCATENATE(C137,".",F137) -> GOLD0.B6 | I137: =E137 -> SG0_P6_MDI+
A138: SCHEMATIC1 | B138: P000B_S0_G_BRPHY_P0_1_5_6 | C138: R6 | D138: 1 | E138: SG0_2_P0_RC | F138: 1 | G138: 1 | H138: =CONCATENATE(C138,".",F138) -> R6.1 | I138: =E138 -> SG0_2_P0_RC
A139: SCHEMATIC1 | B139: P000B_S0_G_BRPHY_P0_1_5_6 | C139: R6 | D139: 2 | E139: DGND | F139: 2 | G139: 2 | H139: =CONCATENATE(C139,".",F139) -> R6.2 | I139: =E139 -> DGND
A140: SCHEMATIC1 | B140: P000B_S0_G_BRPHY_P0_1_5_6 | C140: R7 | D140: 1 | E140: SG0_2_P1_RC | F140: 1 | G140: 1 | H140: =CONCATENATE(C140,".",F140) -> R7.1 | I140: =E140 -> SG0_2_P1_RC
A141: SCHEMATIC1 | B141: P000B_S0_G_BRPHY_P0_1_5_6 | C141: R7 | D141: 2 | E141: DGND | F141: 2 | G141: 2 | H141: =CONCATENATE(C141,".",F141) -> R7.2 | I141: =E141 -> DGND
A142: SCHEMATIC1 | B142: P000B_S0_G_BRPHY_P0_1_5_6 | C142: R9 | D142: 1 | E142: SG0_2_P5_RC | F142: 1 | G142: 1 | H142: =CONCATENATE(C142,".",F142) -> R9.1 | I142: =E142 -> SG0_2_P5_RC
A143: SCHEMATIC1 | B143: P000B_S0_G_BRPHY_P0_1_5_6 | C143: R9 | D143: 2 | E143: DGND | F143: 2 | G143: 2 | H143: =CONCATENATE(C143,".",F143) -> R9.2 | I143: =E143 -> DGND
A144: SCHEMATIC1 | B144: P000B_S0_G_BRPHY_P0_1_5_6 | C144: R19 | D144: 1 | E144: SG0_2_P6_RC | F144: 1 | G144: 1 | H144: =CONCATENATE(C144,".",F144) -> R19.1 | I144: =E144 -> SG0_2_P6_RC
A145: SCHEMATIC1 | B145: P000B_S0_G_BRPHY_P0_1_5_6 | C145: R19 | D145: 2 | E145: DGND | F145: 2 | G145: 2 | H145: =CONCATENATE(C145,".",F145) -> R19.2 | I145: =E145 -> DGND
A146: SCHEMATIC1 | B146: P000B_S0_G_BRPHY_P0_1_5_6 | C146: R139 | D146: 1 | E146: SG0_2_P0_MDI+ | F146: 1 | G146: 1 | H146: =CONCATENATE(C146,".",F146) -> R139.1 | I146: =E146 -> SG0_2_P0_MDI+
A147: SCHEMATIC1 | B147: P000B_S0_G_BRPHY_P0_1_5_6 | C147: R139 | D147: 2 | E147: SG0_2_P0_RC | F147: 2 | G147: 2 | H147: =CONCATENATE(C147,".",F147) -> R139.2 | I147: =E147 -> SG0_2_P0_RC
A148: SCHEMATIC1 | B148: P000B_S0_G_BRPHY_P0_1_5_6 | C148: R140 | D148: 1 | E148: SG0_2_P0_MDI- | F148: 1 | G148: 1 | H148: =CONCATENATE(C148,".",F148) -> R140.1 | I148: =E148 -> SG0_2_P0_MDI-
A149: SCHEMATIC1 | B149: P000B_S0_G_BRPHY_P0_1_5_6 | C149: R140 | D149: 2 | E149: SG0_2_P0_RC | F149: 2 | G149: 2 | H149: =CONCATENATE(C149,".",F149) -> R140.2 | I149: =E149 -> SG0_2_P0_RC
... A185: SCHEMATIC1 | B185: P000C_S0_G_LB_BR0_1_5_6 | C185: MQS1 | D185: 4 | E185: S0_U4PI_P5_MDI- | F185: 4 | G185: 4 | H185: =CONCATENATE(C185,".",F185) -> MQS1.4 | I185: =E185 -> S0_U4PI_P5_MDI-
A186: SCHEMATIC1 | B186: P000C_S0_G_LB_BR0_1_5_6 | C186: MQS1 | D186: 5 | F186: 5 | G186: 5 | H186: =CONCATENATE(C186,".",F186) -> MQS1.5 | I186: =E186 -> 0
A187: SCHEMATIC1 | B187: P000C_S0_G_LB_BR0_1_5_6 | C187: MQS1 | D187: 6 | E187: SG0_3PI_P0_MDI+ | F187: 6 | G187: 6 | H187: =CONCATENATE(C187,".",F187) -> MQS1.6 | I187: =E187 -> SG0_3PI_P0_MDI+
A188: SCHEMATIC1 | B188: P000C_S0_G_LB_BR0_1_5_6 | C188: MQS1 | D188: 7 | E188: SG0_3PI_P0_MDI- | F188: 7 | G188: 7 | H188: =CONCATENATE(C188,".",F188) -> MQS1.7 | I188: =E188 -> SG0_3PI_P0_MDI-
A189: SCHEMATIC1 | B189: P000C_S0_G_LB_BR0_1_5_6 | C189: MQS1 | D189: 8 | E189: SG0_3PI_P5_MDI+ | F189: 8 | G189: 8 | H189: =CONCATENATE(C189,".",F189) -> MQS1.8 | I189: =E189 -> SG0_3PI_P5_MDI+
A190: SCHEMATIC1 | B190: P000C_S0_G_LB_BR0_1_5_6 | C190: MQS1 | D190: 9 | E190: SG0_3PI_P5_MDI- | F190: 9 | G190: 9 | H190: =CONCATENATE(C190,".",F190) -> MQS1.9 | I190: =E190 -> SG0_3PI_P5_MDI-
...

Sheet EtchLengthFromLayout
A1: Design Name D:/iTest/homeoffice/Test Hardware/Gowtham/68/038RT-9068CJK0E-A100_0928_1.brd
A2: Date Mon Sep 28 15:48:48 2026
A3: Net Name | B3: Etch Length (mils) | C3: Manhattan Length (mils) | D3: Percent Manhattan (mils)
A4: ATX_P12V | B4: 0 | C4: 732.93 | D4: 0
A5: ATX_P3_3V | B5: 0 | C5: 2725.19 | D5: 0
A6: ATX_P5V | B6: 0 | C6: 1893.38 | D6: 0
A7: CTO_DGS00 | B7: 51.6 | C7: 56.29 | D7: 91.67
A8: CTO_DGS01 | B8: 51.52 | C8: 56.21 | D8: 91.66
A9: CTO_DGS02 | B9: 51.54 | C9: 56.23 | D9: 91.67
A10: CTO_DGS03 | B10: 51.56 | C10: 56.25 | D10: 91.67
A11: CTO_DGS04 | B11: 51.58 | C11: 56.27 | D11: 91.67
A12: CTO_DGS05 | B12: 51.6 | C12: 56.29 | D12: 91.67
A13: CTO_DGS06 | B13: 51.52 | C13: 56.21 | D13: 91.66
A14: CTO_DGS07 | B14: 51.54 | C14: 56.23 | D14: 91.67
A15: CTO_DGS08 | B15: 51.6 | C15: 56.29 | D15: 91.67
... A3452: VR24 | B3452: 0 | C3452: 78.74 | D3452: 0

Sheet Assigned_Channel
A1: S0_Hsd006- | B1: Slot2.Ch43
A2: S0_Hsd006+ | B2: Slot2.Ch42
A3: S0_Hsd018- | B3: Slot0.Ch107
A4: S0_Hsd018+ | B4: Slot0.Ch106
A5: S0_Hsd122- | B5: Slot2.Ch109
A6: S0_Hsd122+ | B6: Slot2.Ch108
A7: S0_Hsd126- | B7: Slot2.Ch119
A8: S0_Hsd126+ | B8: Slot2.Ch118
A9: S0_Hsd161- | B9: Slot2.Ch47
A10: S0_Hsd161+ | B10: Slot2.Ch46
A11: S0_Hsd165- | B11: Slot2.Ch51
A12: S0_Hsd165+ | B12: Slot2.Ch50
... A512: Sh32_Hsd027 | B512: SLOT3.CH84

Sheet SGMII
A1: SGMII Port 4 / 5 DUT RX to Golden TX | E1: Each Site Length Matching, P/N Length Matching, When matching the length, Component Pin Fanout Route Symmetrically, Please refer to the picture next to the chart if you want apply Serpertine Routing | Q1: Each Site Length Matching, P/N Length Matching
A2: Site | B2: Pin No | C2: Pin Name | D2: Net | E2: Length | F2: Net | G2: Length | H2: Net | I2: Length | J2: Net | K2: Length | L2: Total Length (mils) | M2: P/N Difference (mils) | N2: Golden / Host | O2: Pin No | P2: Pin Name | Q2: Path
A3: SITE0 | B3: =VLOOKUP(C3,PinNo!$B:$C,2,0) -> V13 | C3: P4_HSIN | D3: =VLOOKUP(CONCATENATE($A3,".",$B3),Netlist_VTable!$H:$I,2,0) -> S0_P4_HSI- | E3: =VLOOKUP(D3,EtchLengthFromLayout!$A:$B,2,0) -> 7342.51 | H3: =SUBSTITUTE($J3,"_P","_C_P") -> SG0_C_P4_HSO- | I3: =VLOOKUP(H3,EtchLengthFromLayout!$A:$B,2,0) -> 303.81 | J3: =VLOOKUP(CONCATENATE($N3,".",$O3),Netlist_VTable!$H:$I,2,0) -> SG0_P4_HSO- | K3: =VLOOKUP(J3,EtchLengthFromLayout!$A:$B,2,0) -> 1817.76 | L3: =E3+G3+I3+K3 -> 9464.08 | M3: =ABS(L3-L4) -> 0.35 | N3: GOLD0 | O3: =VLOOKUP(P3,PinNo!$B:$C,2,0) -> W14 | P3: P4_HSON | Q3: SGMII Port 4 / 5 DUT RX to Golden TX
A4: SITE0 | B4: =VLOOKUP(C4,PinNo!$B:$C,2,0) -> V12 | C4: P4_HSIP | D4: =VLOOKUP(CONCATENATE($A4,".",$B4),Netlist_VTable!$H:$I,2,0) -> S0_P4_HSI+ | E4: =VLOOKUP(D4,EtchLengthFromLayout!$A:$B,2,0) -> 7342.51 | H4: =SUBSTITUTE($J4,"_P","_C_P") -> SG0_C_P4_HSO+ | I4: =VLOOKUP(H4,EtchLengthFromLayout!$A:$B,2,0) -> 303.81 | J4: =VLOOKUP(CONCATENATE($N4,".",$O4),Netlist_VTable!$H:$I,2,0) -> SG0_P4_HSO+ | K4: =VLOOKUP(J4,EtchLengthFromLayout!$A:$B,2,0) -> 1818.11 | L4: =E4+G4+I4+K4 -> 9464.43 | M4: =IF(M3<=20,"OK, Tolerance<= 20 mil", "Not OK, Tolerance > 20 mil") -> OK, Tolerance<= 20 mil | N4: GOLD0 | O4: =VLOOKUP(P4,PinNo!$B:$C,2,0) -> W13 | P4: P4_HSOP
A5: SITE0 | B5: =VLOOKUP(C5,PinNo!$B:$C,2,0) -> V15 | C5: P5_HSIN | D5: =VLOOKUP(CONCATENATE($A5,".",$B5),Netlist_VTable!$H:$I,2,0) -> S0_P5_HSI- | E5: =VLOOKUP(D5,EtchLengthFromLayout!$A:$B,2,0) -> 7444.91 | H5: =SUBSTITUTE($J5,"_P","_C_P") -> SG0_C_P5_HSO- | I5: =VLOOKUP(H5,EtchLengthFromLayout!$A:$B,2,0) -> 198.56 | J5: =VLOOKUP(CONCATENATE($N5,".",$O5),Netlist_VTable!$H:$I,2,0) -> SG0_P5_HSO- | K5: =VLOOKUP(J5,EtchLengthFromLayout!$A:$B,2,0) -> 1474.69 | L5: =E5+G5+I5+K5 -> 9118.16 | M5: =ABS(L5-L6) -> 0.17 | N5: GOLD0 | O5: =VLOOKUP(P5,PinNo!$B:$C,2,0) -> W16 | P5: P5_HSON
A6: SITE0 | B6: =VLOOKUP(C6,PinNo!$B:$C,2,0) -> V14 | C6: P5_HSIP | D6: =VLOOKUP(CONCATENATE($A6,".",$B6),Netlist_VTable!$H:$I,2,0) -> S0_P5_HSI+ | E6: =VLOOKUP(D6,EtchLengthFromLayout!$A:$B,2,0) -> 7444.91 | H6: =SUBSTITUTE($J6,"_P","_C_P") -> SG0_C_P5_HSO+ | I6: =VLOOKUP(H6,EtchLengthFromLayout!$A:$B,2,0) -> 198.56 | J6: =VLOOKUP(CONCATENATE($N6,".",$O6),Netlist_VTable!$H:$I,2,0) -> SG0_P5_HSO+ | K6: =VLOOKUP(J6,EtchLengthFromLayout!$A:$B,2,0) -> 1474.52 | L6: =E6+G6+I6+K6 -> 9117.99 | M6: =IF(M5<=20,"OK, Tolerance<= 20 mil", "Not OK, Tolerance > 20 mil") -> OK, Tolerance<= 20 mil | N6: GOLD0 | O6: =VLOOKUP(P6,PinNo!$B:$C,2,0) -> W15 | P6: P5_HSOP
A8: SITE1 | B8: =VLOOKUP(C8,PinNo!$B:$C,2,0) -> V13 | C8: P4_HSIN | D8: =VLOOKUP(CONCATENATE($A8,".",$B8),Netlist_VTable!$H:$I,2,0) -> S1_P4_HSI- | E8: =VLOOKUP(D8,EtchLengthFromLayout!$A:$B,2,0) -> 6324.96 | H8: =SUBSTITUTE($J8,"_P","_C_P") -> SG1_C_P4_HSO- | I8: =VLOOKUP(H8,EtchLengthFromLayout!$A:$B,2,0) -> 303.81 | J8: =VLOOKUP(CONCATENATE($N8,".",$O8),Netlist_VTable!$H:$I,2,0) -> SG1_P4_HSO- | K8: =VLOOKUP(J8,EtchLengthFromLayout!$A:$B,2,0) -> 1817.76 | L8: =E8+G8+I8+K8 -> 8446.53 | M8: =ABS(L8-L9) -> 0.37 | N8: GOLD1 | O8: =VLOOKUP(P8,PinNo!$B:$C,2,0) -> W14 | P8: P4_HSON
A9: SITE1 | B9: =VLOOKUP(C9,PinNo!$B:$C,2,0) -> V12 | C9: P4_HSIP | D9: =VLOOKUP(CONCATENATE($A9,".",$B9),Netlist_VTable!$H:$I,2,0) -> S1_P4_HSI+ | E9: =VLOOKUP(D9,EtchLengthFromLayout!$A:$B,2,0) -> 6324.98 | H9: =SUBSTITUTE($J9,"_P","_C_P") -> SG1_C_P4_HSO+ | I9: =VLOOKUP(H9,EtchLengthFromLayout!$A:$B,2,0) -> 303.81 | J9: =VLOOKUP(CONCATENATE($N9,".",$O9),Netlist_VTable!$H:$I,2,0) -> SG1_P4_HSO+ | K9: =VLOOKUP(J9,EtchLengthFromLayout!$A:$B,2,0) -> 1818.11 | L9: =E9+G9+I9+K9 -> 8446.9 | M9: =IF(M8<=20,"OK, Tolerance<= 20 mil", "Not OK, Tolerance > 20 mil") -> OK, Tolerance<= 20 mil | N9: GOLD1 | O9: =VLOOKUP(P9,PinNo!$B:$C,2,0) -> W13 | P9: P4_HSOP
A10: SITE1 | B10: =VLOOKUP(C10,PinNo!$B:$C,2,0) -> V15 | C10: P5_HSIN | D10: =VLOOKUP(CONCATENATE($A10,".",$B10),Netlist_VTable!$H:$I,2,0) -> S1_P5_HSI- | E10: =VLOOKUP(D10,EtchLengthFromLayout!$A:$B,2,0) -> 6151.46 | H10: =SUBSTITUTE($J10,"_P","_C_P") -> SG1_C_P5_HSO- | I10: =VLOOKUP(H10,EtchLengthFromLayout!$A:$B,2,0) -> 198.56 | J10: =VLOOKUP(CONCATENATE($N10,".",$O10),Netlist_VTable!$H:$I,2,0) -> SG1_P5_HSO- | K10: =VLOOKUP(J10,EtchLengthFromLayout!$A:$B,2,0) -> 1474.69 | L10: =E10+G10+I10+K10 -> 7824.71 | M10: =ABS(L10-L11) -> 0.17 | N10: GOLD1 | O10: =VLOOKUP(P10,PinNo!$B:$C,2,0) -> W16 | P10: P5_HSON
A11: SITE1 | B11: =VLOOKUP(C11,PinNo!$B:$C,2,0) -> V14 | C11: P5_HSIP | D11: =VLOOKUP(CONCATENATE($A11,".",$B11),Netlist_VTable!$H:$I,2,0) -> S1_P5_HSI+ | E11: =VLOOKUP(D11,EtchLengthFromLayout!$A:$B,2,0) -> 6151.46 | H11: =SUBSTITUTE($J11,"_P","_C_P") -> SG1_C_P5_HSO+ | I11: =VLOOKUP(H11,EtchLengthFromLayout!$A:$B,2,0) -> 198.56 | J11: =VLOOKUP(CONCATENATE($N11,".",$O11),Netlist_VTable!$H:$I,2,0) -> SG1_P5_HSO+ | K11: =VLOOKUP(J11,EtchLengthFromLayout!$A:$B,2,0) -> 1474.52 | L11: =E11+G11+I11+K11 -> 7824.54 | M11: =IF(M10<=20,"OK, Tolerance<= 20 mil", "Not OK, Tolerance > 20 mil") -> OK, Tolerance<= 20 mil | N11: GOLD1 | O11: =VLOOKUP(P11,PinNo!$B:$C,2,0) -> W15 | P11: P5_HSOP
A13: SITE2 | B13: =VLOOKUP(C13,PinNo!$B:$C,2,0) -> V13 | C13: P4_HSIN | D13: =VLOOKUP(CONCATENATE($A13,".",$B13),Netlist_VTable!$H:$I,2,0) -> S2_P4_HSI- | E13: =VLOOKUP(D13,EtchLengthFromLayout!$A:$B,2,0) -> 7437.24 | H13: =SUBSTITUTE($J13,"_P","_C_P") -> SG2_C_P4_HSO- | I13: =VLOOKUP(H13,EtchLengthFromLayout!$A:$B,2,0) -> 303.81 | J13: =VLOOKUP(CONCATENATE($N13,".",$O13),Netlist_VTable!$H:$I,2,0) -> SG2_P4_HSO- | K13: =VLOOKUP(J13,EtchLengthFromLayout!$A:$B,2,0) -> 1817.76 | L13: =E13+G13+I13+K13 -> 9558.81 | M13: =ABS(L13-L14) -> 0.27 | N13: GOLD2 | O13: =VLOOKUP(P13,PinNo!$B:$C,2,0) -> W14 | P13: P4_HSON
A14: SITE2 | B14: =VLOOKUP(C14,PinNo!$B:$C,2,0) -> V12 | C14: P4_HSIP | D14: =VLOOKUP(CONCATENATE($A14,".",$B14),Netlist_VTable!$H:$I,2,0) -> S2_P4_HSI+ | E14: =VLOOKUP(D14,EtchLengthFromLayout!$A:$B,2,0) -> 7437.16 | H14: =SUBSTITUTE($J14,"_P","_C_P") -> SG2_C_P4_HSO+ | I14: =VLOOKUP(H14,EtchLengthFromLayout!$A:$B,2,0) -> 303.81 | J14: =VLOOKUP(CONCATENATE($N14,".",$O14),Netlist_VTable!$H:$I,2,0) -> SG2_P4_HSO+ | K14: =VLOOKUP(J14,EtchLengthFromLayout!$A:$B,2,0) -> 1818.11 | L14: =E14+G14+I14+K14 -> 9559.08 | M14: =IF(M13<=20,"OK, Tolerance<= 20 mil", "Not OK, Tolerance > 20 mil") -> OK, Tolerance<= 20 mil | N14: GOLD2 | O14: =VLOOKUP(P14,PinNo!$B:$C,2,0) -> W13 | P14: P4_HSOP
A15: SITE2 | B15: =VLOOKUP(C15,PinNo!$B:$C,2,0) -> V15 | C15: P5_HSIN | D15: =VLOOKUP(CONCATENATE($A15,".",$B15),Netlist_VTable!$H:$I,2,0) -> S2_P5_HSI- | E15: =VLOOKUP(D15,EtchLengthFromLayout!$A:$B,2,0) -> 7498.58 | H15: =SUBSTITUTE($J15,"_P","_C_P") -> SG2_C_P5_HSO- | I15: =VLOOKUP(H15,EtchLengthFromLayout!$A:$B,2,0) -> 198.56 | J15: =VLOOKUP(CONCATENATE($N15,".",$O15),Netlist_VTable!$H:$I,2,0) -> SG2_P5_HSO- | K15: =VLOOKUP(J15,EtchLengthFromLayout!$A:$B,2,0) -> 1474.69 | L15: =E15+G15+I15+K15 -> 9171.83 | M15: =ABS(L15-L16) -> 0.17 | N15: GOLD2 | O15: =VLOOKUP(P15,PinNo!$B:$C,2,0) -> W16 | P15: P5_HSON
A16: SITE2 | B16: =VLOOKUP(C16,PinNo!$B:$C,2,0) -> V14 | C16: P5_HSIP | D16: =VLOOKUP(CONCATENATE($A16,".",$B16),Netlist_VTable!$H:$I,2,0) -> S2_P5_HSI+ | E16: =VLOOKUP(D16,EtchLengthFromLayout!$A:$B,2,0) -> 7498.58 | H16: =SUBSTITUTE($J16,"_P","_C_P") -> SG2_C_P5_HSO+ | I16: =VLOOKUP(H16,EtchLengthFromLayout!$A:$B,2,0) -> 198.56 | J16: =VLOOKUP(CONCATENATE($N16,".",$O16),Netlist_VTable!$H:$I,2,0) -> SG2_P5_HSO+ | K16: =VLOOKUP(J16,EtchLengthFromLayout!$A:$B,2,0) -> 1474.52 | L16: =E16+G16+I16+K16 -> 9171.66 | M16: =IF(M15<=20,"OK, Tolerance<= 20 mil", "Not OK, Tolerance > 20 mil") -> OK, Tolerance<= 20 mil | N16: GOLD2 | O16: =VLOOKUP(P16,PinNo!$B:$C,2,0) -> W15 | P16: P5_HSOP
A18: SITE3 | B18: =VLOOKUP(C18,PinNo!$B:$C,2,0) -> V13 | C18: P4_HSIN | D18: =VLOOKUP(CONCATENATE($A18,".",$B18),Netlist_VTable!$H:$I,2,0) -> S3_P4_HSI- | E18: =VLOOKUP(D18,EtchLengthFromLayout!$A:$B,2,0) -> 6308.14 | H18: =SUBSTITUTE($J18,"_P","_C_P") -> SG3_C_P4_HSO- | I18: =VLOOKUP(H18,EtchLengthFromLayout!$A:$B,2,0) -> 303.81 | J18: =VLOOKUP(CONCATENATE($N18,".",$O18),Netlist_VTable!$H:$I,2,0) -> SG3_P4_HSO- | K18: =VLOOKUP(J18,EtchLengthFromLayout!$A:$B,2,0) -> 1817.76 | L18: =E18+G18+I18+K18 -> 8429.71 | M18: =ABS(L18-L19) -> 0.38 | N18: GOLD3 | O18: =VLOOKUP(P18,PinNo!$B:$C,2,0) -> W14 | P18: P4_HSON
A19: SITE3 | B19: =VLOOKUP(C19,PinNo!$B:$C,2,0) -> V12 | C19: P4_HSIP | D19: =VLOOKUP(CONCATENATE($A19,".",$B19),Netlist_VTable!$H:$I,2,0) -> S3_P4_HSI+ | E19: =VLOOKUP(D19,EtchLengthFromLayout!$A:$B,2,0) -> 6308.17 | H19: =SUBSTITUTE($J19,"_P","_C_P") -> SG3_C_P4_HSO+ | I19: =VLOOKUP(H19,EtchLengthFromLayout!$A:$B,2,0) -> 303.81 | J19: =VLOOKUP(CONCATENATE($N19,".",$O19),Netlist_VTable!$H:$I,2,0) -> SG3_P4_HSO+ | K19: =VLOOKUP(J19,EtchLengthFromLayout!$A:$B,2,0) -> 1818.11 | L19: =E19+G19+I19+K19 -> 8430.09 | M19: =IF(M18<=20,"OK, Tolerance<= 20 mil", "Not OK, Tolerance > 20 mil") -> OK, Tolerance<= 20 mil | N19: GOLD3 | O19: =VLOOKUP(P19,PinNo!$B:$C,2,0) -> W13 | P19: P4_HSOP
A20: SITE3 | B20: =VLOOKUP(C20,PinNo!$B:$C,2,0) -> V15 | C20: P5_HSIN | D20: =VLOOKUP(CONCATENATE($A20,".",$B20),Netlist_VTable!$H:$I,2,0) -> S3_P5_HSI- | E20: =VLOOKUP(D20,EtchLengthFromLayout!$A:$B,2,0) -> 6137.52 | H20: =SUBSTITUTE($J20,"_P","_C_P") -> SG3_C_P5_HSO- | I20: =VLOOKUP(H20,EtchLengthFromLayout!$A:$B,2,0) -> 198.56 | J20: =VLOOKUP(CONCATENATE($N20,".",$O20),Netlist_VTable!$H:$I,2,0) -> SG3_P5_HSO- | K20: =VLOOKUP(J20,EtchLengthFromLayout!$A:$B,2,0) -> 1474.69 | L20: =E20+G20+I20+K20 -> 7810.77 | M20: =ABS(L20-L21) -> 0.32 | N20: GOLD3 | O20: =VLOOKUP(P20,PinNo!$B:$C,2,0) -> W16 | P20: P5_HSON
A21: SITE3 | B21: =VLOOKUP(C21,PinNo!$B:$C,2,0) -> V14 | C21: P5_HSIP | D21: =VLOOKUP(CONCATENATE($A21,".",$B21),Netlist_VTable!$H:$I,2,0) -> S3_P5_HSI+ | E21: =VLOOKUP(D21,EtchLengthFromLayout!$A:$B,2,0) -> 6137.37 | H21: =SUBSTITUTE($J21,"_P","_C_P") -> SG3_C_P5_HSO+ | I21: =VLOOKUP(H21,EtchLengthFromLayout!$A:$B,2,0) -> 198.56 | J21: =VLOOKUP(CONCATENATE($N21,".",$O21),Netlist_VTable!$H:$I,2,0) -> SG3_P5_HSO+ | K21: =VLOOKUP(J21,EtchLengthFromLayout!$A:$B,2,0) -> 1474.52 | L21: =E21+G21+I21+K21 -> 7810.45 | M21: =IF(M20<=20,"OK, Tolerance<= 20 mil", "Not OK, Tolerance > 20 mil") -> OK, Tolerance<= 20 mil | N21: GOLD3 | O21: =VLOOKUP(P21,PinNo!$B:$C,2,0) -> W15 | P21: P5_HSOP
J22: Max | L22: =MAX(L3:L21) -> 9559.08
J23: Min | L23: =MIN(L3:L21) -> 7810.45
J24: Max-Min | L24: =ABS(L22-L23) -> 1748.63
A27: SGMII Port 4 / 5 DUT TX to Golden RX | E27: Each Site Length Matching, P/N Length Matching, When matching the length, Component Pin Fanout Route Symmetrically, Please refer to the picture next to the chart if you want apply Serpertine Routing | Q27: Each Site Length Matching, P/N Length Matching
A28: Site | B28: Pin No | C28: Pin Name | D28: Net | E28: Length | F28: Net | G28: Length | H28: Net | I28: Length | J28: Net | K28: Length | L28: Total Length (mils) | M28: P/N Difference (mils) | N28: Golden / Host | O28: Pin No | P28: Pin Name | Q28: Path
A29: SITE0 | B29: =VLOOKUP(C29,PinNo!$B:$C,2,0) -> W14 | C29: P4_HSON | D29: =VLOOKUP(CONCATENATE($A29,".",$B29),Netlist_VTable!$H:$I,2,0) -> S0_P4_HSO- | E29: =VLOOKUP(D29,EtchLengthFromLayout!$A:$B,2,0) -> 6858.69 | H29: =SUBSTITUTE($J29,"_P","_C_P") -> SG0_C_P4_HSI- | I29: =VLOOKUP(H29,EtchLengthFromLayout!$A:$B,2,0) -> 253.74 | J29: =VLOOKUP(CONCATENATE($N29,".",$O29),Netlist_VTable!$H:$I,2,0) -> SG0_P4_HSI- | K29: =VLOOKUP(J29,EtchLengthFromLayout!$A:$B,2,0) -> 1723.67 | L29: =E29+G29+I29+K29 -> 8836.1 | M29: =ABS(L29-L30) -> 0.02 | N29: GOLD0 | O29: =VLOOKUP(P29,PinNo!$B:$C,2,0) -> V13 | P29: P4_HSIN | Q29: SGMII Port 4 / 5 DUT TX to Golden RX
A30: SITE0 | B30: =VLOOKUP(C30,PinNo!$B:$C,2,0) -> W13 | C30: P4_HSOP | D30: =VLOOKUP(CONCATENATE($A30,".",$B30),Netlist_VTable!$H:$I,2,0) -> S0_P4_HSO+ | E30: =VLOOKUP(D30,EtchLengthFromLayout!$A:$B,2,0) -> 6858.69 | H30: =SUBSTITUTE($J30,"_P","_C_P") -> SG0_C_P4_HSI+ | I30: =VLOOKUP(H30,EtchLengthFromLayout!$A:$B,2,0) -> 253.74 | J30: =VLOOKUP(CONCATENATE($N30,".",$O30),Netlist_VTable!$H:$I,2,0) -> SG0_P4_HSI+ | K30: =VLOOKUP(J30,EtchLengthFromLayout!$A:$B,2,0) -> 1723.65 | L30: =E30+G30+I30+K30 -> 8836.08 | M30: =IF(M29<=20,"OK, Tolerance<= 20 mil", "Not OK, Tolerance > 20 mil") -> OK, Tolerance<= 20 mil | N30: GOLD0 | O30: =VLOOKUP(P30,PinNo!$B:$C,2,0) -> V12 | P30: P4_HSIP
A31: SITE0 | B31: =VLOOKUP(C31,PinNo!$B:$C,2,0) -> W16 | C31: P5_HSON | D31: =VLOOKUP(CONCATENATE($A31,".",$B31),Netlist_VTable!$H:$I,2,0) -> S0_P5_HSO- | E31: =VLOOKUP(D31,EtchLengthFromLayout!$A:$B,2,0) -> 6737.44 | H31: =SUBSTITUTE($J31,"_P","_C_P") -> SG0_C_P5_HSI- | I31: =VLOOKUP(H31,EtchLengthFromLayout!$A:$B,2,0) -> 223.16 | J31: =VLOOKUP(CONCATENATE($N31,".",$O31),Netlist_VTable!$H:$I,2,0) -> SG0_P5_HSI- | K31: =VLOOKUP(J31,EtchLengthFromLayout!$A:$B,2,0) -> 1332.5 | L31: =E31+G31+I31+K31 -> 8293.1 | M31: =ABS(L31-L32) -> 0.03 | N31: GOLD0 | O31: =VLOOKUP(P31,PinNo!$B:$C,2,0) -> V15 | P31: P5_HSIN
A32: SITE0 | B32: =VLOOKUP(C32,PinNo!$B:$C,2,0) -> W15 | C32: P5_HSOP | D32: =VLOOKUP(CONCATENATE($A32,".",$B32),Netlist_VTable!$H:$I,2,0) -> S0_P5_HSO+ | E32: =VLOOKUP(D32,EtchLengthFromLayout!$A:$B,2,0) -> 6737.48 | H32: =SUBSTITUTE($J32,"_P","_C_P") -> SG0_C_P5_HSI+ | I32: =VLOOKUP(H32,EtchLengthFromLayout!$A:$B,2,0) -> 223.16 | J32: =VLOOKUP(CONCATENATE($N32,".",$O32),Netlist_VTable!$H:$I,2,0) -> SG0_P5_HSI+ | K32: =VLOOKUP(J32,EtchLengthFromLayout!$A:$B,2,0) -> 1332.49 | L32: =E32+G32+I32+K32 -> 8293.13 | M32: =IF(M31<=20,"OK, Tolerance<= 20 mil", "Not OK, Tolerance > 20 mil") -> OK, Tolerance<= 20 mil | N32: GOLD0 | O32: =VLOOKUP(P32,PinNo!$B:$C,2,0) -> V14 | P32: P5_HSIP
A34: SITE1 | B34: =VLOOKUP(C34,PinNo!$B:$C,2,0) -> W14 | C34: P4_HSON | D34: =VLOOKUP(CONCATENATE($A34,".",$B34),Netlist_VTable!$H:$I,2,0) -> S1_P4_HSO- | E34: =VLOOKUP(D34,EtchLengthFromLayout!$A:$B,2,0) -> 6522.8 | H34: =SUBSTITUTE($J34,"_P","_C_P") -> SG1_C_P4_HSI- | I34: =VLOOKUP(H34,EtchLengthFromLayout!$A:$B,2,0) -> 253.74 | J34: =VLOOKUP(CONCATENATE($N34,".",$O34),Netlist_VTable!$H:$I,2,0) -> SG1_P4_HSI- | K34: =VLOOKUP(J34,EtchLengthFromLayout!$A:$B,2,0) -> 1723.67 | L34: =E34+G34+I34+K34 -> 8500.21 | M34: =ABS(L34-L35) -> 0.01 | N34: GOLD1 | O34: =VLOOKUP(P34,PinNo!$B:$C,2,0) -> V13 | P34: P4_HSIN
A35: SITE1 | B35: =VLOOKUP(C35,PinNo!$B:$C,2,0) -> W13 | C35: P4_HSOP | D35: =VLOOKUP(CONCATENATE($A35,".",$B35),Netlist_VTable!$H:$I,2,0) -> S1_P4_HSO+ | E35: =VLOOKUP(D35,EtchLengthFromLayout!$A:$B,2,0) -> 6522.81 | H35: =SUBSTITUTE($J35,"_P","_C_P") -> SG1_C_P4_HSI+ | I35: =VLOOKUP(H35,EtchLengthFromLayout!$A:$B,2,0) -> 253.74 | J35: =VLOOKUP(CONCATENATE($N35,".",$O35),Netlist_VTable!$H:$I,2,0) -> SG1_P4_HSI+ | K35: =VLOOKUP(J35,EtchLengthFromLayout!$A:$B,2,0) -> 1723.65 | L35: =E35+G35+I35+K35 -> 8500.2 | M35: =IF(M34<=20,"OK, Tolerance<= 20 mil", "Not OK, Tolerance > 20 mil") -> OK, Tolerance<= 20 mil | N35: GOLD1 | O35: =VLOOKUP(P35,PinNo!$B:$C,2,0) -> V12 | P35: P4_HSIP
A36: SITE1 | B36: =VLOOKUP(C36,PinNo!$B:$C,2,0) -> W16 | C36: P5_HSON | D36: =VLOOKUP(CONCATENATE($A36,".",$B36),Netlist_VTable!$H:$I,2,0) -> S1_P5_HSO- | E36: =VLOOKUP(D36,EtchLengthFromLayout!$A:$B,2,0) -> 6152.95 | H36: =SUBSTITUTE($J36,"_P","_C_P") -> SG1_C_P5_HSI- | I36: =VLOOKUP(H36,EtchLengthFromLayout!$A:$B,2,0) -> 223.16 | J36: =VLOOKUP(CONCATENATE($N36,".",$O36),Netlist_VTable!$H:$I,2,0) -> SG1_P5_HSI- | K36: =VLOOKUP(J36,EtchLengthFromLayout!$A:$B,2,0) -> 1332.5 | L36: =E36+G36+I36+K36 -> 7708.61 | M36: =ABS(L36-L37) -> 0.41 | N36: GOLD1 | O36: =VLOOKUP(P36,PinNo!$B:$C,2,0) -> V15 | P36: P5_HSIN
A37: SITE1 | B37: =VLOOKUP(C37,PinNo!$B:$C,2,0) -> W15 | C37: P5_HSOP | D37: =VLOOKUP(CONCATENATE($A37,".",$B37),Netlist_VTable!$H:$I,2,0) -> S1_P5_HSO+ | E37: =VLOOKUP(D37,EtchLengthFromLayout!$A:$B,2,0) -> 6152.55 | H37: =SUBSTITUTE($J37,"_P","_C_P") -> SG1_C_P5_HSI+ | I37: =VLOOKUP(H37,EtchLengthFromLayout!$A:$B,2,0) -> 223.16 | J37: =VLOOKUP(CONCATENATE($N37,".",$O37),Netlist_VTable!$H:$I,2,0) -> SG1_P5_HSI+ | K37: =VLOOKUP(J37,EtchLengthFromLayout!$A:$B,2,0) -> 1332.49 | L37: =E37+G37+I37+K37 -> 7708.2 | M37: =IF(M36<=20,"OK, Tolerance<= 20 mil", "Not OK, Tolerance > 20 mil") -> OK, Tolerance<= 20 mil | N37: GOLD1 | O37: =VLOOKUP(P37,PinNo!$B:$C,2,0) -> V14 | P37: P5_HSIP
A39: SITE2 | B39: =VLOOKUP(C39,PinNo!$B:$C,2,0) -> W14 | C39: P4_HSON | D39: =VLOOKUP(CONCATENATE($A39,".",$B39),Netlist_VTable!$H:$I,2,0) -> S2_P4_HSO- | E39: =VLOOKUP(D39,EtchLengthFromLayout!$A:$B,2,0) -> 8062.27 | H39: =SUBSTITUTE($J39,"_P","_C_P") -> SG2_C_P4_HSI- | I39: =VLOOKUP(H39,EtchLengthFromLayout!$A:$B,2,0) -> 253.74 | J39: =VLOOKUP(CONCATENATE($N39,".",$O39),Netlist_VTable!$H:$I,2,0) -> SG2_P4_HSI- | K39: =VLOOKUP(J39,EtchLengthFromLayout!$A:$B,2,0) -> 1723.67 | L39: =E39+G39+I39+K39 -> 10039.68 | M39: =ABS(L39-L40) -> 0.04 | N39: GOLD2 | O39: =VLOOKUP(P39,PinNo!$B:$C,2,0) -> V13 | P39: P4_HSIN
A40: SITE2 | B40: =VLOOKUP(C40,PinNo!$B:$C,2,0) -> W13 | C40: P4_HSOP | D40: =VLOOKUP(CONCATENATE($A40,".",$B40),Netlist_VTable!$H:$I,2,0) -> S2_P4_HSO+ | E40: =VLOOKUP(D40,EtchLengthFromLayout!$A:$B,2,0) -> 8062.33 | H40: =SUBSTITUTE($J40,"_P","_C_P") -> SG2_C_P4_HSI+ | I40: =VLOOKUP(H40,EtchLengthFromLayout!$A:$B,2,0) -> 253.74 | J40: =VLOOKUP(CONCATENATE($N40,".",$O40),Netlist_VTable!$H:$I,2,0) -> SG2_P4_HSI+ | K40: =VLOOKUP(J40,EtchLengthFromLayout!$A:$B,2,0) -> 1723.65 | L40: =E40+G40+I40+K40 -> 10039.72 | M40: =IF(M39<=20,"OK, Tolerance<= 20 mil", "Not OK, Tolerance > 20 mil") -> OK, Tolerance<= 20 mil | N40: GOLD2 | O40: =VLOOKUP(P40,PinNo!$B:$C,2,0) -> V12 | P40: P4_HSIP
A41: SITE2 | B41: =VLOOKUP(C41,PinNo!$B:$C,2,0) -> W16 | C41: P5_HSON | D41: =VLOOKUP(CONCATENATE($A41,".",$B41),Netlist_VTable!$H:$I,2,0) -> S2_P5_HSO- | E41: =VLOOKUP(D41,EtchLengthFromLayout!$A:$B,2,0) -> 7980.97 | H41: =SUBSTITUTE($J41,"_P","_C_P") -> SG2_C_P5_HSI- | I41: =VLOOKUP(H41,EtchLengthFromLayout!$A:$B,2,0) -> 223.16 | J41: =VLOOKUP(CONCATENATE($N41,".",$O41),Netlist_VTable!$H:$I,2,0) -> SG2_P5_HSI- | K41: =VLOOKUP(J41,EtchLengthFromLayout!$A:$B,2,0) -> 1332.5 | L41: =E41+G41+I41+K41 -> 9536.63 | M41: =ABS(L41-L42) -> 0.03 | N41: GOLD2 | O41: =VLOOKUP(P41,PinNo!$B:$C,2,0) -> V15 | P41: P5_HSIN
A42: SITE2 | B42: =VLOOKUP(C42,PinNo!$B:$C,2,0) -> W15 | C42: P5_HSOP | D42: =VLOOKUP(CONCATENATE($A42,".",$B42),Netlist_VTable!$H:$I,2,0) -> S2_P5_HSO+ | E42: =VLOOKUP(D42,EtchLengthFromLayout!$A:$B,2,0) -> 7980.95 | H42: =SUBSTITUTE($J42,"_P","_C_P") -> SG2_C_P5_HSI+ | I42: =VLOOKUP(H42,EtchLengthFromLayout!$A:$B,2,0) -> 223.16 | J42: =VLOOKUP(CONCATENATE($N42,".",$O42),Netlist_VTable!$H:$I,2,0) -> SG2_P5_HSI+ | K42: =VLOOKUP(J42,EtchLengthFromLayout!$A:$B,2,0) -> 1332.49 | L42: =E42+G42+I42+K42 -> 9536.6 | M42: =IF(M41<=20,"OK, Tolerance<= 20 mil", "Not OK, Tolerance > 20 mil") -> OK, Tolerance<= 20 mil | N42: GOLD2 | O42: =VLOOKUP(P42,PinNo!$B:$C,2,0) -> V14 | P42: P5_HSIP
A44: SITE3 | B44: =VLOOKUP(C44,PinNo!$B:$C,2,0) -> W14 | C44: P4_HSON | D44: =VLOOKUP(CONCATENATE($A44,".",$B44),Netlist_VTable!$H:$I,2,0) -> S3_P4_HSO- | E44: =VLOOKUP(D44,EtchLengthFromLayout!$A:$B,2,0) -> 6829.88 | H44: =SUBSTITUTE($J44,"_P","_C_P") -> SG3_C_P4_HSI- | I44: =VLOOKUP(H44,EtchLengthFromLayout!$A:$B,2,0) -> 253.74 | J44: =VLOOKUP(CONCATENATE($N44,".",$O44),Netlist_VTable!$H:$I,2,0) -> SG3_P4_HSI- | K44: =VLOOKUP(J44,EtchLengthFromLayout!$A:$B,2,0) -> 1723.67 | L44: =E44+G44+I44+K44 -> 8807.29 | M44: =ABS(L44-L45) -> 0.03 | N44: GOLD3 | O44: =VLOOKUP(P44,PinNo!$B:$C,2,0) -> V13 | P44: P4_HSIN
A45: SITE3 | B45: =VLOOKUP(C45,PinNo!$B:$C,2,0) -> W13 | C45: P4_HSOP | D45: =VLOOKUP(CONCATENATE($A45,".",$B45),Netlist_VTable!$H:$I,2,0) -> S3_P4_HSO+ | E45: =VLOOKUP(D45,EtchLengthFromLayout!$A:$B,2,0) -> 6829.87 | H45: =SUBSTITUTE($J45,"_P","_C_P") -> SG3_C_P4_HSI+ | I45: =VLOOKUP(H45,EtchLengthFromLayout!$A:$B,2,0) -> 253.74 | J45: =VLOOKUP(CONCATENATE($N45,".",$O45),Netlist_VTable!$H:$I,2,0) -> SG3_P4_HSI+ | K45: =VLOOKUP(J45,EtchLengthFromLayout!$A:$B,2,0) -> 1723.65 | L45: =E45+G45+I45+K45 -> 8807.26 | M45: =IF(M44<=20,"OK, Tolerance<= 20 mil", "Not OK, Tolerance > 20 mil") -> OK, Tolerance<= 20 mil | N45: GOLD3 | O45: =VLOOKUP(P45,PinNo!$B:$C,2,0) -> V12 | P45: P4_HSIP
A46: SITE3 | B46: =VLOOKUP(C46,PinNo!$B:$C,2,0) -> W16 | C46: P5_HSON | D46: =VLOOKUP(CONCATENATE($A46,".",$B46),Netlist_VTable!$H:$I,2,0) -> S3_P5_HSO- | E46: =VLOOKUP(D46,EtchLengthFromLayout!$A:$B,2,0) -> 6824.23 | H46: =SUBSTITUTE($J46,"_P","_C_P") -> SG3_C_P5_HSI- | I46: =VLOOKUP(H46,EtchLengthFromLayout!$A:$B,2,0) -> 223.16 | J46: =VLOOKUP(CONCATENATE($N46,".",$O46),Netlist_VTable!$H:$I,2,0) -> SG3_P5_HSI- | K46: =VLOOKUP(J46,EtchLengthFromLayout!$A:$B,2,0) -> 1332.5 | L46: =E46+G46+I46+K46 -> 8379.89 | M46: =ABS(L46-L47) -> 0.59 | N46: GOLD3 | O46: =VLOOKUP(P46,PinNo!$B:$C,2,0) -> V15 | P46: P5_HSIN
A47: SITE3 | B47: =VLOOKUP(C47,PinNo!$B:$C,2,0) -> W15 | C47: P5_HSOP | D47: =VLOOKUP(CONCATENATE($A47,".",$B47),Netlist_VTable!$H:$I,2,0) -> S3_P5_HSO+ | E47: =VLOOKUP(D47,EtchLengthFromLayout!$A:$B,2,0) -> 6823.65 | H47: =SUBSTITUTE($J47,"_P","_C_P") -> SG3_C_P5_HSI+ | I47: =VLOOKUP(H47,EtchLengthFromLayout!$A:$B,2,0) -> 223.16 | J47: =VLOOKUP(CONCATENATE($N47,".",$O47),Netlist_VTable!$H:$I,2,0) -> SG3_P5_HSI+ | K47: =VLOOKUP(J47,EtchLengthFromLayout!$A:$B,2,0) -> 1332.49 | L47: =E47+G47+I47+K47 -> 8379.3 | M47: =IF(M46<=20,"OK, Tolerance<= 20 mil", "Not OK, Tolerance > 20 mil") -> OK, Tolerance<= 20 mil | N47: GOLD3 | O47: =VLOOKUP(P47,PinNo!$B:$C,2,0) -> V14 | P47: P5_HSIP
J48: Max | L48: =MAX(L29:L47) -> 10039.72
J49: Min | L49: =MIN(L29:L47) -> 7708.2
J50: Max-Min | L50: =ABS(L48-L49) -> 2331.52

Sheet BRPHY
A1: DUT Port [ 0 : 1, 5 : 6 ] to Golden | I1: All Site All Port Length Matching Error 1000 mils | M1: Adjust this Net for Length Matching
A2: Site | B2: Pin No | C2: Pin Name | D2: Net | E2: Length | F2: Net | G2: Length | H2: DUT-> Choke ( E + G ) 此處為最短距離 | I2: Net | J2: Length | K2: Net | L2: Length | M2: Net | N2: Length | O2: Net | P2: Length | Q2: Net | R2: Length | S2: Net | T2: Length | V2: Golden -> Choke Net (此處為最短距離) | W2: Length | X2: Total Length (mils) | Y2: P/N Difference (mils) | Z2: Golden | AA2: Pin No | AB2: Pin Name | AC2: Note
A3: SITE0 | B3: =VLOOKUP(C3,PinNo!$B:$C,2,0) -> A2 | C3: P0_MDIN | D3: =VLOOKUP(CONCATENATE($A3,".",$B3),Netlist_VTable!$H:$I,2,0) -> S0_P0_MDI- | E3: =VLOOKUP(D3,EtchLengthFromLayout!$A:$B,2,0) -> 1134.84 | F3: =CONCATENATE("S",MID($A3,5,1),"_U1_",SUBSTITUTE($C3,"IN","I-") ) -> S0_U1_P0_MDI- | G3: =VLOOKUP(F3,EtchLengthFromLayout!$A:$B,2,0) -> 522.65 | H3: =E3+G3 -> 1657.49 | I3: =CONCATENATE("S",MID($A3,5,1),"_U2_",SUBSTITUTE($C3,"IN","I-") ) -> S0_U2_P0_MDI- | J3: =VLOOKUP(I3,EtchLengthFromLayout!$A:$B,2,0) -> 105.98 | K3: =CONCATENATE("S",MID($A3,5,1),"_U3_",SUBSTITUTE($C3,"IN","I-") ) -> S0_U3_P0_MDI- | L3: =VLOOKUP(K3,EtchLengthFromLayout!$A:$B,2,0) -> 11501.22 | M3: =CONCATENATE("S",MID($A3,5,1),"_U4PILB_",SUBSTITUTE($C3,"IN","I-") ) -> S0_U4PILB_P0_MDI- | N3: =VLOOKUP(M3,EtchLengthFromLayout!$A:$B,2,0) -> 8741.28 | Q3: =SUBSTITUTE($V3,"_P","_2_P") -> SG0_2_P0_MDI- | R3: =VLOOKUP(Q3,EtchLengthFromLayout!$A:$B,2,0) -> 3643.12 | S3: =SUBSTITUTE($V3,"_P","_1_P") -> SG0_1_P0_MDI- | T3: =VLOOKUP(S3,EtchLengthFromLayout!$A:$B,2,0) -> 102.2 | V3: =VLOOKUP(CONCATENATE($Z3,".",$AA3),Netlist_VTable!$H:$I,2,0) -> SG0_P0_MDI- | W3: =VLOOKUP(V3,EtchLengthFromLayout!$A:$B,2,0) -> 919.84 | X3: =E3+G3+J3+L3+N3+P3+R3+T3+W3 -> 26671.13 | Y3: =ABS(X3-X4) -> 2.04 | Z3: GOLD0 | AA3: =VLOOKUP(AB3,PinNo!$B:$C,2,0) -> A2 | AB3: =C3 -> P0_MDIN | AC3: DUT to Golden Port P0
A4: SITE0 | B4: =VLOOKUP(C4,PinNo!$B:$C,2,0) -> A3 | C4: P0_MDIP | D4: =VLOOKUP(CONCATENATE($A4,".",$B4),Netlist_VTable!$H:$I,2,0) -> S0_P0_MDI+ | E4: =VLOOKUP(D4,EtchLengthFromLayout!$A:$B,2,0) -> 1134.85 | F4: =CONCATENATE("S",MID($A4,5,1),"_U1_",SUBSTITUTE($C4,"IP","I+") ) -> S0_U1_P0_MDI+ | G4: =VLOOKUP(F4,EtchLengthFromLayout!$A:$B,2,0) -> 522.6 | H4: =E4+G4 -> 1657.45 | I4: =CONCATENATE("S",MID($A4,5,1),"_U2_",SUBSTITUTE($C4,"IP","I+") ) -> S0_U2_P0_MDI+ | J4: =VLOOKUP(I4,EtchLengthFromLayout!$A:$B,2,0) -> 105.79 | K4: =CONCATENATE("S",MID($A4,5,1),"_U3_",SUBSTITUTE($C4,"IP","I+") ) -> S0_U3_P0_MDI+ | L4: =VLOOKUP(K4,EtchLengthFromLayout!$A:$B,2,0) -> 11501.22 | M4: =CONCATENATE("S",MID($A4,5,1),"_U4PILB_",SUBSTITUTE($C4,"IP","I+") ) -> S0_U4PILB_P0_MDI+ | N4: =VLOOKUP(M4,EtchLengthFromLayout!$A:$B,2,0) -> 8741.28 | Q4: =SUBSTITUTE($V4,"_P","_2_P") -> SG0_2_P0_MDI+ | R4: =VLOOKUP(Q4,EtchLengthFromLayout!$A:$B,2,0) -> 3643.12 | S4: =SUBSTITUTE($V4,"_P","_1_P") -> SG0_1_P0_MDI+ | T4: =VLOOKUP(S4,EtchLengthFromLayout!$A:$B,2,0) -> 100.38 | V4: =VLOOKUP(CONCATENATE($Z4,".",$AA4),Netlist_VTable!$H:$I,2,0) -> SG0_P0_MDI+ | W4: =VLOOKUP(V4,EtchLengthFromLayout!$A:$B,2,0) -> 919.85 | X4: =E4+G4+J4+L4+N4+P4+R4+T4+W4 -> 26669.09 | Y4: =IF(Y3<=5,"OK, Tolerance<= 5 mil", "Not OK, Tolerance > 5 mil") -> OK, Tolerance<= 5 mil | Z4: GOLD0 | AA4: =VLOOKUP(AB4,PinNo!$B:$C,2,0) -> A3 | AB4: =C4 -> P0_MDIP
A5: SITE1 | B5: =VLOOKUP(C5,PinNo!$B:$C,2,0) -> A2 | C5: P0_MDIN | D5: =VLOOKUP(CONCATENATE($A5,".",$B5),Netlist_VTable!$H:$I,2,0) -> S1_P0_MDI- | E5: =VLOOKUP(D5,EtchLengthFromLayout!$A:$B,2,0) -> 1134.84 | F5: =CONCATENATE("S",MID($A5,5,1),"_U1_",SUBSTITUTE($C5,"IN","I-") ) -> S1_U1_P0_MDI- | G5: =VLOOKUP(F5,EtchLengthFromLayout!$A:$B,2,0) -> 522.65 | H5: =E5+G5 -> 1657.49 | I5: =CONCATENATE("S",MID($A5,5,1),"_U2_",SUBSTITUTE($C5,"IN","I-") ) -> S1_U2_P0_MDI- | J5: =VLOOKUP(I5,EtchLengthFromLayout!$A:$B,2,0) -> 105.98 | K5: =CONCATENATE("S",MID($A5,5,1),"_U3_",SUBSTITUTE($C5,"IN","I-") ) -> S1_U3_P0_MDI- | L5: =VLOOKUP(K5,EtchLengthFromLayout!$A:$B,2,0) -> 14717.28 | M5: =CONCATENATE("S",MID($A5,5,1),"_U4PILB_",SUBSTITUTE($C5,"IN","I-") ) -> S1_U4PILB_P0_MDI- | N5: =VLOOKUP(M5,EtchLengthFromLayout!$A:$B,2,0) -> 3460.43 | Q5: =SUBSTITUTE($V5,"_P","_2_P") -> SG1_2_P0_MDI- | R5: =VLOOKUP(Q5,EtchLengthFromLayout!$A:$B,2,0) -> 5782.96 | S5: =SUBSTITUTE($V5,"_P","_1_P") -> SG1_1_P0_MDI- | T5: =VLOOKUP(S5,EtchLengthFromLayout!$A:$B,2,0) -> 102.2 | V5: =VLOOKUP(CONCATENATE($Z5,".",$AA5),Netlist_VTable!$H:$I,2,0) -> SG1_P0_MDI- | W5: =VLOOKUP(V5,EtchLengthFromLayout!$A:$B,2,0) -> 919.84 | X5: =E5+G5+J5+L5+N5+P5+R5+T5+W5 -> 26746.18 | Y5: =ABS(X5-X6) -> 2.05 | Z5: GOLD1 | AA5: =VLOOKUP(AB5,PinNo!$B:$C,2,0) -> A2 | AB5: =C5 -> P0_MDIN
A6: SITE1 | B6: =VLOOKUP(C6,PinNo!$B:$C,2,0) -> A3 | C6: P0_MDIP | D6: =VLOOKUP(CONCATENATE($A6,".",$B6),Netlist_VTable!$H:$I,2,0) -> S1_P0_MDI+ | E6: =VLOOKUP(D6,EtchLengthFromLayout!$A:$B,2,0) -> 1134.85 | F6: =CONCATENATE("S",MID($A6,5,1),"_U1_",SUBSTITUTE($C6,"IP","I+") ) -> S1_U1_P0_MDI+ | G6: =VLOOKUP(F6,EtchLengthFromLayout!$A:$B,2,0) -> 522.6 | H6: =E6+G6 -> 1657.45 | I6: =CONCATENATE("S",MID($A6,5,1),"_U2_",SUBSTITUTE($C6,"IP","I+") ) -> S1_U2_P0_MDI+ | J6: =VLOOKUP(I6,EtchLengthFromLayout!$A:$B,2,0) -> 105.79 | K6: =CONCATENATE("S",MID($A6,5,1),"_U3_",SUBSTITUTE($C6,"IP","I+") ) -> S1_U3_P0_MDI+ | L6: =VLOOKUP(K6,EtchLengthFromLayout!$A:$B,2,0) -> 14717.28 | M6: =CONCATENATE("S",MID($A6,5,1),"_U4PILB_",SUBSTITUTE($C6,"IP","I+") ) -> S1_U4PILB_P0_MDI+ | N6: =VLOOKUP(M6,EtchLengthFromLayout!$A:$B,2,0) -> 3460.43 | Q6: =SUBSTITUTE($V6,"_P","_2_P") -> SG1_2_P0_MDI+ | R6: =VLOOKUP(Q6,EtchLengthFromLayout!$A:$B,2,0) -> 5782.96 | S6: =SUBSTITUTE($V6,"_P","_1_P") -> SG1_1_P0_MDI+ | T6: =VLOOKUP(S6,EtchLengthFromLayout!$A:$B,2,0) -> 100.38 | V6: =VLOOKUP(CONCATENATE($Z6,".",$AA6),Netlist_VTable!$H:$I,2,0) -> SG1_P0_MDI+ | W6: =VLOOKUP(V6,EtchLengthFromLayout!$A:$B,2,0) -> 919.84 | X6: =E6+G6+J6+L6+N6+P6+R6+T6+W6 -> 26744.13 | Y6: =IF(Y5<=5,"OK, Tolerance<= 5 mil", "Not OK, Tolerance > 5 mil") -> OK, Tolerance<= 5 mil | Z6: GOLD1 | AA6: =VLOOKUP(AB6,PinNo!$B:$C,2,0) -> A3 | AB6: =C6 -> P0_MDIP
A7: SITE2 | B7: =VLOOKUP(C7,PinNo!$B:$C,2,0) -> A2 | C7: P0_MDIN | D7: =VLOOKUP(CONCATENATE($A7,".",$B7),Netlist_VTable!$H:$I,2,0) -> S2_P0_MDI- | E7: =VLOOKUP(D7,EtchLengthFromLayout!$A:$B,2,0) -> 1134.84 | F7: =CONCATENATE("S",MID($A7,5,1),"_U1_",SUBSTITUTE($C7,"IN","I-") ) -> S2_U1_P0_MDI- | G7: =VLOOKUP(F7,EtchLengthFromLayout!$A:$B,2,0) -> 522.65 | H7: =E7+G7 -> 1657.49 | I7: =CONCATENATE("S",MID($A7,5,1),"_U2_",SUBSTITUTE($C7,"IN","I-") ) -> S2_U2_P0_MDI- | J7: =VLOOKUP(I7,EtchLengthFromLayout!$A:$B,2,0) -> 105.98 | K7: =CONCATENATE("S",MID($A7,5,1),"_U3_",SUBSTITUTE($C7,"IN","I-") ) -> S2_U3_P0_MDI- | L7: =VLOOKUP(K7,EtchLengthFromLayout!$A:$B,2,0) -> 10446.9 | M7: =CONCATENATE("S",MID($A7,5,1),"_U4PILB_",SUBSTITUTE($C7,"IN","I-") ) -> S2_U4PILB_P0_MDI- | N7: =VLOOKUP(M7,EtchLengthFromLayout!$A:$B,2,0) -> 8789.83 | Q7: =SUBSTITUTE($V7,"_P","_2_P") -> SG2_2_P0_MDI- | R7: =VLOOKUP(Q7,EtchLengthFromLayout!$A:$B,2,0) -> 4788.86 | S7: =SUBSTITUTE($V7,"_P","_1_P") -> SG2_1_P0_MDI- | T7: =VLOOKUP(S7,EtchLengthFromLayout!$A:$B,2,0) -> 102.2 | V7: =VLOOKUP(CONCATENATE($Z7,".",$AA7),Netlist_VTable!$H:$I,2,0) -> SG2_P0_MDI- | W7: =VLOOKUP(V7,EtchLengthFromLayout!$A:$B,2,0) -> 919.84 | X7: =E7+G7+J7+L7+N7+P7+R7+T7+W7 -> 26811.1 | Y7: =ABS(X7-X8) -> 2.05 | Z7: GOLD2 | AA7: =VLOOKUP(AB7,PinNo!$B:$C,2,0) -> A2 | AB7: =C7 -> P0_MDIN
A8: SITE2 | B8: =VLOOKUP(C8,PinNo!$B:$C,2,0) -> A3 | C8: P0_MDIP | D8: =VLOOKUP(CONCATENATE($A8,".",$B8),Netlist_VTable!$H:$I,2,0) -> S2_P0_MDI+ | E8: =VLOOKUP(D8,EtchLengthFromLayout!$A:$B,2,0) -> 1134.85 | F8: =CONCATENATE("S",MID($A8,5,1),"_U1_",SUBSTITUTE($C8,"IP","I+") ) -> S2_U1_P0_MDI+ | G8: =VLOOKUP(F8,EtchLengthFromLayout!$A:$B,2,0) -> 522.6 | H8: =E8+G8 -> 1657.45 | I8: =CONCATENATE("S",MID($A8,5,1),"_U2_",SUBSTITUTE($C8,"IP","I+") ) -> S2_U2_P0_MDI+ | J8: =VLOOKUP(I8,EtchLengthFromLayout!$A:$B,2,0) -> 105.79 | K8: =CONCATENATE("S",MID($A8,5,1),"_U3_",SUBSTITUTE($C8,"IP","I+") ) -> S2_U3_P0_MDI+ | L8: =VLOOKUP(K8,EtchLengthFromLayout!$A:$B,2,0) -> 10446.9 | M8: =CONCATENATE("S",MID($A8,5,1),"_U4PILB_",SUBSTITUTE($C8,"IP","I+") ) -> S2_U4PILB_P0_MDI+ | N8: =VLOOKUP(M8,EtchLengthFromLayout!$A:$B,2,0) -> 8789.83 | Q8: =SUBSTITUTE($V8,"_P","_2_P") -> SG2_2_P0_MDI+ | R8: =VLOOKUP(Q8,EtchLengthFromLayout!$A:$B,2,0) -> 4788.86 | S8: =SUBSTITUTE($V8,"_P","_1_P") -> SG2_1_P0_MDI+ | T8: =VLOOKUP(S8,EtchLengthFromLayout!$A:$B,2,0) -> 100.38 | V8: =VLOOKUP(CONCATENATE($Z8,".",$AA8),Netlist_VTable!$H:$I,2,0) -> SG2_P0_MDI+ | W8: =VLOOKUP(V8,EtchLengthFromLayout!$A:$B,2,0) -> 919.84 | X8: =E8+G8+J8+L8+N8+P8+R8+T8+W8 -> 26809.05 | Y8: =IF(Y7<=5,"OK, Tolerance<= 5 mil", "Not OK, Tolerance > 5 mil") -> OK, Tolerance<= 5 mil | Z8: GOLD2 | AA8: =VLOOKUP(AB8,PinNo!$B:$C,2,0) -> A3 | AB8: =C8 -> P0_MDIP
A9: SITE3 | B9: =VLOOKUP(C9,PinNo!$B:$C,2,0) -> A2 | C9: P0_MDIN | D9: =VLOOKUP(CONCATENATE($A9,".",$B9),Netlist_VTable!$H:$I,2,0) -> S3_P0_MDI- | E9: =VLOOKUP(D9,EtchLengthFromLayout!$A:$B,2,0) -> 1134.84 | F9: =CONCATENATE("S",MID($A9,5,1),"_U1_",SUBSTITUTE($C9,"IN","I-") ) -> S3_U1_P0_MDI- | G9: =VLOOKUP(F9,EtchLengthFromLayout!$A:$B,2,0) -> 522.65 | H9: =E9+G9 -> 1657.49 | I9: =CONCATENATE("S",MID($A9,5,1),"_U2_",SUBSTITUTE($C9,"IN","I-") ) -> S3_U2_P0_MDI- | J9: =VLOOKUP(I9,EtchLengthFromLayout!$A:$B,2,0) -> 105.98 | K9: =CONCATENATE("S",MID($A9,5,1),"_U3_",SUBSTITUTE($C9,"IN","I-") ) -> S3_U3_P0_MDI- | L9: =VLOOKUP(K9,EtchLengthFromLayout!$A:$B,2,0) -> 15854.55 | M9: =CONCATENATE("S",MID($A9,5,1),"_U4PILB_",SUBSTITUTE($C9,"IN","I-") ) -> S3_U4PILB_P0_MDI- | N9: =VLOOKUP(M9,EtchLengthFromLayout!$A:$B,2,0) -> 6035.07 | Q9: =SUBSTITUTE($V9,"_P","_2_P") -> SG3_2_P0_MDI- | R9: =VLOOKUP(Q9,EtchLengthFromLayout!$A:$B,2,0) -> 2500.46 | S9: =SUBSTITUTE($V9,"_P","_1_P") -> SG3_1_P0_MDI- | T9: =VLOOKUP(S9,EtchLengthFromLayout!$A:$B,2,0) -> 102.2 | V9: =VLOOKUP(CONCATENATE($Z9,".",$AA9),Netlist_VTable!$H:$I,2,0) -> SG3_P0_MDI- | W9: =VLOOKUP(V9,EtchLengthFromLayout!$A:$B,2,0) -> 919.84 | X9: =E9+G9+J9+L9+N9+P9+R9+T9+W9 -> 27175.59 | Y9: =ABS(X9-X10) -> 2.1 | Z9: GOLD3 | AA9: =VLOOKUP(AB9,PinNo!$B:$C,2,0) -> A2 | AB9: =C9 -> P0_MDIN
A10: SITE3 | B10: =VLOOKUP(C10,PinNo!$B:$C,2,0) -> A3 | C10: P0_MDIP | D10: =VLOOKUP(CONCATENATE($A10,".",$B10),Netlist_VTable!$H:$I,2,0) -> S3_P0_MDI+ | E10: =VLOOKUP(D10,EtchLengthFromLayout!$A:$B,2,0) -> 1134.85 | F10: =CONCATENATE("S",MID($A10,5,1),"_U1_",SUBSTITUTE($C10,"IP","I+") ) -> S3_U1_P0_MDI+ | G10: =VLOOKUP(F10,EtchLengthFromLayout!$A:$B,2,0) -> 522.6 | H10: =E10+G10 -> 1657.45 | I10: =CONCATENATE("S",MID($A10,5,1),"_U2_",SUBSTITUTE($C10,"IP","I+") ) -> S3_U2_P0_MDI+ | J10: =VLOOKUP(I10,EtchLengthFromLayout!$A:$B,2,0) -> 105.79 | K10: =CONCATENATE("S",MID($A10,5,1),"_U3_",SUBSTITUTE($C10,"IP","I+") ) -> S3_U3_P0_MDI+ | L10: =VLOOKUP(K10,EtchLengthFromLayout!$A:$B,2,0) -> 15854.51 | M10: =CONCATENATE("S",MID($A10,5,1),"_U4PILB_",SUBSTITUTE($C10,"IP","I+") ) -> S3_U4PILB_P0_MDI+ | N10: =VLOOKUP(M10,EtchLengthFromLayout!$A:$B,2,0) -> 6035.07 | Q10: =SUBSTITUTE($V10,"_P","_2_P") -> SG3_2_P0_MDI+ | R10: =VLOOKUP(Q10,EtchLengthFromLayout!$A:$B,2,0) -> 2500.45 | S10: =SUBSTITUTE($V10,"_P","_1_P") -> SG3_1_P0_MDI+ | T10: =VLOOKUP(S10,EtchLengthFromLayout!$A:$B,2,0) -> 100.38 | V10: =VLOOKUP(CONCATENATE($Z10,".",$AA10),Netlist_VTable!$H:$I,2,0) -> SG3_P0_MDI+ | W10: =VLOOKUP(V10,EtchLengthFromLayout!$A:$B,2,0) -> 919.84 | X10: =E10+G10+J10+L10+N10+P10+R10+T10+W10 -> 27173.49 | Y10: =IF(Y9<=5,"OK, Tolerance<= 5 mil", "Not OK, Tolerance > 5 mil") -> OK, Tolerance<= 5 mil | Z10: GOLD3 | AA10: =VLOOKUP(AB10,PinNo!$B:$C,2,0) -> A3 | AB10: =C10 -> P0_MDIP
F11: Max | H11: =MAX(H3:H10) -> 1657.49 | V11: Max | X11: =MAX(X3:X10) -> 27175.59
F12: Min | H12: =MIN(H3:H10) -> 1657.45 | V12: Min | X12: =MIN(X3:X10) -> 26669.09
F13: Max-Min | H13: =ABS(H11-H12) -> 0.04 | V13: Max-Min | X13: =ABS(X11-X12) -> 506.5
A16: Site | B16: Pin No | C16: Pin Name | D16: Net | E16: Length | F16: Net | G16: Length | H16: DUT-> Choke ( E + G ) 此處為最短距離 | I16: Net | J16: Length | K16: Net | L16: Length | M16: Net | N16: Length | O16: Net | P16: Length | Q16: Net | R16: Length | S16: Net | T16: Length | V16: Golden -> Choke Net (此處為最短距離) | W16: Length | X16: Total Length (mils) | Y16: P/N Difference (mils) | Z16: Golden | AA16: Pin No | AB16: Pin Name | AC16: Note
A17: SITE0 | B17: =VLOOKUP(C17,PinNo!$B:$C,2,0) -> B3 | C17: P1_MDIN | D17: =VLOOKUP(CONCATENATE($A17,".",$B17),Netlist_VTable!$H:$I,2,0) -> S0_P1_MDI- | E17: =VLOOKUP(D17,EtchLengthFromLayout!$A:$B,2,0) -> 2642.63 | F17: =CONCATENATE("S",MID($A17,5,1),"_U1_",SUBSTITUTE($C17,"IN","I-") ) -> S0_U1_P1_MDI- | G17: =VLOOKUP(F17,EtchLengthFromLayout!$A:$B,2,0) -> 550.79 | H17: =E17+G17 -> 3193.42 | I17: =CONCATENATE("S",MID($A17,5,1),"_U2_",SUBSTITUTE($C17,"IN","I-") ) -> S0_U2_P1_MDI- | J17: =VLOOKUP(I17,EtchLengthFromLayout!$A:$B,2,0) -> 105.98 | K17: =CONCATENATE("S",MID($A17,5,1),"_U3_",SUBSTITUTE($C17,"IN","I-") ) -> S0_U3_P1_MDI- | L17: =VLOOKUP(K17,EtchLengthFromLayout!$A:$B,2,0) -> 11123.43 | M17: =CONCATENATE("S",MID($A17,5,1),"_U4PILB_",SUBSTITUTE($C17,"IN","I-") ) -> S0_U4PILB_P1_MDI- | N17: =VLOOKUP(M17,EtchLengthFromLayout!$A:$B,2,0) -> 7616.07 | Q17: =SUBSTITUTE($V17,"_P","_2_P") -> SG0_2_P1_MDI- | R17: =VLOOKUP(Q17,EtchLengthFromLayout!$A:$B,2,0) -> 3739.06 | S17: =SUBSTITUTE($V17,"_P","_1_P") -> SG0_1_P1_MDI- | T17: =VLOOKUP(S17,EtchLengthFromLayout!$A:$B,2,0) -> 102.2 | V17: =VLOOKUP(CONCATENATE($Z17,".",$AA17),Netlist_VTable!$H:$I,2,0) -> SG0_P1_MDI- | W17: =VLOOKUP(V17,EtchLengthFromLayout!$A:$B,2,0) -> 1188.31 | X17: =E17+G17+J17+L17+N17+P17+R17+T17+W17 -> 27068.47 | Y17: =ABS(X17-X18) -> 2.24 | Z17: GOLD0 | AA17: =VLOOKUP(AB17,PinNo!$B:$C,2,0) -> B3 | AB17: =C17 -> P1_MDIN | AC17: DUT to Golden Port P1
A18: SITE0 | B18: =VLOOKUP(C18,PinNo!$B:$C,2,0) -> B4 | C18: P1_MDIP | D18: =VLOOKUP(CONCATENATE($A18,".",$B18),Netlist_VTable!$H:$I,2,0) -> S0_P1_MDI+ | E18: =VLOOKUP(D18,EtchLengthFromLayout!$A:$B,2,0) -> 2642.59 | F18: =CONCATENATE("S",MID($A18,5,1),"_U1_",SUBSTITUTE($C18,"IP","I+") ) -> S0_U1_P1_MDI+ | G18: =VLOOKUP(F18,EtchLengthFromLayout!$A:$B,2,0) -> 550.6 | H18: =E18+G18 -> 3193.19 | I18: =CONCATENATE("S",MID($A18,5,1),"_U2_",SUBSTITUTE($C18,"IP","I+") ) -> S0_U2_P1_MDI+ | J18: =VLOOKUP(I18,EtchLengthFromLayout!$A:$B,2,0) -> 105.79 | K18: =CONCATENATE("S",MID($A18,5,1),"_U3_",SUBSTITUTE($C18,"IP","I+") ) -> S0_U3_P1_MDI+ | L18: =VLOOKUP(K18,EtchLengthFromLayout!$A:$B,2,0) -> 11123.43 | M18: =CONCATENATE("S",MID($A18,5,1),"_U4PILB_",SUBSTITUTE($C18,"IP","I+") ) -> S0_U4PILB_P1_MDI+ | N18: =VLOOKUP(M18,EtchLengthFromLayout!$A:$B,2,0) -> 7616.07 | Q18: =SUBSTITUTE($V18,"_P","_2_P") -> SG0_2_P1_MDI+ | R18: =VLOOKUP(Q18,EtchLengthFromLayout!$A:$B,2,0) -> 3739.06 | S18: =SUBSTITUTE($V18,"_P","_1_P") -> SG0_1_P1_MDI+ | T18: =VLOOKUP(S18,EtchLengthFromLayout!$A:$B,2,0) -> 100.38 | V18: =VLOOKUP(CONCATENATE($Z18,".",$AA18),Netlist_VTable!$H:$I,2,0) -> SG0_P1_MDI+ | W18: =VLOOKUP(V18,EtchLengthFromLayout!$A:$B,2,0) -> 1188.31 | X18: =E18+G18+J18+L18+N18+P18+R18+T18+W18 -> 27066.23 | Y18: =IF(Y17<=5,"OK, Tolerance<= 5 mil", "Not OK, Tolerance > 5 mil") -> OK, Tolerance<= 5 mil | Z18: GOLD0 | AA18: =VLOOKUP(AB18,PinNo!$B:$C,2,0) -> B4 | AB18: =C18 -> P1_MDIP
A19: SITE1 | B19: =VLOOKUP(C19,PinNo!$B:$C,2,0) -> B3 | C19: P1_MDIN | D19: =VLOOKUP(CONCATENATE($A19,".",$B19),Netlist_VTable!$H:$I,2,0) -> S1_P1_MDI- | E19: =VLOOKUP(D19,EtchLengthFromLayout!$A:$B,2,0) -> 2642.63 | F19: =CONCATENATE("S",MID($A19,5,1),"_U1_",SUBSTITUTE($C19,"IN","I-") ) -> S1_U1_P1_MDI- | G19: =VLOOKUP(F19,EtchLengthFromLayout!$A:$B,2,0) -> 550.79 | H19: =E19+G19 -> 3193.42 | I19: =CONCATENATE("S",MID($A19,5,1),"_U2_",SUBSTITUTE($C19,"IN","I-") ) -> S1_U2_P1_MDI- | J19: =VLOOKUP(I19,EtchLengthFromLayout!$A:$B,2,0) -> 105.98 | K19: =CONCATENATE("S",MID($A19,5,1),"_U3_",SUBSTITUTE($C19,"IN","I-") ) -> S1_U3_P1_MDI- | L19: =VLOOKUP(K19,EtchLengthFromLayout!$A:$B,2,0) -> 13396.34 | M19: =CONCATENATE("S",MID($A19,5,1),"_U4PILB_",SUBSTITUTE($C19,"IN","I-") ) -> S1_U4PILB_P1_MDI- | N19: =VLOOKUP(M19,EtchLengthFromLayout!$A:$B,2,0) -> 3014.57 | Q19: =SUBSTITUTE($V19,"_P","_2_P") -> SG1_2_P1_MDI- | R19: =VLOOKUP(Q19,EtchLengthFromLayout!$A:$B,2,0) -> 6079.93 | S19: =SUBSTITUTE($V19,"_P","_1_P") -> SG1_1_P1_MDI- | T19: =VLOOKUP(S19,EtchLengthFromLayout!$A:$B,2,0) -> 102.2 | V19: =VLOOKUP(CONCATENATE($Z19,".",$AA19),Netlist_VTable!$H:$I,2,0) -> SG1_P1_MDI- | W19: =VLOOKUP(V19,EtchLengthFromLayout!$A:$B,2,0) -> 1188.31 | X19: =E19+G19+J19+L19+N19+P19+R19+T19+W19 -> 27080.75 | Y19: =ABS(X19-X20) -> 2.23 | Z19: GOLD1 | AA19: =VLOOKUP(AB19,PinNo!$B:$C,2,0) -> B3 | AB19: =C19 -> P1_MDIN
A20: SITE1 | B20: =VLOOKUP(C20,PinNo!$B:$C,2,0) -> B4 | C20: P1_MDIP | D20: =VLOOKUP(CONCATENATE($A20,".",$B20),Netlist_VTable!$H:$I,2,0) -> S1_P1_MDI+ | E20: =VLOOKUP(D20,EtchLengthFromLayout!$A:$B,2,0) -> 2642.59 | F20: =CONCATENATE("S",MID($A20,5,1),"_U1_",SUBSTITUTE($C20,"IP","I+") ) -> S1_U1_P1_MDI+ | G20: =VLOOKUP(F20,EtchLengthFromLayout!$A:$B,2,0) -> 550.6 | H20: =E20+G20 -> 3193.19 | I20: =CONCATENATE("S",MID($A20,5,1),"_U2_",SUBSTITUTE($C20,"IP","I+") ) -> S1_U2_P1_MDI+ | J20: =VLOOKUP(I20,EtchLengthFromLayout!$A:$B,2,0) -> 105.79 | K20: =CONCATENATE("S",MID($A20,5,1),"_U3_",SUBSTITUTE($C20,"IP","I+") ) -> S1_U3_P1_MDI+ | L20: =VLOOKUP(K20,EtchLengthFromLayout!$A:$B,2,0) -> 13396.34 | M20: =CONCATENATE("S",MID($A20,5,1),"_U4PILB_",SUBSTITUTE($C20,"IP","I+") ) -> S1_U4PILB_P1_MDI+ | N20: =VLOOKUP(M20,EtchLengthFromLayout!$A:$B,2,0) -> 3014.57 | Q20: =SUBSTITUTE($V20,"_P","_2_P") -> SG1_2_P1_MDI+ | R20: =VLOOKUP(Q20,EtchLengthFromLayout!$A:$B,2,0) -> 6079.94 | S20: =SUBSTITUTE($V20,"_P","_1_P") -> SG1_1_P1_MDI+ | T20: =VLOOKUP(S20,EtchLengthFromLayout!$A:$B,2,0) -> 100.38 | V20: =VLOOKUP(CONCATENATE($Z20,".",$AA20),Netlist_VTable!$H:$I,2,0) -> SG1_P1_MDI+ | W20: =VLOOKUP(V20,EtchLengthFromLayout!$A:$B,2,0) -> 1188.31 | X20: =E20+G20+J20+L20+N20+P20+R20+T20+W20 -> 27078.52 | Y20: =IF(Y19<=5,"OK, Tolerance<= 5 mil", "Not OK, Tolerance > 5 mil") -> OK, Tolerance<= 5 mil | Z20: GOLD1 | AA20: =VLOOKUP(AB20,PinNo!$B:$C,2,0) -> B4 | AB20: =C20 -> P1_MDIP
A21: SITE2 | B21: =VLOOKUP(C21,PinNo!$B:$C,2,0) -> B3 | C21: P1_MDIN | D21: =VLOOKUP(CONCATENATE($A21,".",$B21),Netlist_VTable!$H:$I,2,0) -> S2_P1_MDI- | E21: =VLOOKUP(D21,EtchLengthFromLayout!$A:$B,2,0) -> 2642.63 | F21: =CONCATENATE("S",MID($A21,5,1),"_U1_",SUBSTITUTE($C21,"IN","I-") ) -> S2_U1_P1_MDI- | G21: =VLOOKUP(F21,EtchLengthFromLayout!$A:$B,2,0) -> 550.79 | H21: =E21+G21 -> 3193.42 | I21: =CONCATENATE("S",MID($A21,5,1),"_U2_",SUBSTITUTE($C21,"IN","I-") ) -> S2_U2_P1_MDI- | J21: =VLOOKUP(I21,EtchLengthFromLayout!$A:$B,2,0) -> 105.98 | K21: =CONCATENATE("S",MID($A21,5,1),"_U3_",SUBSTITUTE($C21,"IN","I-") ) -> S2_U3_P1_MDI- | L21: =VLOOKUP(K21,EtchLengthFromLayout!$A:$B,2,0) -> 10258.76 | M21: =CONCATENATE("S",MID($A21,5,1),"_U4PILB_",SUBSTITUTE($C21,"IN","I-") ) -> S2_U4PILB_P1_MDI- | N21: =VLOOKUP(M21,EtchLengthFromLayout!$A:$B,2,0) -> 7309.59 | Q21: =SUBSTITUTE($V21,"_P","_2_P") -> SG2_2_P1_MDI- | R21: =VLOOKUP(Q21,EtchLengthFromLayout!$A:$B,2,0) -> 5101.48 | S21: =SUBSTITUTE($V21,"_P","_1_P") -> SG2_1_P1_MDI- | T21: =VLOOKUP(S21,EtchLengthFromLayout!$A:$B,2,0) -> 102.2 | V21: =VLOOKUP(CONCATENATE($Z21,".",$AA21),Netlist_VTable!$H:$I,2,0) -> SG2_P1_MDI- | W21: =VLOOKUP(V21,EtchLengthFromLayout!$A:$B,2,0) -> 1188.31 | X21: =E21+G21+J21+L21+N21+P21+R21+T21+W21 -> 27259.74 | Y21: =ABS(X21-X22) -> 2.24 | Z21: GOLD2 | AA21: =VLOOKUP(AB21,PinNo!$B:$C,2,0) -> B3 | AB21: =C21 -> P1_MDIN
A22: SITE2 | B22: =VLOOKUP(C22,PinNo!$B:$C,2,0) -> B4 | C22: P1_MDIP | D22: =VLOOKUP(CONCATENATE($A22,".",$B22),Netlist_VTable!$H:$I,2,0) -> S2_P1_MDI+ | E22: =VLOOKUP(D22,EtchLengthFromLayout!$A:$B,2,0) -> 2642.59 | F22: =CONCATENATE("S",MID($A22,5,1),"_U1_",SUBSTITUTE($C22,"IP","I+") ) -> S2_U1_P1_MDI+ | G22: =VLOOKUP(F22,EtchLengthFromLayout!$A:$B,2,0) -> 550.6 | H22: =E22+G22 -> 3193.19 | I22: =CONCATENATE("S",MID($A22,5,1),"_U2_",SUBSTITUTE($C22,"IP","I+") ) -> S2_U2_P1_MDI+ | J22: =VLOOKUP(I22,EtchLengthFromLayout!$A:$B,2,0) -> 105.79 | K22: =CONCATENATE("S",MID($A22,5,1),"_U3_",SUBSTITUTE($C22,"IP","I+") ) -> S2_U3_P1_MDI+ | L22: =VLOOKUP(K22,EtchLengthFromLayout!$A:$B,2,0) -> 10258.75 | M22: =CONCATENATE("S",MID($A22,5,1),"_U4PILB_",SUBSTITUTE($C22,"IP","I+") ) -> S2_U4PILB_P1_MDI+ | N22: =VLOOKUP(M22,EtchLengthFromLayout!$A:$B,2,0) -> 7309.59 | Q22: =SUBSTITUTE($V22,"_P","_2_P") -> SG2_2_P1_MDI+ | R22: =VLOOKUP(Q22,EtchLengthFromLayout!$A:$B,2,0) -> 5101.49 | S22: =SUBSTITUTE($V22,"_P","_1_P") -> SG2_1_P1_MDI+ | T22: =VLOOKUP(S22,EtchLengthFromLayout!$A:$B,2,0) -> 100.38 | V22: =VLOOKUP(CONCATENATE($Z22,".",$AA22),Netlist_VTable!$H:$I,2,0) -> SG2_P1_MDI+ | W22: =VLOOKUP(V22,EtchLengthFromLayout!$A:$B,2,0) -> 1188.31 | X22: =E22+G22+J22+L22+N22+P22+R22+T22+W22 -> 27257.5 | Y22: =IF(Y21<=5,"OK, Tolerance<= 5 mil", "Not OK, Tolerance > 5 mil") -> OK, Tolerance<= 5 mil | Z22: GOLD2 | AA22: =VLOOKUP(AB22,PinNo!$B:$C,2,0) -> B4 | AB22: =C22 -> P1_MDIP
A23: SITE3 | B23: =VLOOKUP(C23,PinNo!$B:$C,2,0) -> B3 | C23: P1_MDIN | D23: =VLOOKUP(CONCATENATE($A23,".",$B23),Netlist_VTable!$H:$I,2,0) -> S3_P1_MDI- | E23: =VLOOKUP(D23,EtchLengthFromLayout!$A:$B,2,0) -> 2642.63 | F23: =CONCATENATE("S",MID($A23,5,1),"_U1_",SUBSTITUTE($C23,"IN","I-") ) -> S3_U1_P1_MDI- | G23: =VLOOKUP(F23,EtchLengthFromLayout!$A:$B,2,0) -> 550.79 | H23: =E23+G23 -> 3193.42 | I23: =CONCATENATE("S",MID($A23,5,1),"_U2_",SUBSTITUTE($C23,"IN","I-") ) -> S3_U2_P1_MDI- | J23: =VLOOKUP(I23,EtchLengthFromLayout!$A:$B,2,0) -> 105.98 | K23: =CONCATENATE("S",MID($A23,5,1),"_U3_",SUBSTITUTE($C23,"IN","I-") ) -> S3_U3_P1_MDI- | L23: =VLOOKUP(K23,EtchLengthFromLayout!$A:$B,2,0) -> 14910.24 | M23: =CONCATENATE("S",MID($A23,5,1),"_U4PILB_",SUBSTITUTE($C23,"IN","I-") ) -> S3_U4PILB_P1_MDI- | N23: =VLOOKUP(M23,EtchLengthFromLayout!$A:$B,2,0) -> 5461.53 | Q23: =SUBSTITUTE($V23,"_P","_2_P") -> SG3_2_P1_MDI- | R23: =VLOOKUP(Q23,EtchLengthFromLayout!$A:$B,2,0) -> 2598.12 | S23: =SUBSTITUTE($V23,"_P","_1_P") -> SG3_1_P1_MDI- | T23: =VLOOKUP(S23,EtchLengthFromLayout!$A:$B,2,0) -> 102.2 | V23: =VLOOKUP(CONCATENATE($Z23,".",$AA23),Netlist_VTable!$H:$I,2,0) -> SG3_P1_MDI- | W23: =VLOOKUP(V23,EtchLengthFromLayout!$A:$B,2,0) -> 1188.31 | X23: =E23+G23+J23+L23+N23+P23+R23+T23+W23 -> 27559.8 | Y23: =ABS(X23-X24) -> 2.23 | Z23: GOLD3 | AA23: =VLOOKUP(AB23,PinNo!$B:$C,2,0) -> B3 | AB23: =C23 -> P1_MDIN
A24: SITE3 | B24: =VLOOKUP(C24,PinNo!$B:$C,2,0) -> B4 | C24: P1_MDIP | D24: =VLOOKUP(CONCATENATE($A24,".",$B24),Netlist_VTable!$H:$I,2,0) -> S3_P1_MDI+ | E24: =VLOOKUP(D24,EtchLengthFromLayout!$A:$B,2,0) -> 2642.59 | F24: =CONCATENATE("S",MID($A24,5,1),"_U1_",SUBSTITUTE($C24,"IP","I+") ) -> S3_U1_P1_MDI+ | G24: =VLOOKUP(F24,EtchLengthFromLayout!$A:$B,2,0) -> 550.6 | H24: =E24+G24 -> 3193.19 | I24: =CONCATENATE("S",MID($A24,5,1),"_U2_",SUBSTITUTE($C24,"IP","I+") ) -> S3_U2_P1_MDI+ | J24: =VLOOKUP(I24,EtchLengthFromLayout!$A:$B,2,0) -> 105.79 | K24: =CONCATENATE("S",MID($A24,5,1),"_U3_",SUBSTITUTE($C24,"IP","I+") ) -> S3_U3_P1_MDI+ | L24: =VLOOKUP(K24,EtchLengthFromLayout!$A:$B,2,0) -> 14910.24 | M24: =CONCATENATE("S",MID($A24,5,1),"_U4PILB_",SUBSTITUTE($C24,"IP","I+") ) -> S3_U4PILB_P1_MDI+ | N24: =VLOOKUP(M24,EtchLengthFromLayout!$A:$B,2,0) -> 5461.53 | Q24: =SUBSTITUTE($V24,"_P","_2_P") -> SG3_2_P1_MDI+ | R24: =VLOOKUP(Q24,EtchLengthFromLayout!$A:$B,2,0) -> 2598.13 | S24: =SUBSTITUTE($V24,"_P","_1_P") -> SG3_1_P1_MDI+ | T24: =VLOOKUP(S24,EtchLengthFromLayout!$A:$B,2,0) -> 100.38 | V24: =VLOOKUP(CONCATENATE($Z24,".",$AA24),Netlist_VTable!$H:$I,2,0) -> SG3_P1_MDI+ | W24: =VLOOKUP(V24,EtchLengthFromLayout!$A:$B,2,0) -> 1188.31 | X24: =E24+G24+J24+L24+N24+P24+R24+T24+W24 -> 27557.57 | Y24: =IF(Y23<=5,"OK, Tolerance<= 5 mil", "Not OK, Tolerance > 5 mil") -> OK, Tolerance<= 5 mil | Z24: GOLD3 | AA24: =VLOOKUP(AB24,PinNo!$B:$C,2,0) -> B4 | AB24: =C24 -> P1_MDIP
F25: Max | H25: =MAX(H17:H24) -> 3193.42 | V25: Max | X25: =MAX(X17:X24) -> 27559.8
F26: Min | H26: =MIN(H17:H24) -> 3193.19 | V26: Min | X26: =MIN(X17:X24) -> 27066.23
F27: Max-Min | H27: =ABS(H25-H26) -> 0.23 | V27: Max-Min | X27: =ABS(X25-X26) -> 493.57
A30: Site | B30: Pin No | C30: Pin Name | D30: Net | E30: Length | F30: Net | G30: Length | H30: DUT-> Choke ( E + G ) 此處為最短距離 | I30: Net | J30: Length | K30: Net | L30: Length | M30: Net | N30: Length | O30: Net | P30: Length | Q30: Net | R30: Length | S30: Net | T30: Length | V30: Golden -> Choke Net (此處為最短距離) | W30: Length | X30: Total Length (mils) | Y30: P/N Difference (mils) | Z30: Golden | AA30: Pin No | AB30: Pin Name | AC30: Note
A31: SITE0 | B31: =VLOOKUP(C31,PinNo!$B:$C,2,0) -> A4 | C31: P5_MDIN | D31: =VLOOKUP(CONCATENATE($A31,".",$B31),Netlist_VTable!$H:$I,2,0) -> S0_P5_MDI- | E31: =VLOOKUP(D31,EtchLengthFromLayout!$A:$B,2,0) -> 1170.74 | F31: =CONCATENATE("S",MID($A31,5,1),"_U1_",SUBSTITUTE($C31,"IN","I-") ) -> S0_U1_P5_MDI- | G31: =VLOOKUP(F31,EtchLengthFromLayout!$A:$B,2,0) -> 542.65 | H31: =E31+G31 -> 1713.39 | I31: =CONCATENATE("S",MID($A31,5,1),"_U2_",SUBSTITUTE($C31,"IN","I-") ) -> S0_U2_P5_MDI- | J31: =VLOOKUP(I31,EtchLengthFromLayout!$A:$B,2,0) -> 105.98 | K31: =CONCATENATE("S",MID($A31,5,1),"_U3_",SUBSTITUTE($C31,"IN","I-") ) -> S0_U3_P5_MDI- | L31: =VLOOKUP(K31,EtchLengthFromLayout!$A:$B,2,0) -> 11458.28 | M31: =CONCATENATE("S",MID($A31,5,1),"_U4PILB_",SUBSTITUTE($C31,"IN","I-") ) -> S0_U4PILB_P5_MDI- | N31: =VLOOKUP(M31,EtchLengthFromLayout!$A:$B,2,0) -> 8603.78 | Q31: =SUBSTITUTE($V31,"_P","_2_P") -> SG0_2_P5_MDI- | R31: =VLOOKUP(Q31,EtchLengthFromLayout!$A:$B,2,0) -> 4457.14 | S31: =SUBSTITUTE($V31,"_P","_1_P") -> SG0_1_P5_MDI- | T31: =VLOOKUP(S31,EtchLengthFromLayout!$A:$B,2,0) -> 102.2 | V31: =VLOOKUP(CONCATENATE($Z31,".",$AA31),Netlist_VTable!$H:$I,2,0) -> SG0_P5_MDI- | W31: =VLOOKUP(V31,EtchLengthFromLayout!$A:$B,2,0) -> 262.05 | X31: =E31+G31+J31+L31+N31+P31+R31+T31+W31 -> 26702.82 | Y31: =ABS(X31-X32) -> 2.07 | Z31: GOLD0 | AA31: =VLOOKUP(AB31,PinNo!$B:$C,2,0) -> A4 | AB31: =C31 -> P5_MDIN | AC31: DUT to Golden Port P5
A32: SITE0 | B32: =VLOOKUP(C32,PinNo!$B:$C,2,0) -> A5 | C32: P5_MDIP | D32: =VLOOKUP(CONCATENATE($A32,".",$B32),Netlist_VTable!$H:$I,2,0) -> S0_P5_MDI+ | E32: =VLOOKUP(D32,EtchLengthFromLayout!$A:$B,2,0) -> 1170.75 | F32: =CONCATENATE("S",MID($A32,5,1),"_U1_",SUBSTITUTE($C32,"IP","I+") ) -> S0_U1_P5_MDI+ | G32: =VLOOKUP(F32,EtchLengthFromLayout!$A:$B,2,0) -> 542.6 | H32: =E32+G32 -> 1713.35 | I32: =CONCATENATE("S",MID($A32,5,1),"_U2_",SUBSTITUTE($C32,"IP","I+") ) -> S0_U2_P5_MDI+ | J32: =VLOOKUP(I32,EtchLengthFromLayout!$A:$B,2,0) -> 105.79 | K32: =CONCATENATE("S",MID($A32,5,1),"_U3_",SUBSTITUTE($C32,"IP","I+") ) -> S0_U3_P5_MDI+ | L32: =VLOOKUP(K32,EtchLengthFromLayout!$A:$B,2,0) -> 11458.27 | M32: =CONCATENATE("S",MID($A32,5,1),"_U4PILB_",SUBSTITUTE($C32,"IP","I+") ) -> S0_U4PILB_P5_MDI+ | N32: =VLOOKUP(M32,EtchLengthFromLayout!$A:$B,2,0) -> 8603.78 | Q32: =SUBSTITUTE($V32,"_P","_2_P") -> SG0_2_P5_MDI+ | R32: =VLOOKUP(Q32,EtchLengthFromLayout!$A:$B,2,0) -> 4457.13 | S32: =SUBSTITUTE($V32,"_P","_1_P") -> SG0_1_P5_MDI+ | T32: =VLOOKUP(S32,EtchLengthFromLayout!$A:$B,2,0) -> 100.38 | V32: =VLOOKUP(CONCATENATE($Z32,".",$AA32),Netlist_VTable!$H:$I,2,0) -> SG0_P5_MDI+ | W32: =VLOOKUP(V32,EtchLengthFromLayout!$A:$B,2,0) -> 262.05 | X32: =E32+G32+J32+L32+N32+P32+R32+T32+W32 -> 26700.75 | Y32: =IF(Y31<=5,"OK, Tolerance<= 5 mil", "Not OK, Tolerance > 5 mil") -> OK, Tolerance<= 5 mil | Z32: GOLD0 | AA32: =VLOOKUP(AB32,PinNo!$B:$C,2,0) -> A5 | AB32: =C32 -> P5_MDIP
A33: SITE1 | B33: =VLOOKUP(C33,PinNo!$B:$C,2,0) -> A4 | C33: P5_MDIN | D33: =VLOOKUP(CONCATENATE($A33,".",$B33),Netlist_VTable!$H:$I,2,0) -> S1_P5_MDI- | E33: =VLOOKUP(D33,EtchLengthFromLayout!$A:$B,2,0) -> 1170.74 | F33: =CONCATENATE("S",MID($A33,5,1),"_U1_",SUBSTITUTE($C33,"IN","I-") ) -> S1_U1_P5_MDI- | G33: =VLOOKUP(F33,EtchLengthFromLayout!$A:$B,2,0) -> 542.65 | H33: =E33+G33 -> 1713.39 | I33: =CONCATENATE("S",MID($A33,5,1),"_U2_",SUBSTITUTE($C33,"IN","I-") ) -> S1_U2_P5_MDI- | J33: =VLOOKUP(I33,EtchLengthFromLayout!$A:$B,2,0) -> 105.98 | K33: =CONCATENATE("S",MID($A33,5,1),"_U3_",SUBSTITUTE($C33,"IN","I-") ) -> S1_U3_P5_MDI- | L33: =VLOOKUP(K33,EtchLengthFromLayout!$A:$B,2,0) -> 15055.2 | M33: =CONCATENATE("S",MID($A33,5,1),"_U4PILB_",SUBSTITUTE($C33,"IN","I-") ) -> S1_U4PILB_P5_MDI- | N33: =VLOOKUP(M33,EtchLengthFromLayout!$A:$B,2,0) -> 3037.73 | Q33: =SUBSTITUTE($V33,"_P","_2_P") -> SG1_2_P5_MDI- | R33: =VLOOKUP(Q33,EtchLengthFromLayout!$A:$B,2,0) -> 6839.43 | S33: =SUBSTITUTE($V33,"_P","_1_P") -> SG1_1_P5_MDI- | T33: =VLOOKUP(S33,EtchLengthFromLayout!$A:$B,2,0) -> 102.2 | V33: =VLOOKUP(CONCATENATE($Z33,".",$AA33),Netlist_VTable!$H:$I,2,0) -> SG1_P5_MDI- | W33: =VLOOKUP(V33,EtchLengthFromLayout!$A:$B,2,0) -> 271.07 | X33: =E33+G33+J33+L33+N33+P33+R33+T33+W33 -> 27125 | Y33: =ABS(X33-X34) -> 2.05 | Z33: GOLD1 | AA33: =VLOOKUP(AB33,PinNo!$B:$C,2,0) -> A4 | AB33: =C33 -> P5_MDIN
A34: SITE1 | B34: =VLOOKUP(C34,PinNo!$B:$C,2,0) -> A5 | C34: P5_MDIP | D34: =VLOOKUP(CONCATENATE($A34,".",$B34),Netlist_VTable!$H:$I,2,0) -> S1_P5_MDI+ | E34: =VLOOKUP(D34,EtchLengthFromLayout!$A:$B,2,0) -> 1170.75 | F34: =CONCATENATE("S",MID($A34,5,1),"_U1_",SUBSTITUTE($C34,"IP","I+") ) -> S1_U1_P5_MDI+ | G34: =VLOOKUP(F34,EtchLengthFromLayout!$A:$B,2,0) -> 542.6 | H34: =E34+G34 -> 1713.35 | I34: =CONCATENATE("S",MID($A34,5,1),"_U2_",SUBSTITUTE($C34,"IP","I+") ) -> S1_U2_P5_MDI+ | J34: =VLOOKUP(I34,EtchLengthFromLayout!$A:$B,2,0) -> 105.79 | K34: =CONCATENATE("S",MID($A34,5,1),"_U3_",SUBSTITUTE($C34,"IP","I+") ) -> S1_U3_P5_MDI+ | L34: =VLOOKUP(K34,EtchLengthFromLayout!$A:$B,2,0) -> 15055.2 | M34: =CONCATENATE("S",MID($A34,5,1),"_U4PILB_",SUBSTITUTE($C34,"IP","I+") ) -> S1_U4PILB_P5_MDI+ | N34: =VLOOKUP(M34,EtchLengthFromLayout!$A:$B,2,0) -> 3037.73 | Q34: =SUBSTITUTE($V34,"_P","_2_P") -> SG1_2_P5_MDI+ | R34: =VLOOKUP(Q34,EtchLengthFromLayout!$A:$B,2,0) -> 6839.42 | S34: =SUBSTITUTE($V34,"_P","_1_P") -> SG1_1_P5_MDI+ | T34: =VLOOKUP(S34,EtchLengthFromLayout!$A:$B,2,0) -> 100.38 | V34: =VLOOKUP(CONCATENATE($Z34,".",$AA34),Netlist_VTable!$H:$I,2,0) -> SG1_P5_MDI+ | W34: =VLOOKUP(V34,EtchLengthFromLayout!$A:$B,2,0) -> 271.08 | X34: =E34+G34+J34+L34+N34+P34+R34+T34+W34 -> 27122.95 | Y34: =IF(Y33<=5,"OK, Tolerance<= 5 mil", "Not OK, Tolerance > 5 mil") -> OK, Tolerance<= 5 mil | Z34: GOLD1 | AA34: =VLOOKUP(AB34,PinNo!$B:$C,2,0) -> A5 | AB34: =C34 -> P5_MDIP
A35: SITE2 | B35: =VLOOKUP(C35,PinNo!$B:$C,2,0) -> A4 | C35: P5_MDIN | D35: =VLOOKUP(CONCATENATE($A35,".",$B35),Netlist_VTable!$H:$I,2,0) -> S2_P5_MDI- | E35: =VLOOKUP(D35,EtchLengthFromLayout!$A:$B,2,0) -> 1170.74 | F35: =CONCATENATE("S",MID($A35,5,1),"_U1_",SUBSTITUTE($C35,"IN","I-") ) -> S2_U1_P5_MDI- | G35: =VLOOKUP(F35,EtchLengthFromLayout!$A:$B,2,0) -> 542.65 | H35: =E35+G35 -> 1713.39 | I35: =CONCATENATE("S",MID($A35,5,1),"_U2_",SUBSTITUTE($C35,"IN","I-") ) -> S2_U2_P5_MDI- | J35: =VLOOKUP(I35,EtchLengthFromLayout!$A:$B,2,0) -> 105.98 | K35: =CONCATENATE("S",MID($A35,5,1),"_U3_",SUBSTITUTE($C35,"IN","I-") ) -> S2_U3_P5_MDI- | L35: =VLOOKUP(K35,EtchLengthFromLayout!$A:$B,2,0) -> 10006.79 | M35: =CONCATENATE("S",MID($A35,5,1),"_U4PILB_",SUBSTITUTE($C35,"IN","I-") ) -> S2_U4PILB_P5_MDI- | N35: =VLOOKUP(M35,EtchLengthFromLayout!$A:$B,2,0) -> 8681.78 | Q35: =SUBSTITUTE($V35,"_P","_2_P") -> SG2_2_P5_MDI- | R35: =VLOOKUP(Q35,EtchLengthFromLayout!$A:$B,2,0) -> 5940.07 | S35: =SUBSTITUTE($V35,"_P","_1_P") -> SG2_1_P5_MDI- | T35: =VLOOKUP(S35,EtchLengthFromLayout!$A:$B,2,0) -> 102.2 | V35: =VLOOKUP(CONCATENATE($Z35,".",$AA35),Netlist_VTable!$H:$I,2,0) -> SG2_P5_MDI- | W35: =VLOOKUP(V35,EtchLengthFromLayout!$A:$B,2,0) -> 262.05 | X35: =E35+G35+J35+L35+N35+P35+R35+T35+W35 -> 26812.26 | Y35: =ABS(X35-X36) -> 2.05 | Z35: GOLD2 | AA35: =VLOOKUP(AB35,PinNo!$B:$C,2,0) -> A4 | AB35: =C35 -> P5_MDIN
A36: SITE2 | B36: =VLOOKUP(C36,PinNo!$B:$C,2,0) -> A5 | C36: P5_MDIP | D36: =VLOOKUP(CONCATENATE($A36,".",$B36),Netlist_VTable!$H:$I,2,0) -> S2_P5_MDI+ | E36: =VLOOKUP(D36,EtchLengthFromLayout!$A:$B,2,0) -> 1170.75 | F36: =CONCATENATE("S",MID($A36,5,1),"_U1_",SUBSTITUTE($C36,"IP","I+") ) -> S2_U1_P5_MDI+ | G36: =VLOOKUP(F36,EtchLengthFromLayout!$A:$B,2,0) -> 542.6 | H36: =E36+G36 -> 1713.35 | I36: =CONCATENATE("S",MID($A36,5,1),"_U2_",SUBSTITUTE($C36,"IP","I+") ) -> S2_U2_P5_MDI+ | J36: =VLOOKUP(I36,EtchLengthFromLayout!$A:$B,2,0) -> 105.79 | K36: =CONCATENATE("S",MID($A36,5,1),"_U3_",SUBSTITUTE($C36,"IP","I+") ) -> S2_U3_P5_MDI+ | L36: =VLOOKUP(K36,EtchLengthFromLayout!$A:$B,2,0) -> 10006.79 | M36: =CONCATENATE("S",MID($A36,5,1),"_U4PILB_",SUBSTITUTE($C36,"IP","I+") ) -> S2_U4PILB_P5_MDI+ | N36: =VLOOKUP(M36,EtchLengthFromLayout!$A:$B,2,0) -> 8681.78 | Q36: =SUBSTITUTE($V36,"_P","_2_P") -> SG2_2_P5_MDI+ | R36: =VLOOKUP(Q36,EtchLengthFromLayout!$A:$B,2,0) -> 5940.07 | S36: =SUBSTITUTE($V36,"_P","_1_P") -> SG2_1_P5_MDI+ | T36: =VLOOKUP(S36,EtchLengthFromLayout!$A:$B,2,0) -> 100.38 | V36: =VLOOKUP(CONCATENATE($Z36,".",$AA36),Netlist_VTable!$H:$I,2,0) -> SG2_P5_MDI+ | W36: =VLOOKUP(V36,EtchLengthFromLayout!$A:$B,2,0) -> 262.05 | X36: =E36+G36+J36+L36+N36+P36+R36+T36+W36 -> 26810.21 | Y36: =IF(Y35<=5,"OK, Tolerance<= 5 mil", "Not OK, Tolerance > 5 mil") -> OK, Tolerance<= 5 mil | Z36: GOLD2 | AA36: =VLOOKUP(AB36,PinNo!$B:$C,2,0) -> A5 | AB36: =C36 -> P5_MDIP
A37: SITE3 | B37: =VLOOKUP(C37,PinNo!$B:$C,2,0) -> A4 | C37: P5_MDIN | D37: =VLOOKUP(CONCATENATE($A37,".",$B37),Netlist_VTable!$H:$I,2,0) -> S3_P5_MDI- | E37: =VLOOKUP(D37,EtchLengthFromLayout!$A:$B,2,0) -> 1170.74 | F37: =CONCATENATE("S",MID($A37,5,1),"_U1_",SUBSTITUTE($C37,"IN","I-") ) -> S3_U1_P5_MDI- | G37: =VLOOKUP(F37,EtchLengthFromLayout!$A:$B,2,0) -> 542.65 | H37: =E37+G37 -> 1713.39 | I37: =CONCATENATE("S",MID($A37,5,1),"_U2_",SUBSTITUTE($C37,"IN","I-") ) -> S3_U2_P5_MDI- | J37: =VLOOKUP(I37,EtchLengthFromLayout!$A:$B,2,0) -> 105.98 | K37: =CONCATENATE("S",MID($A37,5,1),"_U3_",SUBSTITUTE($C37,"IN","I-") ) -> S3_U3_P5_MDI- | L37: =VLOOKUP(K37,EtchLengthFromLayout!$A:$B,2,0) -> 14156.39 | M37: =CONCATENATE("S",MID($A37,5,1),"_U4PILB_",SUBSTITUTE($C37,"IN","I-") ) -> S3_U4PILB_P5_MDI- | N37: =VLOOKUP(M37,EtchLengthFromLayout!$A:$B,2,0) -> 7202.42 | Q37: =SUBSTITUTE($V37,"_P","_2_P") -> SG3_2_P5_MDI- | R37: =VLOOKUP(Q37,EtchLengthFromLayout!$A:$B,2,0) -> 3330.87 | S37: =SUBSTITUTE($V37,"_P","_1_P") -> SG3_1_P5_MDI- | T37: =VLOOKUP(S37,EtchLengthFromLayout!$A:$B,2,0) -> 102.2 | V37: =VLOOKUP(CONCATENATE($Z37,".",$AA37),Netlist_VTable!$H:$I,2,0) -> SG3_P5_MDI- | W37: =VLOOKUP(V37,EtchLengthFromLayout!$A:$B,2,0) -> 271.07 | X37: =E37+G37+J37+L37+N37+P37+R37+T37+W37 -> 26882.32 | Y37: =ABS(X37-X38) -> 2.02 | Z37: GOLD3 | AA37: =VLOOKUP(AB37,PinNo!$B:$C,2,0) -> A4 | AB37: =C37 -> P5_MDIN
A38: SITE3 | B38: =VLOOKUP(C38,PinNo!$B:$C,2,0) -> A5 | C38: P5_MDIP | D38: =VLOOKUP(CONCATENATE($A38,".",$B38),Netlist_VTable!$H:$I,2,0) -> S3_P5_MDI+ | E38: =VLOOKUP(D38,EtchLengthFromLayout!$A:$B,2,0) -> 1170.75 | F38: =CONCATENATE("S",MID($A38,5,1),"_U1_",SUBSTITUTE($C38,"IP","I+") ) -> S3_U1_P5_MDI+ | G38: =VLOOKUP(F38,EtchLengthFromLayout!$A:$B,2,0) -> 542.6 | H38: =E38+G38 -> 1713.35 | I38: =CONCATENATE("S",MID($A38,5,1),"_U2_",SUBSTITUTE($C38,"IP","I+") ) -> S3_U2_P5_MDI+ | J38: =VLOOKUP(I38,EtchLengthFromLayout!$A:$B,2,0) -> 105.79 | K38: =CONCATENATE("S",MID($A38,5,1),"_U3_",SUBSTITUTE($C38,"IP","I+") ) -> S3_U3_P5_MDI+ | L38: =VLOOKUP(K38,EtchLengthFromLayout!$A:$B,2,0) -> 14156.41 | M38: =CONCATENATE("S",MID($A38,5,1),"_U4PILB_",SUBSTITUTE($C38,"IP","I+") ) -> S3_U4PILB_P5_MDI+ | N38: =VLOOKUP(M38,EtchLengthFromLayout!$A:$B,2,0) -> 7202.42 | Q38: =SUBSTITUTE($V38,"_P","_2_P") -> SG3_2_P5_MDI+ | R38: =VLOOKUP(Q38,EtchLengthFromLayout!$A:$B,2,0) -> 3330.87 | S38: =SUBSTITUTE($V38,"_P","_1_P") -> SG3_1_P5_MDI+ | T38: =VLOOKUP(S38,EtchLengthFromLayout!$A:$B,2,0) -> 100.38 | V38: =VLOOKUP(CONCATENATE($Z38,".",$AA38),Netlist_VTable!$H:$I,2,0) -> SG3_P5_MDI+ | W38: =VLOOKUP(V38,EtchLengthFromLayout!$A:$B,2,0) -> 271.08 | X38: =E38+G38+J38+L38+N38+P38+R38+T38+W38 -> 26880.3 | Y38: =IF(Y37<=5,"OK, Tolerance<= 5 mil", "Not OK, Tolerance > 5 mil") -> OK, Tolerance<= 5 mil | Z38: GOLD3 | AA38: =VLOOKUP(AB38,PinNo!$B:$C,2,0) -> A5 | AB38: =C38 -> P5_MDIP
F39: Max | H39: =MAX(H31:H38) -> 1713.39 | V39: Max | X39: =MAX(X31:X38) -> 27125
F40: Min | H40: =MIN(H31:H38) -> 1713.35 | V40: Min | X40: =MIN(X31:X38) -> 26700.75
F41: Max-Min | H41: =ABS(H39-H40) -> 0.04 | V41: Max-Min | X41: =ABS(X39-X40) -> 424.25
A44: Site | B44: Pin No | C44: Pin Name | D44: Net | E44: Length | F44: Net | G44: Length | H44: DUT-> Choke ( E + G ) 此處為最短距離 | I44: Net | J44: Length | K44: Net | L44: Length | M44: Net | N44: Length | O44: Net | P44: Length | Q44: Net | R44: Length | S44: Net | T44: Length | V44: Golden -> Choke Net (此處為最短距離) | W44: Length | X44: Total Length (mils) | Y44: P/N Difference (mils) | Z44: Golden | AA44: Pin No | AB44: Pin Name | AC44: Note
A45: SITE0 | B45: =VLOOKUP(C45,PinNo!$B:$C,2,0) -> B5 | C45: P6_MDIN | D45: =VLOOKUP(CONCATENATE($A45,".",$B45),Netlist_VTable!$H:$I,2,0) -> S0_P6_MDI- | E45: =VLOOKUP(D45,EtchLengthFromLayout!$A:$B,2,0) -> 2735.42 | F45: =CONCATENATE("S",MID($A45,5,1),"_U1_",SUBSTITUTE($C45,"IN","I-") ) -> S0_U1_P6_MDI- | G45: =VLOOKUP(F45,EtchLengthFromLayout!$A:$B,2,0) -> 531.49 | H45: =E45+G45 -> 3266.91 | I45: =CONCATENATE("S",MID($A45,5,1),"_U2_",SUBSTITUTE($C45,"IN","I-") ) -> S0_U2_P6_MDI- | J45: =VLOOKUP(I45,EtchLengthFromLayout!$A:$B,2,0) -> 105.98 | K45: =CONCATENATE("S",MID($A45,5,1),"_U3_",SUBSTITUTE($C45,"IN","I-") ) -> S0_U3_P6_MDI- | L45: =VLOOKUP(K45,EtchLengthFromLayout!$A:$B,2,0) -> 11827.18 | M45: =CONCATENATE("S",MID($A45,5,1),"_U4PILB_",SUBSTITUTE($C45,"IN","I-") ) -> S0_U4PILB_P6_MDI- | N45: =VLOOKUP(M45,EtchLengthFromLayout!$A:$B,2,0) -> 5805.79 | Q45: =SUBSTITUTE($V45,"_P","_2_P") -> SG0_2_P6_MDI- | R45: =VLOOKUP(Q45,EtchLengthFromLayout!$A:$B,2,0) -> 5254.61 | S45: =SUBSTITUTE($V45,"_P","_1_P") -> SG0_1_P6_MDI- | T45: =VLOOKUP(S45,EtchLengthFromLayout!$A:$B,2,0) -> 102.2 | V45: =VLOOKUP(CONCATENATE($Z45,".",$AA45),Netlist_VTable!$H:$I,2,0) -> SG0_P6_MDI- | W45: =VLOOKUP(V45,EtchLengthFromLayout!$A:$B,2,0) -> 230.8 | X45: =E45+G45+J45+L45+N45+P45+R45+T45+W45 -> 26593.47 | Y45: =ABS(X45-X46) -> 0.17 | Z45: GOLD0 | AA45: =VLOOKUP(AB45,PinNo!$B:$C,2,0) -> B5 | AB45: =C45 -> P6_MDIN | AC45: DUT to Golden Port P6
A46: SITE0 | B46: =VLOOKUP(C46,PinNo!$B:$C,2,0) -> B6 | C46: P6_MDIP | D46: =VLOOKUP(CONCATENATE($A46,".",$B46),Netlist_VTable!$H:$I,2,0) -> S0_P6_MDI+ | E46: =VLOOKUP(D46,EtchLengthFromLayout!$A:$B,2,0) -> 2735.36 | F46: =CONCATENATE("S",MID($A46,5,1),"_U1_",SUBSTITUTE($C46,"IP","I+") ) -> S0_U1_P6_MDI+ | G46: =VLOOKUP(F46,EtchLengthFromLayout!$A:$B,2,0) -> 531.3 | H46: =E46+G46 -> 3266.66 | I46: =CONCATENATE("S",MID($A46,5,1),"_U2_",SUBSTITUTE($C46,"IP","I+") ) -> S0_U2_P6_MDI+ | J46: =VLOOKUP(I46,EtchLengthFromLayout!$A:$B,2,0) -> 105.79 | K46: =CONCATENATE("S",MID($A46,5,1),"_U3_",SUBSTITUTE($C46,"IP","I+") ) -> S0_U3_P6_MDI+ | L46: =VLOOKUP(K46,EtchLengthFromLayout!$A:$B,2,0) -> 11827.22 | M46: =CONCATENATE("S",MID($A46,5,1),"_U4PILB_",SUBSTITUTE($C46,"IP","I+") ) -> S0_U4PILB_P6_MDI+ | N46: =VLOOKUP(M46,EtchLengthFromLayout!$A:$B,2,0) -> 5805.79 | Q46: =SUBSTITUTE($V46,"_P","_2_P") -> SG0_2_P6_MDI+ | R46: =VLOOKUP(Q46,EtchLengthFromLayout!$A:$B,2,0) -> 5254.61 | S46: =SUBSTITUTE($V46,"_P","_1_P") -> SG0_1_P6_MDI+ | T46: =VLOOKUP(S46,EtchLengthFromLayout!$A:$B,2,0) -> 100.38 | V46: =VLOOKUP(CONCATENATE($Z46,".",$AA46),Netlist_VTable!$H:$I,2,0) -> SG0_P6_MDI+ | W46: =VLOOKUP(V46,EtchLengthFromLayout!$A:$B,2,0) -> 232.85 | X46: =E46+G46+J46+L46+N46+P46+R46+T46+W46 -> 26593.3 | Y46: =IF(Y45<=5,"OK, Tolerance<= 5 mil", "Not OK, Tolerance > 5 mil") -> OK, Tolerance<= 5 mil | Z46: GOLD0 | AA46: =VLOOKUP(AB46,PinNo!$B:$C,2,0) -> B6 | AB46: =C46 -> P6_MDIP
A47: SITE1 | B47: =VLOOKUP(C47,PinNo!$B:$C,2,0) -> B5 | C47: P6_MDIN | D47: =VLOOKUP(CONCATENATE($A47,".",$B47),Netlist_VTable!$H:$I,2,0) -> S1_P6_MDI- | E47: =VLOOKUP(D47,EtchLengthFromLayout!$A:$B,2,0) -> 2735.42 | F47: =CONCATENATE("S",MID($A47,5,1),"_U1_",SUBSTITUTE($C47,"IN","I-") ) -> S1_U1_P6_MDI- | G47: =VLOOKUP(F47,EtchLengthFromLayout!$A:$B,2,0) -> 531.49 | H47: =E47+G47 -> 3266.91 | I47: =CONCATENATE("S",MID($A47,5,1),"_U2_",SUBSTITUTE($C47,"IN","I-") ) -> S1_U2_P6_MDI- | J47: =VLOOKUP(I47,EtchLengthFromLayout!$A:$B,2,0) -> 105.98 | K47: =CONCATENATE("S",MID($A47,5,1),"_U3_",SUBSTITUTE($C47,"IN","I-") ) -> S1_U3_P6_MDI- | L47: =VLOOKUP(K47,EtchLengthFromLayout!$A:$B,2,0) -> 14398.32 | M47: =CONCATENATE("S",MID($A47,5,1),"_U4PILB_",SUBSTITUTE($C47,"IN","I-") ) -> S1_U4PILB_P6_MDI- | N47: =VLOOKUP(M47,EtchLengthFromLayout!$A:$B,2,0) -> 938.3 | Q47: =SUBSTITUTE($V47,"_P","_2_P") -> SG1_2_P6_MDI- | R47: =VLOOKUP(Q47,EtchLengthFromLayout!$A:$B,2,0) -> 7567.12 | S47: =SUBSTITUTE($V47,"_P","_1_P") -> SG1_1_P6_MDI- | T47: =VLOOKUP(S47,EtchLengthFromLayout!$A:$B,2,0) -> 102.2 | V47: =VLOOKUP(CONCATENATE($Z47,".",$AA47),Netlist_VTable!$H:$I,2,0) -> SG1_P6_MDI- | W47: =VLOOKUP(V47,EtchLengthFromLayout!$A:$B,2,0) -> 230.8 | X47: =E47+G47+J47+L47+N47+P47+R47+T47+W47 -> 26609.63 | Y47: =ABS(X47-X48) -> 0.16 | Z47: GOLD1 | AA47: =VLOOKUP(AB47,PinNo!$B:$C,2,0) -> B5 | AB47: =C47 -> P6_MDIN
A48: SITE1 | B48: =VLOOKUP(C48,PinNo!$B:$C,2,0) -> B6 | C48: P6_MDIP | D48: =VLOOKUP(CONCATENATE($A48,".",$B48),Netlist_VTable!$H:$I,2,0) -> S1_P6_MDI+ | E48: =VLOOKUP(D48,EtchLengthFromLayout!$A:$B,2,0) -> 2735.36 | F48: =CONCATENATE("S",MID($A48,5,1),"_U1_",SUBSTITUTE($C48,"IP","I+") ) -> S1_U1_P6_MDI+ | G48: =VLOOKUP(F48,EtchLengthFromLayout!$A:$B,2,0) -> 531.3 | H48: =E48+G48 -> 3266.66 | I48: =CONCATENATE("S",MID($A48,5,1),"_U2_",SUBSTITUTE($C48,"IP","I+") ) -> S1_U2_P6_MDI+ | J48: =VLOOKUP(I48,EtchLengthFromLayout!$A:$B,2,0) -> 105.79 | K48: =CONCATENATE("S",MID($A48,5,1),"_U3_",SUBSTITUTE($C48,"IP","I+") ) -> S1_U3_P6_MDI+ | L48: =VLOOKUP(K48,EtchLengthFromLayout!$A:$B,2,0) -> 14398.33 | M48: =CONCATENATE("S",MID($A48,5,1),"_U4PILB_",SUBSTITUTE($C48,"IP","I+") ) -> S1_U4PILB_P6_MDI+ | N48: =VLOOKUP(M48,EtchLengthFromLayout!$A:$B,2,0) -> 938.3 | Q48: =SUBSTITUTE($V48,"_P","_2_P") -> SG1_2_P6_MDI+ | R48: =VLOOKUP(Q48,EtchLengthFromLayout!$A:$B,2,0) -> 7567.16 | S48: =SUBSTITUTE($V48,"_P","_1_P") -> SG1_1_P6_MDI+ | T48: =VLOOKUP(S48,EtchLengthFromLayout!$A:$B,2,0) -> 100.38 | V48: =VLOOKUP(CONCATENATE($Z48,".",$AA48),Netlist_VTable!$H:$I,2,0) -> SG1_P6_MDI+ | W48: =VLOOKUP(V48,EtchLengthFromLayout!$A:$B,2,0) -> 232.85 | X48: =E48+G48+J48+L48+N48+P48+R48+T48+W48 -> 26609.47 | Y48: =IF(Y47<=5,"OK, Tolerance<= 5 mil", "Not OK, Tolerance > 5 mil") -> OK, Tolerance<= 5 mil | Z48: GOLD1 | AA48: =VLOOKUP(AB48,PinNo!$B:$C,2,0) -> B6 | AB48: =C48 -> P6_MDIP
A49: SITE2 | B49: =VLOOKUP(C49,PinNo!$B:$C,2,0) -> B5 | C49: P6_MDIN | D49: =VLOOKUP(CONCATENATE($A49,".",$B49),Netlist_VTable!$H:$I,2,0) -> S2_P6_MDI- | E49: =VLOOKUP(D49,EtchLengthFromLayout!$A:$B,2,0) -> 2735.42 | F49: =CONCATENATE("S",MID($A49,5,1),"_U1_",SUBSTITUTE($C49,"IN","I-") ) -> S2_U1_P6_MDI- | G49: =VLOOKUP(F49,EtchLengthFromLayout!$A:$B,2,0) -> 531.49 | H49: =E49+G49 -> 3266.91 | I49: =CONCATENATE("S",MID($A49,5,1),"_U2_",SUBSTITUTE($C49,"IN","I-") ) -> S2_U2_P6_MDI- | J49: =VLOOKUP(I49,EtchLengthFromLayout!$A:$B,2,0) -> 105.98 | K49: =CONCATENATE("S",MID($A49,5,1),"_U3_",SUBSTITUTE($C49,"IN","I-") ) -> S2_U3_P6_MDI- | L49: =VLOOKUP(K49,EtchLengthFromLayout!$A:$B,2,0) -> 10397.53 | M49: =CONCATENATE("S",MID($A49,5,1),"_U4PILB_",SUBSTITUTE($C49,"IN","I-") ) -> S2_U4PILB_P6_MDI- | N49: =VLOOKUP(M49,EtchLengthFromLayout!$A:$B,2,0) -> 6147.78 | Q49: =SUBSTITUTE($V49,"_P","_2_P") -> SG2_2_P6_MDI- | R49: =VLOOKUP(Q49,EtchLengthFromLayout!$A:$B,2,0) -> 6480.02 | S49: =SUBSTITUTE($V49,"_P","_1_P") -> SG2_1_P6_MDI- | T49: =VLOOKUP(S49,EtchLengthFromLayout!$A:$B,2,0) -> 102.2 | V49: =VLOOKUP(CONCATENATE($Z49,".",$AA49),Netlist_VTable!$H:$I,2,0) -> SG2_P6_MDI- | W49: =VLOOKUP(V49,EtchLengthFromLayout!$A:$B,2,0) -> 230.8 | X49: =E49+G49+J49+L49+N49+P49+R49+T49+W49 -> 26731.22 | Y49: =ABS(X49-X50) -> 0.28 | Z49: GOLD2 | AA49: =VLOOKUP(AB49,PinNo!$B:$C,2,0) -> B5 | AB49: =C49 -> P6_MDIN
A50: SITE2 | B50: =VLOOKUP(C50,PinNo!$B:$C,2,0) -> B6 | C50: P6_MDIP | D50: =VLOOKUP(CONCATENATE($A50,".",$B50),Netlist_VTable!$H:$I,2,0) -> S2_P6_MDI+ | E50: =VLOOKUP(D50,EtchLengthFromLayout!$A:$B,2,0) -> 2735.36 | F50: =CONCATENATE("S",MID($A50,5,1),"_U1_",SUBSTITUTE($C50,"IP","I+") ) -> S2_U1_P6_MDI+ | G50: =VLOOKUP(F50,EtchLengthFromLayout!$A:$B,2,0) -> 531.3 | H50: =E50+G50 -> 3266.66 | I50: =CONCATENATE("S",MID($A50,5,1),"_U2_",SUBSTITUTE($C50,"IP","I+") ) -> S2_U2_P6_MDI+ | J50: =VLOOKUP(I50,EtchLengthFromLayout!$A:$B,2,0) -> 105.79 | K50: =CONCATENATE("S",MID($A50,5,1),"_U3_",SUBSTITUTE($C50,"IP","I+") ) -> S2_U3_P6_MDI+ | L50: =VLOOKUP(K50,EtchLengthFromLayout!$A:$B,2,0) -> 10397.5 | M50: =CONCATENATE("S",MID($A50,5,1),"_U4PILB_",SUBSTITUTE($C50,"IP","I+") ) -> S2_U4PILB_P6_MDI+ | N50: =VLOOKUP(M50,EtchLengthFromLayout!$A:$B,2,0) -> 6147.78 | Q50: =SUBSTITUTE($V50,"_P","_2_P") -> SG2_2_P6_MDI+ | R50: =VLOOKUP(Q50,EtchLengthFromLayout!$A:$B,2,0) -> 6479.98 | S50: =SUBSTITUTE($V50,"_P","_1_P") -> SG2_1_P6_MDI+ | T50: =VLOOKUP(S50,EtchLengthFromLayout!$A:$B,2,0) -> 100.38 | V50: =VLOOKUP(CONCATENATE($Z50,".",$AA50),Netlist_VTable!$H:$I,2,0) -> SG2_P6_MDI+ | W50: =VLOOKUP(V50,EtchLengthFromLayout!$A:$B,2,0) -> 232.85 | X50: =E50+G50+J50+L50+N50+P50+R50+T50+W50 -> 26730.94 | Y50: =IF(Y49<=5,"OK, Tolerance<= 5 mil", "Not OK, Tolerance > 5 mil") -> OK, Tolerance<= 5 mil | Z50: GOLD2 | AA50: =VLOOKUP(AB50,PinNo!$B:$C,2,0) -> B6 | AB50: =C50 -> P6_MDIP
A51: SITE3 | B51: =VLOOKUP(C51,PinNo!$B:$C,2,0) -> B5 | C51: P6_MDIN | D51: =VLOOKUP(CONCATENATE($A51,".",$B51),Netlist_VTable!$H:$I,2,0) -> S3_P6_MDI- | E51: =VLOOKUP(D51,EtchLengthFromLayout!$A:$B,2,0) -> 2735.42 | F51: =CONCATENATE("S",MID($A51,5,1),"_U1_",SUBSTITUTE($C51,"IN","I-") ) -> S3_U1_P6_MDI- | G51: =VLOOKUP(F51,EtchLengthFromLayout!$A:$B,2,0) -> 531.49 | H51: =E51+G51 -> 3266.91 | I51: =CONCATENATE("S",MID($A51,5,1),"_U2_",SUBSTITUTE($C51,"IN","I-") ) -> S3_U2_P6_MDI- | J51: =VLOOKUP(I51,EtchLengthFromLayout!$A:$B,2,0) -> 105.98 | K51: =CONCATENATE("S",MID($A51,5,1),"_U3_",SUBSTITUTE($C51,"IN","I-") ) -> S3_U3_P6_MDI- | L51: =VLOOKUP(K51,EtchLengthFromLayout!$A:$B,2,0) -> 13610.87 | M51: =CONCATENATE("S",MID($A51,5,1),"_U4PILB_",SUBSTITUTE($C51,"IN","I-") ) -> S3_U4PILB_P6_MDI- | N51: =VLOOKUP(M51,EtchLengthFromLayout!$A:$B,2,0) -> 5141.53 | Q51: =SUBSTITUTE($V51,"_P","_2_P") -> SG3_2_P6_MDI- | R51: =VLOOKUP(Q51,EtchLengthFromLayout!$A:$B,2,0) -> 4237.55 | S51: =SUBSTITUTE($V51,"_P","_1_P") -> SG3_1_P6_MDI- | T51: =VLOOKUP(S51,EtchLengthFromLayout!$A:$B,2,0) -> 102.2 | V51: =VLOOKUP(CONCATENATE($Z51,".",$AA51),Netlist_VTable!$H:$I,2,0) -> SG3_P6_MDI- | W51: =VLOOKUP(V51,EtchLengthFromLayout!$A:$B,2,0) -> 230.8 | X51: =E51+G51+J51+L51+N51+P51+R51+T51+W51 -> 26695.84 | Y51: =ABS(X51-X52) -> 0.21 | Z51: GOLD3 | AA51: =VLOOKUP(AB51,PinNo!$B:$C,2,0) -> B5 | AB51: =C51 -> P6_MDIN
A52: SITE3 | B52: =VLOOKUP(C52,PinNo!$B:$C,2,0) -> B6 | C52: P6_MDIP | D52: =VLOOKUP(CONCATENATE($A52,".",$B52),Netlist_VTable!$H:$I,2,0) -> S3_P6_MDI+ | E52: =VLOOKUP(D52,EtchLengthFromLayout!$A:$B,2,0) -> 2735.36 | F52: =CONCATENATE("S",MID($A52,5,1),"_U1_",SUBSTITUTE($C52,"IP","I+") ) -> S3_U1_P6_MDI+ | G52: =VLOOKUP(F52,EtchLengthFromLayout!$A:$B,2,0) -> 531.3 | H52: =E52+G52 -> 3266.66 | I52: =CONCATENATE("S",MID($A52,5,1),"_U2_",SUBSTITUTE($C52,"IP","I+") ) -> S3_U2_P6_MDI+ | J52: =VLOOKUP(I52,EtchLengthFromLayout!$A:$B,2,0) -> 105.79 | K52: =CONCATENATE("S",MID($A52,5,1),"_U3_",SUBSTITUTE($C52,"IP","I+") ) -> S3_U3_P6_MDI+ | L52: =VLOOKUP(K52,EtchLengthFromLayout!$A:$B,2,0) -> 13610.87 | M52: =CONCATENATE("S",MID($A52,5,1),"_U4PILB_",SUBSTITUTE($C52,"IP","I+") ) -> S3_U4PILB_P6_MDI+ | N52: =VLOOKUP(M52,EtchLengthFromLayout!$A:$B,2,0) -> 5141.53 | Q52: =SUBSTITUTE($V52,"_P","_2_P") -> SG3_2_P6_MDI+ | R52: =VLOOKUP(Q52,EtchLengthFromLayout!$A:$B,2,0) -> 4237.55 | S52: =SUBSTITUTE($V52,"_P","_1_P") -> SG3_1_P6_MDI+ | T52: =VLOOKUP(S52,EtchLengthFromLayout!$A:$B,2,0) -> 100.38 | V52: =VLOOKUP(CONCATENATE($Z52,".",$AA52),Netlist_VTable!$H:$I,2,0) -> SG3_P6_MDI+ | W52: =VLOOKUP(V52,EtchLengthFromLayout!$A:$B,2,0) -> 232.85 | X52: =E52+G52+J52+L52+N52+P52+R52+T52+W52 -> 26695.63 | Y52: =IF(Y51<=5,"OK, Tolerance<= 5 mil", "Not OK, Tolerance > 5 mil") -> OK, Tolerance<= 5 mil | Z52: GOLD3 | AA52: =VLOOKUP(AB52,PinNo!$B:$C,2,0) -> B6 | AB52: =C52 -> P6_MDIP
F53: Max | H53: =MAX(H45:H52) -> 3266.91 | V53: Max | X53: =MAX(X45:X52) -> 26731.22
F54: Min | H54: =MIN(H45:H52) -> 3266.66 | V54: Min | X54: =MIN(X45:X52) -> 26593.3
F55: Max-Min | H55: =ABS(H53-H54) -> 0.25 | V55: Max-Min | X55: =ABS(X53-X54) -> 137.92
V59: All Port
V60: Max | X60: =MAX(X11,X25,X39,X53) -> 27559.8
V61: Min | X61: =MIN(X12,X26,X40,X54) -> 26593.3
V62: Max-Min | X62: =ABS(X60-X61) -> 966.5
V63: Tolerence Check | X63: =IF(X62<=1000,"OK, Tolerance<= 1000 mils", "Not OK, Tolerance > 1000 mils") -> OK, Tolerance<= 1000 mils
A68: DUT Port [ 0 : 1, 5 : 6 ] to MQS Plus Golden to MQS | I68: All Site All Port Length Matching Error 1000 mils | M68: Adjust this Net for Length Matching | O68: Adjust this Net for Length Matching
A69: Site | B69: Pin No | C69: Pin Name | D69: Net | E69: Length | F69: Net | G69: Length | H69: DUT-> Choke ( E + G ) 此處為最短距離 | I69: Net | J69: Length | K69: Net | L69: Length | M69: Net | N69: Length | O69: Net | P69: Length | Q69: Net | R69: Length | S69: Net | T69: Length | V69: Golden -> Choke Net (此處為最短距離) | W69: Length | X69: Total Length (mils) | Y69: P/N Difference (mils) | Z69: Golden | AA69: Pin No | AB69: Pin Name | AC69: Note
A70: SITE0 | B70: =VLOOKUP(C70,PinNo!$B:$C,2,0) -> A2 | C70: P0_MDIN | D70: =VLOOKUP(CONCATENATE($A70,".",$B70),Netlist_VTable!$H:$I,2,0) -> S0_P0_MDI- | E70: =VLOOKUP(D70,EtchLengthFromLayout!$A:$B,2,0) -> 1134.84 | F70: =CONCATENATE("S",MID($A70,5,1),"_U1_",SUBSTITUTE($C70,"IN","I-") ) -> S0_U1_P0_MDI- | G70: =VLOOKUP(F70,EtchLengthFromLayout!$A:$B,2,0) -> 522.65 | H70: =E70+G70 -> 1657.49 | I70: =CONCATENATE("S",MID($A70,5,1),"_U2_",SUBSTITUTE($C70,"IN","I-") ) -> S0_U2_P0_MDI- | J70: =VLOOKUP(I70,EtchLengthFromLayout!$A:$B,2,0) -> 105.98 | K70: =CONCATENATE("S",MID($A70,5,1),"_U3_",SUBSTITUTE($C70,"IN","I-") ) -> S0_U3_P0_MDI- | L70: =VLOOKUP(K70,EtchLengthFromLayout!$A:$B,2,0) -> 11501.22 | M70: =CONCATENATE("S",MID($A70,5,1),"_U4PI_",SUBSTITUTE($C70,"IN","I-") ) -> S0_U4PI_P0_MDI- | N70: =VLOOKUP(M70,EtchLengthFromLayout!$A:$B,2,0) -> 5648.27 | O70: =SUBSTITUTE($V70,"_P","_3PI_P") -> SG0_3PI_P0_MDI- | P70: =VLOOKUP(O70,EtchLengthFromLayout!$A:$B,2,0) -> 3981.78 | Q70: =SUBSTITUTE($V70,"_P","_2_P") -> SG0_2_P0_MDI- | R70: =VLOOKUP(Q70,EtchLengthFromLayout!$A:$B,2,0) -> 3643.12 | S70: =SUBSTITUTE($V70,"_P","_1_P") -> SG0_1_P0_MDI- | T70: =VLOOKUP(S70,EtchLengthFromLayout!$A:$B,2,0) -> 102.2 | V70: =VLOOKUP(CONCATENATE($Z70,".",$AA70),Netlist_VTable!$H:$I,2,0) -> SG0_P0_MDI- | W70: =VLOOKUP(V70,EtchLengthFromLayout!$A:$B,2,0) -> 919.84 | X70: =E70+G70+J70+L70+N70+P70+R70+T70+W70 -> 27559.9 | Y70: =ABS(X70-X71) -> 1.96 | Z70: GOLD0 | AA70: =VLOOKUP(AB70,PinNo!$B:$C,2,0) -> A2 | AB70: =C70 -> P0_MDIN | AC70: DUT To MQS Plus Golden to MQS Port P0
A71: SITE0 | B71: =VLOOKUP(C71,PinNo!$B:$C,2,0) -> A3 | C71: P0_MDIP | D71: =VLOOKUP(CONCATENATE($A71,".",$B71),Netlist_VTable!$H:$I,2,0) -> S0_P0_MDI+ | E71: =VLOOKUP(D71,EtchLengthFromLayout!$A:$B,2,0) -> 1134.85 | F71: =CONCATENATE("S",MID($A71,5,1),"_U1_",SUBSTITUTE($C71,"IP","I+") ) -> S0_U1_P0_MDI+ | G71: =VLOOKUP(F71,EtchLengthFromLayout!$A:$B,2,0) -> 522.6 | H71: =E71+G71 -> 1657.45 | I71: =CONCATENATE("S",MID($A71,5,1),"_U2_",SUBSTITUTE($C71,"IP","I+") ) -> S0_U2_P0_MDI+ | J71: =VLOOKUP(I71,EtchLengthFromLayout!$A:$B,2,0) -> 105.79 | K71: =CONCATENATE("S",MID($A71,5,1),"_U3_",SUBSTITUTE($C71,"IP","I+") ) -> S0_U3_P0_MDI+ | L71: =VLOOKUP(K71,EtchLengthFromLayout!$A:$B,2,0) -> 11501.22 | M71: =CONCATENATE("S",MID($A71,5,1),"_U4PI_",SUBSTITUTE($C71,"IP","I+") ) -> S0_U4PI_P0_MDI+ | N71: =VLOOKUP(M71,EtchLengthFromLayout!$A:$B,2,0) -> 5648.28 | O71: =SUBSTITUTE($V71,"_P","_3PI_P") -> SG0_3PI_P0_MDI+ | P71: =VLOOKUP(O71,EtchLengthFromLayout!$A:$B,2,0) -> 3981.85 | Q71: =SUBSTITUTE($V71,"_P","_2_P") -> SG0_2_P0_MDI+ | R71: =VLOOKUP(Q71,EtchLengthFromLayout!$A:$B,2,0) -> 3643.12 | S71: =SUBSTITUTE($V71,"_P","_1_P") -> SG0_1_P0_MDI+ | T71: =VLOOKUP(S71,EtchLengthFromLayout!$A:$B,2,0) -> 100.38 | V71: =VLOOKUP(CONCATENATE($Z71,".",$AA71),Netlist_VTable!$H:$I,2,0) -> SG0_P0_MDI+ | W71: =VLOOKUP(V71,EtchLengthFromLayout!$A:$B,2,0) -> 919.85 | X71: =E71+G71+J71+L71+N71+P71+R71+T71+W71 -> 27557.94 | Y71: =IF(Y70<=5,"OK, Tolerance<= 5 mil", "Not OK, Tolerance > 5 mil") -> OK, Tolerance<= 5 mil | Z71: GOLD0 | AA71: =VLOOKUP(AB71,PinNo!$B:$C,2,0) -> A3 | AB71: =C71 -> P0_MDIP
A72: SITE1 | B72: =VLOOKUP(C72,PinNo!$B:$C,2,0) -> A2 | C72: P0_MDIN | D72: =VLOOKUP(CONCATENATE($A72,".",$B72),Netlist_VTable!$H:$I,2,0) -> S1_P0_MDI- | E72: =VLOOKUP(D72,EtchLengthFromLayout!$A:$B,2,0) -> 1134.84 | F72: =CONCATENATE("S",MID($A72,5,1),"_U1_",SUBSTITUTE($C72,"IN","I-") ) -> S1_U1_P0_MDI- | G72: =VLOOKUP(F72,EtchLengthFromLayout!$A:$B,2,0) -> 522.65 | H72: =E72+G72 -> 1657.49 | I72: =CONCATENATE("S",MID($A72,5,1),"_U2_",SUBSTITUTE($C72,"IN","I-") ) -> S1_U2_P0_MDI- | J72: =VLOOKUP(I72,EtchLengthFromLayout!$A:$B,2,0) -> 105.98 | K72: =CONCATENATE("S",MID($A72,5,1),"_U3_",SUBSTITUTE($C72,"IN","I-") ) -> S1_U3_P0_MDI- | L72: =VLOOKUP(K72,EtchLengthFromLayout!$A:$B,2,0) -> 14717.28 | M72: =CONCATENATE("S",MID($A72,5,1),"_U4PI_",SUBSTITUTE($C72,"IN","I-") ) -> S1_U4PI_P0_MDI- | N72: =VLOOKUP(M72,EtchLengthFromLayout!$A:$B,2,0) -> 2507.58 | O72: =SUBSTITUTE($V72,"_P","_3PI_P") -> SG1_3PI_P0_MDI- | P72: =VLOOKUP(O72,EtchLengthFromLayout!$A:$B,2,0) -> 1841.89 | Q72: =SUBSTITUTE($V72,"_P","_2_P") -> SG1_2_P0_MDI- | R72: =VLOOKUP(Q72,EtchLengthFromLayout!$A:$B,2,0) -> 5782.96 | S72: =SUBSTITUTE($V72,"_P","_1_P") -> SG1_1_P0_MDI- | T72: =VLOOKUP(S72,EtchLengthFromLayout!$A:$B,2,0) -> 102.2 | V72: =VLOOKUP(CONCATENATE($Z72,".",$AA72),Netlist_VTable!$H:$I,2,0) -> SG1_P0_MDI- | W72: =VLOOKUP(V72,EtchLengthFromLayout!$A:$B,2,0) -> 919.84 | X72: =E72+G72+J72+L72+N72+P72+R72+T72+W72 -> 27635.22 | Y72: =ABS(X72-X73) -> 1.98 | Z72: GOLD1 | AA72: =VLOOKUP(AB72,PinNo!$B:$C,2,0) -> A2 | AB72: =C72 -> P0_MDIN
A73: SITE1 | B73: =VLOOKUP(C73,PinNo!$B:$C,2,0) -> A3 | C73: P0_MDIP | D73: =VLOOKUP(CONCATENATE($A73,".",$B73),Netlist_VTable!$H:$I,2,0) -> S1_P0_MDI+ | E73: =VLOOKUP(D73,EtchLengthFromLayout!$A:$B,2,0) -> 1134.85 | F73: =CONCATENATE("S",MID($A73,5,1),"_U1_",SUBSTITUTE($C73,"IP","I+") ) -> S1_U1_P0_MDI+ | G73: =VLOOKUP(F73,EtchLengthFromLayout!$A:$B,2,0) -> 522.6 | H73: =E73+G73 -> 1657.45 | I73: =CONCATENATE("S",MID($A73,5,1),"_U2_",SUBSTITUTE($C73,"IP","I+") ) -> S1_U2_P0_MDI+ | J73: =VLOOKUP(I73,EtchLengthFromLayout!$A:$B,2,0) -> 105.79 | K73: =CONCATENATE("S",MID($A73,5,1),"_U3_",SUBSTITUTE($C73,"IP","I+") ) -> S1_U3_P0_MDI+ | L73: =VLOOKUP(K73,EtchLengthFromLayout!$A:$B,2,0) -> 14717.28 | M73: =CONCATENATE("S",MID($A73,5,1),"_U4PI_",SUBSTITUTE($C73,"IP","I+") ) -> S1_U4PI_P0_MDI+ | N73: =VLOOKUP(M73,EtchLengthFromLayout!$A:$B,2,0) -> 2507.59 | O73: =SUBSTITUTE($V73,"_P","_3PI_P") -> SG1_3PI_P0_MDI+ | P73: =VLOOKUP(O73,EtchLengthFromLayout!$A:$B,2,0) -> 1841.95 | Q73: =SUBSTITUTE($V73,"_P","_2_P") -> SG1_2_P0_MDI+ | R73: =VLOOKUP(Q73,EtchLengthFromLayout!$A:$B,2,0) -> 5782.96 | S73: =SUBSTITUTE($V73,"_P","_1_P") -> SG1_1_P0_MDI+ | T73: =VLOOKUP(S73,EtchLengthFromLayout!$A:$B,2,0) -> 100.38 | V73: =VLOOKUP(CONCATENATE($Z73,".",$AA73),Netlist_VTable!$H:$I,2,0) -> SG1_P0_MDI+ | W73: =VLOOKUP(V73,EtchLengthFromLayout!$A:$B,2,0) -> 919.84 | X73: =E73+G73+J73+L73+N73+P73+R73+T73+W73 -> 27633.24 | Y73: =IF(Y72<=5,"OK, Tolerance<= 5 mil", "Not OK, Tolerance > 5 mil") -> OK, Tolerance<= 5 mil | Z73: GOLD1 | AA73: =VLOOKUP(AB73,PinNo!$B:$C,2,0) -> A3 | AB73: =C73 -> P0_MDIP
A74: SITE2 | B74: =VLOOKUP(C74,PinNo!$B:$C,2,0) -> A2 | C74: P0_MDIN | D74: =VLOOKUP(CONCATENATE($A74,".",$B74),Netlist_VTable!$H:$I,2,0) -> S2_P0_MDI- | E74: =VLOOKUP(D74,EtchLengthFromLayout!$A:$B,2,0) -> 1134.84 | F74: =CONCATENATE("S",MID($A74,5,1),"_U1_",SUBSTITUTE($C74,"IN","I-") ) -> S2_U1_P0_MDI- | G74: =VLOOKUP(F74,EtchLengthFromLayout!$A:$B,2,0) -> 522.65 | H74: =E74+G74 -> 1657.49 | I74: =CONCATENATE("S",MID($A74,5,1),"_U2_",SUBSTITUTE($C74,"IN","I-") ) -> S2_U2_P0_MDI- | J74: =VLOOKUP(I74,EtchLengthFromLayout!$A:$B,2,0) -> 105.98 | K74: =CONCATENATE("S",MID($A74,5,1),"_U3_",SUBSTITUTE($C74,"IN","I-") ) -> S2_U3_P0_MDI- | L74: =VLOOKUP(K74,EtchLengthFromLayout!$A:$B,2,0) -> 10446.9 | M74: =CONCATENATE("S",MID($A74,5,1),"_U4PI_",SUBSTITUTE($C74,"IN","I-") ) -> S2_U4PI_P0_MDI- | N74: =VLOOKUP(M74,EtchLengthFromLayout!$A:$B,2,0) -> 6843.76 | O74: =SUBSTITUTE($V74,"_P","_3PI_P") -> SG2_3PI_P0_MDI- | P74: =VLOOKUP(O74,EtchLengthFromLayout!$A:$B,2,0) -> 2835.07 | Q74: =SUBSTITUTE($V74,"_P","_2_P") -> SG2_2_P0_MDI- | R74: =VLOOKUP(Q74,EtchLengthFromLayout!$A:$B,2,0) -> 4788.86 | S74: =SUBSTITUTE($V74,"_P","_1_P") -> SG2_1_P0_MDI- | T74: =VLOOKUP(S74,EtchLengthFromLayout!$A:$B,2,0) -> 102.2 | V74: =VLOOKUP(CONCATENATE($Z74,".",$AA74),Netlist_VTable!$H:$I,2,0) -> SG2_P0_MDI- | W74: =VLOOKUP(V74,EtchLengthFromLayout!$A:$B,2,0) -> 919.84 | X74: =E74+G74+J74+L74+N74+P74+R74+T74+W74 -> 27700.1 | Y74: =ABS(X74-X75) -> 1.96 | Z74: GOLD2 | AA74: =VLOOKUP(AB74,PinNo!$B:$C,2,0) -> A2 | AB74: =C74 -> P0_MDIN
A75: SITE2 | B75: =VLOOKUP(C75,PinNo!$B:$C,2,0) -> A3 | C75: P0_MDIP | D75: =VLOOKUP(CONCATENATE($A75,".",$B75),Netlist_VTable!$H:$I,2,0) -> S2_P0_MDI+ | E75: =VLOOKUP(D75,EtchLengthFromLayout!$A:$B,2,0) -> 1134.85 | F75: =CONCATENATE("S",MID($A75,5,1),"_U1_",SUBSTITUTE($C75,"IP","I+") ) -> S2_U1_P0_MDI+ | G75: =VLOOKUP(F75,EtchLengthFromLayout!$A:$B,2,0) -> 522.6 | H75: =E75+G75 -> 1657.45 | I75: =CONCATENATE("S",MID($A75,5,1),"_U2_",SUBSTITUTE($C75,"IP","I+") ) -> S2_U2_P0_MDI+ | J75: =VLOOKUP(I75,EtchLengthFromLayout!$A:$B,2,0) -> 105.79 | K75: =CONCATENATE("S",MID($A75,5,1),"_U3_",SUBSTITUTE($C75,"IP","I+") ) -> S2_U3_P0_MDI+ | L75: =VLOOKUP(K75,EtchLengthFromLayout!$A:$B,2,0) -> 10446.9 | M75: =CONCATENATE("S",MID($A75,5,1),"_U4PI_",SUBSTITUTE($C75,"IP","I+") ) -> S2_U4PI_P0_MDI+ | N75: =VLOOKUP(M75,EtchLengthFromLayout!$A:$B,2,0) -> 6843.77 | O75: =SUBSTITUTE($V75,"_P","_3PI_P") -> SG2_3PI_P0_MDI+ | P75: =VLOOKUP(O75,EtchLengthFromLayout!$A:$B,2,0) -> 2835.15 | Q75: =SUBSTITUTE($V75,"_P","_2_P") -> SG2_2_P0_MDI+ | R75: =VLOOKUP(Q75,EtchLengthFromLayout!$A:$B,2,0) -> 4788.86 | S75: =SUBSTITUTE($V75,"_P","_1_P") -> SG2_1_P0_MDI+ | T75: =VLOOKUP(S75,EtchLengthFromLayout!$A:$B,2,0) -> 100.38 | V75: =VLOOKUP(CONCATENATE($Z75,".",$AA75),Netlist_VTable!$H:$I,2,0) -> SG2_P0_MDI+ | W75: =VLOOKUP(V75,EtchLengthFromLayout!$A:$B,2,0) -> 919.84 | X75: =E75+G75+J75+L75+N75+P75+R75+T75+W75 -> 27698.14 | Y75: =IF(Y74<=5,"OK, Tolerance<= 5 mil", "Not OK, Tolerance > 5 mil") -> OK, Tolerance<= 5 mil | Z75: GOLD2 | AA75: =VLOOKUP(AB75,PinNo!$B:$C,2,0) -> A3 | AB75: =C75 -> P0_MDIP
A76: SITE3 | B76: =VLOOKUP(C76,PinNo!$B:$C,2,0) -> A2 | C76: P0_MDIN | D76: =VLOOKUP(CONCATENATE($A76,".",$B76),Netlist_VTable!$H:$I,2,0) -> S3_P0_MDI- | E76: =VLOOKUP(D76,EtchLengthFromLayout!$A:$B,2,0) -> 1134.84 | F76: =CONCATENATE("S",MID($A76,5,1),"_U1_",SUBSTITUTE($C76,"IN","I-") ) -> S3_U1_P0_MDI- | G76: =VLOOKUP(F76,EtchLengthFromLayout!$A:$B,2,0) -> 522.65 | H76: =E76+G76 -> 1657.49 | I76: =CONCATENATE("S",MID($A76,5,1),"_U2_",SUBSTITUTE($C76,"IN","I-") ) -> S3_U2_P0_MDI- | J76: =VLOOKUP(I76,EtchLengthFromLayout!$A:$B,2,0) -> 105.98 | K76: =CONCATENATE("S",MID($A76,5,1),"_U3_",SUBSTITUTE($C76,"IN","I-") ) -> S3_U3_P0_MDI- | L76: =VLOOKUP(K76,EtchLengthFromLayout!$A:$B,2,0) -> 15854.55 | M76: =CONCATENATE("S",MID($A76,5,1),"_U4PI_",SUBSTITUTE($C76,"IN","I-") ) -> S3_U4PI_P0_MDI- | N76: =VLOOKUP(M76,EtchLengthFromLayout!$A:$B,2,0) -> 1799.67 | O76: =SUBSTITUTE($V76,"_P","_3PI_P") -> SG3_3PI_P0_MDI- | P76: =VLOOKUP(O76,EtchLengthFromLayout!$A:$B,2,0) -> 5124.4 | Q76: =SUBSTITUTE($V76,"_P","_2_P") -> SG3_2_P0_MDI- | R76: =VLOOKUP(Q76,EtchLengthFromLayout!$A:$B,2,0) -> 2500.46 | S76: =SUBSTITUTE($V76,"_P","_1_P") -> SG3_1_P0_MDI- | T76: =VLOOKUP(S76,EtchLengthFromLayout!$A:$B,2,0) -> 102.2 | V76: =VLOOKUP(CONCATENATE($Z76,".",$AA76),Netlist_VTable!$H:$I,2,0) -> SG3_P0_MDI- | W76: =VLOOKUP(V76,EtchLengthFromLayout!$A:$B,2,0) -> 919.84 | X76: =E76+G76+J76+L76+N76+P76+R76+T76+W76 -> 28064.59 | Y76: =ABS(X76-X77) -> 2.02 | Z76: GOLD3 | AA76: =VLOOKUP(AB76,PinNo!$B:$C,2,0) -> A2 | AB76: =C76 -> P0_MDIN
A77: SITE3 | B77: =VLOOKUP(C77,PinNo!$B:$C,2,0) -> A3 | C77: P0_MDIP | D77: =VLOOKUP(CONCATENATE($A77,".",$B77),Netlist_VTable!$H:$I,2,0) -> S3_P0_MDI+ | E77: =VLOOKUP(D77,EtchLengthFromLayout!$A:$B,2,0) -> 1134.85 | F77: =CONCATENATE("S",MID($A77,5,1),"_U1_",SUBSTITUTE($C77,"IP","I+") ) -> S3_U1_P0_MDI+ | G77: =VLOOKUP(F77,EtchLengthFromLayout!$A:$B,2,0) -> 522.6 | H77: =E77+G77 -> 1657.45 | I77: =CONCATENATE("S",MID($A77,5,1),"_U2_",SUBSTITUTE($C77,"IP","I+") ) -> S3_U2_P0_MDI+ | J77: =VLOOKUP(I77,EtchLengthFromLayout!$A:$B,2,0) -> 105.79 | K77: =CONCATENATE("S",MID($A77,5,1),"_U3_",SUBSTITUTE($C77,"IP","I+") ) -> S3_U3_P0_MDI+ | L77: =VLOOKUP(K77,EtchLengthFromLayout!$A:$B,2,0) -> 15854.51 | M77: =CONCATENATE("S",MID($A77,5,1),"_U4PI_",SUBSTITUTE($C77,"IP","I+") ) -> S3_U4PI_P0_MDI+ | N77: =VLOOKUP(M77,EtchLengthFromLayout!$A:$B,2,0) -> 1799.69 | O77: =SUBSTITUTE($V77,"_P","_3PI_P") -> SG3_3PI_P0_MDI+ | P77: =VLOOKUP(O77,EtchLengthFromLayout!$A:$B,2,0) -> 5124.46 | Q77: =SUBSTITUTE($V77,"_P","_2_P") -> SG3_2_P0_MDI+ | R77: =VLOOKUP(Q77,EtchLengthFromLayout!$A:$B,2,0) -> 2500.45 | S77: =SUBSTITUTE($V77,"_P","_1_P") -> SG3_1_P0_MDI+ | T77: =VLOOKUP(S77,EtchLengthFromLayout!$A:$B,2,0) -> 100.38 | V77: =VLOOKUP(CONCATENATE($Z77,".",$AA77),Netlist_VTable!$H:$I,2,0) -> SG3_P0_MDI+ | W77: =VLOOKUP(V77,EtchLengthFromLayout!$A:$B,2,0) -> 919.84 | X77: =E77+G77+J77+L77+N77+P77+R77+T77+W77 -> 28062.57 | Y77: =IF(Y76<=5,"OK, Tolerance<= 5 mil", "Not OK, Tolerance > 5 mil") -> OK, Tolerance<= 5 mil | Z77: GOLD3 | AA77: =VLOOKUP(AB77,PinNo!$B:$C,2,0) -> A3 | AB77: =C77 -> P0_MDIP
F78: Max | H78: =MAX(H70:H77) -> 1657.49 | V78: Max | X78: =MAX(X70:X77) -> 28064.59
F79: Min | H79: =MIN(H70:H77) -> 1657.45 | V79: Min | X79: =MIN(X70:X77) -> 27557.94
F80: Max-Min | H80: =ABS(H78-H79) -> 0.04 | V80: Max-Min | X80: =ABS(X78-X79) -> 506.65
A83: Site | B83: Pin No | C83: Pin Name | D83: Net | E83: Length | F83: Net | G83: Length | H83: DUT-> Choke ( E + G ) 此處為最短距離 | I83: Net | J83: Length | K83: Net | L83: Length | M83: Net | N83: Length | O83: Net | P83: Length | Q83: Net | R83: Length | S83: Net | T83: Length | V83: Golden -> Choke Net (此處為最短距離) | W83: Length | X83: Total Length (mils) | Y83: P/N Difference (mils) | Z83: Golden | AA83: Pin No | AB83: Pin Name | AC83: Note
A84: SITE0 | B84: =VLOOKUP(C84,PinNo!$B:$C,2,0) -> B3 | C84: P1_MDIN | D84: =VLOOKUP(CONCATENATE($A84,".",$B84),Netlist_VTable!$H:$I,2,0) -> S0_P1_MDI- | E84: =VLOOKUP(D84,EtchLengthFromLayout!$A:$B,2,0) -> 2642.63 | F84: =CONCATENATE("S",MID($A84,5,1),"_U1_",SUBSTITUTE($C84,"IN","I-") ) -> S0_U1_P1_MDI- | G84: =VLOOKUP(F84,EtchLengthFromLayout!$A:$B,2,0) -> 550.79 | H84: =E84+G84 -> 3193.42 | I84: =CONCATENATE("S",MID($A84,5,1),"_U2_",SUBSTITUTE($C84,"IN","I-") ) -> S0_U2_P1_MDI- | J84: =VLOOKUP(I84,EtchLengthFromLayout!$A:$B,2,0) -> 105.98 | K84: =CONCATENATE("S",MID($A84,5,1),"_U3_",SUBSTITUTE($C84,"IN","I-") ) -> S0_U3_P1_MDI- | L84: =VLOOKUP(K84,EtchLengthFromLayout!$A:$B,2,0) -> 11123.43 | M84: =CONCATENATE("S",MID($A84,5,1),"_U4PI_",SUBSTITUTE($C84,"IN","I-") ) -> S0_U4PI_P1_MDI- | N84: =VLOOKUP(M84,EtchLengthFromLayout!$A:$B,2,0) -> 4536.97 | O84: =SUBSTITUTE($V84,"_P","_3PI_P") -> SG0_3PI_P1_MDI- | P84: =VLOOKUP(O84,EtchLengthFromLayout!$A:$B,2,0) -> 3450.13 | Q84: =SUBSTITUTE($V84,"_P","_2_P") -> SG0_2_P1_MDI- | R84: =VLOOKUP(Q84,EtchLengthFromLayout!$A:$B,2,0) -> 3739.06 | S84: =SUBSTITUTE($V84,"_P","_1_P") -> SG0_1_P1_MDI- | T84: =VLOOKUP(S84,EtchLengthFromLayout!$A:$B,2,0) -> 102.2 | V84: =VLOOKUP(CONCATENATE($Z84,".",$AA84),Netlist_VTable!$H:$I,2,0) -> SG0_P1_MDI- | W84: =VLOOKUP(V84,EtchLengthFromLayout!$A:$B,2,0) -> 1188.31 | X84: =E84+G84+J84+L84+N84+P84+R84+T84+W84 -> 27439.5 | Y84: =ABS(X84-X85) -> 2.22 | Z84: GOLD0 | AA84: =VLOOKUP(AB84,PinNo!$B:$C,2,0) -> B3 | AB84: =C84 -> P1_MDIN | AC84: DUT To MQS Plus Golden to MQS Port P1
A85: SITE0 | B85: =VLOOKUP(C85,PinNo!$B:$C,2,0) -> B4 | C85: P1_MDIP | D85: =VLOOKUP(CONCATENATE($A85,".",$B85),Netlist_VTable!$H:$I,2,0) -> S0_P1_MDI+ | E85: =VLOOKUP(D85,EtchLengthFromLayout!$A:$B,2,0) -> 2642.59 | F85: =CONCATENATE("S",MID($A85,5,1),"_U1_",SUBSTITUTE($C85,"IP","I+") ) -> S0_U1_P1_MDI+ | G85: =VLOOKUP(F85,EtchLengthFromLayout!$A:$B,2,0) -> 550.6 | H85: =E85+G85 -> 3193.19 | I85: =CONCATENATE("S",MID($A85,5,1),"_U2_",SUBSTITUTE($C85,"IP","I+") ) -> S0_U2_P1_MDI+ | J85: =VLOOKUP(I85,EtchLengthFromLayout!$A:$B,2,0) -> 105.79 | K85: =CONCATENATE("S",MID($A85,5,1),"_U3_",SUBSTITUTE($C85,"IP","I+") ) -> S0_U3_P1_MDI+ | L85: =VLOOKUP(K85,EtchLengthFromLayout!$A:$B,2,0) -> 11123.43 | M85: =CONCATENATE("S",MID($A85,5,1),"_U4PI_",SUBSTITUTE($C85,"IP","I+") ) -> S0_U4PI_P1_MDI+ | N85: =VLOOKUP(M85,EtchLengthFromLayout!$A:$B,2,0) -> 4537 | O85: =SUBSTITUTE($V85,"_P","_3PI_P") -> SG0_3PI_P1_MDI+ | P85: =VLOOKUP(O85,EtchLengthFromLayout!$A:$B,2,0) -> 3450.12 | Q85: =SUBSTITUTE($V85,"_P","_2_P") -> SG0_2_P1_MDI+ | R85: =VLOOKUP(Q85,EtchLengthFromLayout!$A:$B,2,0) -> 3739.06 | S85: =SUBSTITUTE($V85,"_P","_1_P") -> SG0_1_P1_MDI+ | T85: =VLOOKUP(S85,EtchLengthFromLayout!$A:$B,2,0) -> 100.38 | V85: =VLOOKUP(CONCATENATE($Z85,".",$AA85),Netlist_VTable!$H:$I,2,0) -> SG0_P1_MDI+ | W85: =VLOOKUP(V85,EtchLengthFromLayout!$A:$B,2,0) -> 1188.31 | X85: =E85+G85+J85+L85+N85+P85+R85+T85+W85 -> 27437.28 | Y85: =IF(Y84<=5,"OK, Tolerance<= 5 mil", "Not OK, Tolerance > 5 mil") -> OK, Tolerance<= 5 mil | Z85: GOLD0 | AA85: =VLOOKUP(AB85,PinNo!$B:$C,2,0) -> B4 | AB85: =C85 -> P1_MDIP
A86: SITE1 | B86: =VLOOKUP(C86,PinNo!$B:$C,2,0) -> B3 | C86: P1_MDIN | D86: =VLOOKUP(CONCATENATE($A86,".",$B86),Netlist_VTable!$H:$I,2,0) -> S1_P1_MDI- | E86: =VLOOKUP(D86,EtchLengthFromLayout!$A:$B,2,0) -> 2642.63 | F86: =CONCATENATE("S",MID($A86,5,1),"_U1_",SUBSTITUTE($C86,"IN","I-") ) -> S1_U1_P1_MDI- | G86: =VLOOKUP(F86,EtchLengthFromLayout!$A:$B,2,0) -> 550.79 | H86: =E86+G86 -> 3193.42 | I86: =CONCATENATE("S",MID($A86,5,1),"_U2_",SUBSTITUTE($C86,"IN","I-") ) -> S1_U2_P1_MDI- | J86: =VLOOKUP(I86,EtchLengthFromLayout!$A:$B,2,0) -> 105.98 | K86: =CONCATENATE("S",MID($A86,5,1),"_U3_",SUBSTITUTE($C86,"IN","I-") ) -> S1_U3_P1_MDI- | L86: =VLOOKUP(K86,EtchLengthFromLayout!$A:$B,2,0) -> 13396.34 | M86: =CONCATENATE("S",MID($A86,5,1),"_U4PI_",SUBSTITUTE($C86,"IN","I-") ) -> S1_U4PI_P1_MDI- | N86: =VLOOKUP(M86,EtchLengthFromLayout!$A:$B,2,0) -> 2276.29 | O86: =SUBSTITUTE($V86,"_P","_3PI_P") -> SG1_3PI_P1_MDI- | P86: =VLOOKUP(O86,EtchLengthFromLayout!$A:$B,2,0) -> 1109.79 | Q86: =SUBSTITUTE($V86,"_P","_2_P") -> SG1_2_P1_MDI- | R86: =VLOOKUP(Q86,EtchLengthFromLayout!$A:$B,2,0) -> 6079.93 | S86: =SUBSTITUTE($V86,"_P","_1_P") -> SG1_1_P1_MDI- | T86: =VLOOKUP(S86,EtchLengthFromLayout!$A:$B,2,0) -> 102.2 | V86: =VLOOKUP(CONCATENATE($Z86,".",$AA86),Netlist_VTable!$H:$I,2,0) -> SG1_P1_MDI- | W86: =VLOOKUP(V86,EtchLengthFromLayout!$A:$B,2,0) -> 1188.31 | X86: =E86+G86+J86+L86+N86+P86+R86+T86+W86 -> 27452.26 | Y86: =ABS(X86-X87) -> 2.22 | Z86: GOLD1 | AA86: =VLOOKUP(AB86,PinNo!$B:$C,2,0) -> B3 | AB86: =C86 -> P1_MDIN
A87: SITE1 | B87: =VLOOKUP(C87,PinNo!$B:$C,2,0) -> B4 | C87: P1_MDIP | D87: =VLOOKUP(CONCATENATE($A87,".",$B87),Netlist_VTable!$H:$I,2,0) -> S1_P1_MDI+ | E87: =VLOOKUP(D87,EtchLengthFromLayout!$A:$B,2,0) -> 2642.59 | F87: =CONCATENATE("S",MID($A87,5,1),"_U1_",SUBSTITUTE($C87,"IP","I+") ) -> S1_U1_P1_MDI+ | G87: =VLOOKUP(F87,EtchLengthFromLayout!$A:$B,2,0) -> 550.6 | H87: =E87+G87 -> 3193.19 | I87: =CONCATENATE("S",MID($A87,5,1),"_U2_",SUBSTITUTE($C87,"IP","I+") ) -> S1_U2_P1_MDI+ | J87: =VLOOKUP(I87,EtchLengthFromLayout!$A:$B,2,0) -> 105.79 | K87: =CONCATENATE("S",MID($A87,5,1),"_U3_",SUBSTITUTE($C87,"IP","I+") ) -> S1_U3_P1_MDI+ | L87: =VLOOKUP(K87,EtchLengthFromLayout!$A:$B,2,0) -> 13396.34 | M87: =CONCATENATE("S",MID($A87,5,1),"_U4PI_",SUBSTITUTE($C87,"IP","I+") ) -> S1_U4PI_P1_MDI+ | N87: =VLOOKUP(M87,EtchLengthFromLayout!$A:$B,2,0) -> 2276.31 | O87: =SUBSTITUTE($V87,"_P","_3PI_P") -> SG1_3PI_P1_MDI+ | P87: =VLOOKUP(O87,EtchLengthFromLayout!$A:$B,2,0) -> 1109.78 | Q87: =SUBSTITUTE($V87,"_P","_2_P") -> SG1_2_P1_MDI+ | R87: =VLOOKUP(Q87,EtchLengthFromLayout!$A:$B,2,0) -> 6079.94 | S87: =SUBSTITUTE($V87,"_P","_1_P") -> SG1_1_P1_MDI+ | T87: =VLOOKUP(S87,EtchLengthFromLayout!$A:$B,2,0) -> 100.38 | V87: =VLOOKUP(CONCATENATE($Z87,".",$AA87),Netlist_VTable!$H:$I,2,0) -> SG1_P1_MDI+ | W87: =VLOOKUP(V87,EtchLengthFromLayout!$A:$B,2,0) -> 1188.31 | X87: =E87+G87+J87+L87+N87+P87+R87+T87+W87 -> 27450.04 | Y87: =IF(Y86<=5,"OK, Tolerance<= 5 mil", "Not OK, Tolerance > 5 mil") -> OK, Tolerance<= 5 mil | Z87: GOLD1 | AA87: =VLOOKUP(AB87,PinNo!$B:$C,2,0) -> B4 | AB87: =C87 -> P1_MDIP
A88: SITE2 | B88: =VLOOKUP(C88,PinNo!$B:$C,2,0) -> B3 | C88: P1_MDIN | D88: =VLOOKUP(CONCATENATE($A88,".",$B88),Netlist_VTable!$H:$I,2,0) -> S2_P1_MDI- | E88: =VLOOKUP(D88,EtchLengthFromLayout!$A:$B,2,0) -> 2642.63 | F88: =CONCATENATE("S",MID($A88,5,1),"_U1_",SUBSTITUTE($C88,"IN","I-") ) -> S2_U1_P1_MDI- | G88: =VLOOKUP(F88,EtchLengthFromLayout!$A:$B,2,0) -> 550.79 | H88: =E88+G88 -> 3193.42 | I88: =CONCATENATE("S",MID($A88,5,1),"_U2_",SUBSTITUTE($C88,"IN","I-") ) -> S2_U2_P1_MDI- | J88: =VLOOKUP(I88,EtchLengthFromLayout!$A:$B,2,0) -> 105.98 | K88: =CONCATENATE("S",MID($A88,5,1),"_U3_",SUBSTITUTE($C88,"IN","I-") ) -> S2_U3_P1_MDI- | L88: =VLOOKUP(K88,EtchLengthFromLayout!$A:$B,2,0) -> 10258.76 | M88: =CONCATENATE("S",MID($A88,5,1),"_U4PI_",SUBSTITUTE($C88,"IN","I-") ) -> S2_U4PI_P1_MDI- | N88: =VLOOKUP(M88,EtchLengthFromLayout!$A:$B,2,0) -> 5538.42 | O88: =SUBSTITUTE($V88,"_P","_3PI_P") -> SG2_3PI_P1_MDI- | P88: =VLOOKUP(O88,EtchLengthFromLayout!$A:$B,2,0) -> 2142.7 | Q88: =SUBSTITUTE($V88,"_P","_2_P") -> SG2_2_P1_MDI- | R88: =VLOOKUP(Q88,EtchLengthFromLayout!$A:$B,2,0) -> 5101.48 | S88: =SUBSTITUTE($V88,"_P","_1_P") -> SG2_1_P1_MDI- | T88: =VLOOKUP(S88,EtchLengthFromLayout!$A:$B,2,0) -> 102.2 | V88: =VLOOKUP(CONCATENATE($Z88,".",$AA88),Netlist_VTable!$H:$I,2,0) -> SG2_P1_MDI- | W88: =VLOOKUP(V88,EtchLengthFromLayout!$A:$B,2,0) -> 1188.31 | X88: =E88+G88+J88+L88+N88+P88+R88+T88+W88 -> 27631.27 | Y88: =ABS(X88-X89) -> 2.23 | Z88: GOLD2 | AA88: =VLOOKUP(AB88,PinNo!$B:$C,2,0) -> B3 | AB88: =C88 -> P1_MDIN
A89: SITE2 | B89: =VLOOKUP(C89,PinNo!$B:$C,2,0) -> B4 | C89: P1_MDIP | D89: =VLOOKUP(CONCATENATE($A89,".",$B89),Netlist_VTable!$H:$I,2,0) -> S2_P1_MDI+ | E89: =VLOOKUP(D89,EtchLengthFromLayout!$A:$B,2,0) -> 2642.59 | F89: =CONCATENATE("S",MID($A89,5,1),"_U1_",SUBSTITUTE($C89,"IP","I+") ) -> S2_U1_P1_MDI+ | G89: =VLOOKUP(F89,EtchLengthFromLayout!$A:$B,2,0) -> 550.6 | H89: =E89+G89 -> 3193.19 | I89: =CONCATENATE("S",MID($A89,5,1),"_U2_",SUBSTITUTE($C89,"IP","I+") ) -> S2_U2_P1_MDI+ | J89: =VLOOKUP(I89,EtchLengthFromLayout!$A:$B,2,0) -> 105.79 | K89: =CONCATENATE("S",MID($A89,5,1),"_U3_",SUBSTITUTE($C89,"IP","I+") ) -> S2_U3_P1_MDI+ | L89: =VLOOKUP(K89,EtchLengthFromLayout!$A:$B,2,0) -> 10258.75 | M89: =CONCATENATE("S",MID($A89,5,1),"_U4PI_",SUBSTITUTE($C89,"IP","I+") ) -> S2_U4PI_P1_MDI+ | N89: =VLOOKUP(M89,EtchLengthFromLayout!$A:$B,2,0) -> 5538.45 | O89: =SUBSTITUTE($V89,"_P","_3PI_P") -> SG2_3PI_P1_MDI+ | P89: =VLOOKUP(O89,EtchLengthFromLayout!$A:$B,2,0) -> 2142.68 | Q89: =SUBSTITUTE($V89,"_P","_2_P") -> SG2_2_P1_MDI+ | R89: =VLOOKUP(Q89,EtchLengthFromLayout!$A:$B,2,0) -> 5101.49 | S89: =SUBSTITUTE($V89,"_P","_1_P") -> SG2_1_P1_MDI+ | T89: =VLOOKUP(S89,EtchLengthFromLayout!$A:$B,2,0) -> 100.38 | V89: =VLOOKUP(CONCATENATE($Z89,".",$AA89),Netlist_VTable!$H:$I,2,0) -> SG2_P1_MDI+ | W89: =VLOOKUP(V89,EtchLengthFromLayout!$A:$B,2,0) -> 1188.31 | X89: =E89+G89+J89+L89+N89+P89+R89+T89+W89 -> 27629.04 | Y89: =IF(Y88<=5,"OK, Tolerance<= 5 mil", "Not OK, Tolerance > 5 mil") -> OK, Tolerance<= 5 mil | Z89: GOLD2 | AA89: =VLOOKUP(AB89,PinNo!$B:$C,2,0) -> B4 | AB89: =C89 -> P1_MDIP
A90: SITE3 | B90: =VLOOKUP(C90,PinNo!$B:$C,2,0) -> B3 | C90: P1_MDIN | D90: =VLOOKUP(CONCATENATE($A90,".",$B90),Netlist_VTable!$H:$I,2,0) -> S3_P1_MDI- | E90: =VLOOKUP(D90,EtchLengthFromLayout!$A:$B,2,0) -> 2642.63 | F90: =CONCATENATE("S",MID($A90,5,1),"_U1_",SUBSTITUTE($C90,"IN","I-") ) -> S3_U1_P1_MDI- | G90: =VLOOKUP(F90,EtchLengthFromLayout!$A:$B,2,0) -> 550.79 | H90: =E90+G90 -> 3193.42 | I90: =CONCATENATE("S",MID($A90,5,1),"_U2_",SUBSTITUTE($C90,"IN","I-") ) -> S3_U2_P1_MDI- | J90: =VLOOKUP(I90,EtchLengthFromLayout!$A:$B,2,0) -> 105.98 | K90: =CONCATENATE("S",MID($A90,5,1),"_U3_",SUBSTITUTE($C90,"IN","I-") ) -> S3_U3_P1_MDI- | L90: =VLOOKUP(K90,EtchLengthFromLayout!$A:$B,2,0) -> 14910.24 | M90: =CONCATENATE("S",MID($A90,5,1),"_U4PI_",SUBSTITUTE($C90,"IN","I-") ) -> S3_U4PI_P1_MDI- | N90: =VLOOKUP(M90,EtchLengthFromLayout!$A:$B,2,0) -> 1241.37 | O90: =SUBSTITUTE($V90,"_P","_3PI_P") -> SG3_3PI_P1_MDI- | P90: =VLOOKUP(O90,EtchLengthFromLayout!$A:$B,2,0) -> 4591.62 | Q90: =SUBSTITUTE($V90,"_P","_2_P") -> SG3_2_P1_MDI- | R90: =VLOOKUP(Q90,EtchLengthFromLayout!$A:$B,2,0) -> 2598.12 | S90: =SUBSTITUTE($V90,"_P","_1_P") -> SG3_1_P1_MDI- | T90: =VLOOKUP(S90,EtchLengthFromLayout!$A:$B,2,0) -> 102.2 | V90: =VLOOKUP(CONCATENATE($Z90,".",$AA90),Netlist_VTable!$H:$I,2,0) -> SG3_P1_MDI- | W90: =VLOOKUP(V90,EtchLengthFromLayout!$A:$B,2,0) -> 1188.31 | X90: =E90+G90+J90+L90+N90+P90+R90+T90+W90 -> 27931.26 | Y90: =ABS(X90-X91) -> 2.23 | Z90: GOLD3 | AA90: =VLOOKUP(AB90,PinNo!$B:$C,2,0) -> B3 | AB90: =C90 -> P1_MDIN
A91: SITE3 | B91: =VLOOKUP(C91,PinNo!$B:$C,2,0) -> B4 | C91: P1_MDIP | D91: =VLOOKUP(CONCATENATE($A91,".",$B91),Netlist_VTable!$H:$I,2,0) -> S3_P1_MDI+ | E91: =VLOOKUP(D91,EtchLengthFromLayout!$A:$B,2,0) -> 2642.59 | F91: =CONCATENATE("S",MID($A91,5,1),"_U1_",SUBSTITUTE($C91,"IP","I+") ) -> S3_U1_P1_MDI+ | G91: =VLOOKUP(F91,EtchLengthFromLayout!$A:$B,2,0) -> 550.6 | H91: =E91+G91 -> 3193.19 | I91: =CONCATENATE("S",MID($A91,5,1),"_U2_",SUBSTITUTE($C91,"IP","I+") ) -> S3_U2_P1_MDI+ | J91: =VLOOKUP(I91,EtchLengthFromLayout!$A:$B,2,0) -> 105.79 | K91: =CONCATENATE("S",MID($A91,5,1),"_U3_",SUBSTITUTE($C91,"IP","I+") ) -> S3_U3_P1_MDI+ | L91: =VLOOKUP(K91,EtchLengthFromLayout!$A:$B,2,0) -> 14910.24 | M91: =CONCATENATE("S",MID($A91,5,1),"_U4PI_",SUBSTITUTE($C91,"IP","I+") ) -> S3_U4PI_P1_MDI+ | N91: =VLOOKUP(M91,EtchLengthFromLayout!$A:$B,2,0) -> 1241.39 | O91: =SUBSTITUTE($V91,"_P","_3PI_P") -> SG3_3PI_P1_MDI+ | P91: =VLOOKUP(O91,EtchLengthFromLayout!$A:$B,2,0) -> 4591.6 | Q91: =SUBSTITUTE($V91,"_P","_2_P") -> SG3_2_P1_MDI+ | R91: =VLOOKUP(Q91,EtchLengthFromLayout!$A:$B,2,0) -> 2598.13 | S91: =SUBSTITUTE($V91,"_P","_1_P") -> SG3_1_P1_MDI+ | T91: =VLOOKUP(S91,EtchLengthFromLayout!$A:$B,2,0) -> 100.38 | V91: =VLOOKUP(CONCATENATE($Z91,".",$AA91),Netlist_VTable!$H:$I,2,0) -> SG3_P1_MDI+ | W91: =VLOOKUP(V91,EtchLengthFromLayout!$A:$B,2,0) -> 1188.31 | X91: =E91+G91+J91+L91+N91+P91+R91+T91+W91 -> 27929.03 | Y91: =IF(Y90<=5,"OK, Tolerance<= 5 mil", "Not OK, Tolerance > 5 mil") -> OK, Tolerance<= 5 mil | Z91: GOLD3 | AA91: =VLOOKUP(AB91,PinNo!$B:$C,2,0) -> B4 | AB91: =C91 -> P1_MDIP
F92: Max | H92: =MAX(H84:H91) -> 3193.42 | V92: Max | X92: =MAX(X84:X91) -> 27931.26
F93: Min | H93: =MIN(H84:H91) -> 3193.19 | V93: Min | X93: =MIN(X84:X91) -> 27437.28
F94: Max-Min | H94: =ABS(H92-H93) -> 0.23 | V94: Max-Min | X94: =ABS(X92-X93) -> 493.98
A97: Site | B97: Pin No | C97: Pin Name | D97: Net | E97: Length | F97: Net | G97: Length | H97: DUT-> Choke ( E + G ) 此處為最短距離 | I97: Net | J97: Length | K97: Net | L97: Length | M97: Net | N97: Length | O97: Net | P97: Length | Q97: Net | R97: Length | S97: Net | T97: Length | V97: Golden -> Choke Net (此處為最短距離) | W97: Length | X97: Total Length (mils) | Y97: P/N Difference (mils) | Z97: Golden | AA97: Pin No | AB97: Pin Name | AC97: Note
A98: SITE0 | B98: =VLOOKUP(C98,PinNo!$B:$C,2,0) -> A4 | C98: P5_MDIN | D98: =VLOOKUP(CONCATENATE($A98,".",$B98),Netlist_VTable!$H:$I,2,0) -> S0_P5_MDI- | E98: =VLOOKUP(D98,EtchLengthFromLayout!$A:$B,2,0) -> 1170.74 | F98: =CONCATENATE("S",MID($A98,5,1),"_U1_",SUBSTITUTE($C98,"IN","I-") ) -> S0_U1_P5_MDI- | G98: =VLOOKUP(F98,EtchLengthFromLayout!$A:$B,2,0) -> 542.65 | H98: =E98+G98 -> 1713.39 | I98: =CONCATENATE("S",MID($A98,5,1),"_U2_",SUBSTITUTE($C98,"IN","I-") ) -> S0_U2_P5_MDI- | J98: =VLOOKUP(I98,EtchLengthFromLayout!$A:$B,2,0) -> 105.98 | K98: =CONCATENATE("S",MID($A98,5,1),"_U3_",SUBSTITUTE($C98,"IN","I-") ) -> S0_U3_P5_MDI- | L98: =VLOOKUP(K98,EtchLengthFromLayout!$A:$B,2,0) -> 11458.28 | M98: =CONCATENATE("S",MID($A98,5,1),"_U4PI_",SUBSTITUTE($C98,"IN","I-") ) -> S0_U4PI_P5_MDI- | N98: =VLOOKUP(M98,EtchLengthFromLayout!$A:$B,2,0) -> 5234.98 | O98: =SUBSTITUTE($V98,"_P","_3PI_P") -> SG0_3PI_P5_MDI- | P98: =VLOOKUP(O98,EtchLengthFromLayout!$A:$B,2,0) -> 4134.76 | Q98: =SUBSTITUTE($V98,"_P","_2_P") -> SG0_2_P5_MDI- | R98: =VLOOKUP(Q98,EtchLengthFromLayout!$A:$B,2,0) -> 4457.14 | S98: =SUBSTITUTE($V98,"_P","_1_P") -> SG0_1_P5_MDI- | T98: =VLOOKUP(S98,EtchLengthFromLayout!$A:$B,2,0) -> 102.2 | V98: =VLOOKUP(CONCATENATE($Z98,".",$AA98),Netlist_VTable!$H:$I,2,0) -> SG0_P5_MDI- | W98: =VLOOKUP(V98,EtchLengthFromLayout!$A:$B,2,0) -> 262.05 | X98: =E98+G98+J98+L98+N98+P98+R98+T98+W98 -> 27468.78 | Y98: =ABS(X98-X99) -> 2.08 | Z98: GOLD0 | AA98: =VLOOKUP(AB98,PinNo!$B:$C,2,0) -> A4 | AB98: =C98 -> P5_MDIN | AC98: DUT To MQS Plus Golden to MQS Port P5
A99: SITE0 | B99: =VLOOKUP(C99,PinNo!$B:$C,2,0) -> A5 | C99: P5_MDIP | D99: =VLOOKUP(CONCATENATE($A99,".",$B99),Netlist_VTable!$H:$I,2,0) -> S0_P5_MDI+ | E99: =VLOOKUP(D99,EtchLengthFromLayout!$A:$B,2,0) -> 1170.75 | F99: =CONCATENATE("S",MID($A99,5,1),"_U1_",SUBSTITUTE($C99,"IP","I+") ) -> S0_U1_P5_MDI+ | G99: =VLOOKUP(F99,EtchLengthFromLayout!$A:$B,2,0) -> 542.6 | H99: =E99+G99 -> 1713.35 | I99: =CONCATENATE("S",MID($A99,5,1),"_U2_",SUBSTITUTE($C99,"IP","I+") ) -> S0_U2_P5_MDI+ | J99: =VLOOKUP(I99,EtchLengthFromLayout!$A:$B,2,0) -> 105.79 | K99: =CONCATENATE("S",MID($A99,5,1),"_U3_",SUBSTITUTE($C99,"IP","I+") ) -> S0_U3_P5_MDI+ | L99: =VLOOKUP(K99,EtchLengthFromLayout!$A:$B,2,0) -> 11458.27 | M99: =CONCATENATE("S",MID($A99,5,1),"_U4PI_",SUBSTITUTE($C99,"IP","I+") ) -> S0_U4PI_P5_MDI+ | N99: =VLOOKUP(M99,EtchLengthFromLayout!$A:$B,2,0) -> 5234.99 | O99: =SUBSTITUTE($V99,"_P","_3PI_P") -> SG0_3PI_P5_MDI+ | P99: =VLOOKUP(O99,EtchLengthFromLayout!$A:$B,2,0) -> 4134.74 | Q99: =SUBSTITUTE($V99,"_P","_2_P") -> SG0_2_P5_MDI+ | R99: =VLOOKUP(Q99,EtchLengthFromLayout!$A:$B,2,0) -> 4457.13 | S99: =SUBSTITUTE($V99,"_P","_1_P") -> SG0_1_P5_MDI+ | T99: =VLOOKUP(S99,EtchLengthFromLayout!$A:$B,2,0) -> 100.38 | V99: =VLOOKUP(CONCATENATE($Z99,".",$AA99),Netlist_VTable!$H:$I,2,0) -> SG0_P5_MDI+ | W99: =VLOOKUP(V99,EtchLengthFromLayout!$A:$B,2,0) -> 262.05 | X99: =E99+G99+J99+L99+N99+P99+R99+T99+W99 -> 27466.7 | Y99: =IF(Y98<=5,"OK, Tolerance<= 5 mil", "Not OK, Tolerance > 5 mil") -> OK, Tolerance<= 5 mil | Z99: GOLD0 | AA99: =VLOOKUP(AB99,PinNo!$B:$C,2,0) -> A5 | AB99: =C99 -> P5_MDIP
A100: SITE1 | B100: =VLOOKUP(C100,PinNo!$B:$C,2,0) -> A4 | C100: P5_MDIN | D100: =VLOOKUP(CONCATENATE($A100,".",$B100),Netlist_VTable!$H:$I,2,0) -> S1_P5_MDI- | E100: =VLOOKUP(D100,EtchLengthFromLayout!$A:$B,2,0) -> 1170.74 | F100: =CONCATENATE("S",MID($A100,5,1),"_U1_",SUBSTITUTE($C100,"IN","I-") ) -> S1_U1_P5_MDI- | G100: =VLOOKUP(F100,EtchLengthFromLayout!$A:$B,2,0) -> 542.65 | H100: =E100+G100 -> 1713.39 | I100: =CONCATENATE("S",MID($A100,5,1),"_U2_",SUBSTITUTE($C100,"IN","I-") ) -> S1_U2_P5_MDI- | J100: =VLOOKUP(I100,EtchLengthFromLayout!$A:$B,2,0) -> 105.98 | K100: =CONCATENATE("S",MID($A100,5,1),"_U3_",SUBSTITUTE($C100,"IN","I-") ) -> S1_U3_P5_MDI- | L100: =VLOOKUP(K100,EtchLengthFromLayout!$A:$B,2,0) -> 15055.2 | M100: =CONCATENATE("S",MID($A100,5,1),"_U4PI_",SUBSTITUTE($C100,"IN","I-") ) -> S1_U4PI_P5_MDI- | N100: =VLOOKUP(M100,EtchLengthFromLayout!$A:$B,2,0) -> 2051.07 | O100: =SUBSTITUTE($V100,"_P","_3PI_P") -> SG1_3PI_P5_MDI- | P100: =VLOOKUP(O100,EtchLengthFromLayout!$A:$B,2,0) -> 1752.57 | Q100: =SUBSTITUTE($V100,"_P","_2_P") -> SG1_2_P5_MDI- | R100: =VLOOKUP(Q100,EtchLengthFromLayout!$A:$B,2,0) -> 6839.43 | S100: =SUBSTITUTE($V100,"_P","_1_P") -> SG1_1_P5_MDI- | T100: =VLOOKUP(S100,EtchLengthFromLayout!$A:$B,2,0) -> 102.2 | V100: =VLOOKUP(CONCATENATE($Z100,".",$AA100),Netlist_VTable!$H:$I,2,0) -> SG1_P5_MDI- | W100: =VLOOKUP(V100,EtchLengthFromLayout!$A:$B,2,0) -> 271.07 | X100: =E100+G100+J100+L100+N100+P100+R100+T100+W100 -> 27890.91 | Y100: =ABS(X100-X101) -> 2.06 | Z100: GOLD1 | AA100: =VLOOKUP(AB100,PinNo!$B:$C,2,0) -> A4 | AB100: =C100 -> P5_MDIN
A101: SITE1 | B101: =VLOOKUP(C101,PinNo!$B:$C,2,0) -> A5 | C101: P5_MDIP | D101: =VLOOKUP(CONCATENATE($A101,".",$B101),Netlist_VTable!$H:$I,2,0) -> S1_P5_MDI+ | E101: =VLOOKUP(D101,EtchLengthFromLayout!$A:$B,2,0) -> 1170.75 | F101: =CONCATENATE("S",MID($A101,5,1),"_U1_",SUBSTITUTE($C101,"IP","I+") ) -> S1_U1_P5_MDI+ | G101: =VLOOKUP(F101,EtchLengthFromLayout!$A:$B,2,0) -> 542.6 | H101: =E101+G101 -> 1713.35 | I101: =CONCATENATE("S",MID($A101,5,1),"_U2_",SUBSTITUTE($C101,"IP","I+") ) -> S1_U2_P5_MDI+ | J101: =VLOOKUP(I101,EtchLengthFromLayout!$A:$B,2,0) -> 105.79 | K101: =CONCATENATE("S",MID($A101,5,1),"_U3_",SUBSTITUTE($C101,"IP","I+") ) -> S1_U3_P5_MDI+ | L101: =VLOOKUP(K101,EtchLengthFromLayout!$A:$B,2,0) -> 15055.2 | M101: =CONCATENATE("S",MID($A101,5,1),"_U4PI_",SUBSTITUTE($C101,"IP","I+") ) -> S1_U4PI_P5_MDI+ | N101: =VLOOKUP(M101,EtchLengthFromLayout!$A:$B,2,0) -> 2051.08 | O101: =SUBSTITUTE($V101,"_P","_3PI_P") -> SG1_3PI_P5_MDI+ | P101: =VLOOKUP(O101,EtchLengthFromLayout!$A:$B,2,0) -> 1752.55 | Q101: =SUBSTITUTE($V101,"_P","_2_P") -> SG1_2_P5_MDI+ | R101: =VLOOKUP(Q101,EtchLengthFromLayout!$A:$B,2,0) -> 6839.42 | S101: =SUBSTITUTE($V101,"_P","_1_P") -> SG1_1_P5_MDI+ | T101: =VLOOKUP(S101,EtchLengthFromLayout!$A:$B,2,0) -> 100.38 | V101: =VLOOKUP(CONCATENATE($Z101,".",$AA101),Netlist_VTable!$H:$I,2,0) -> SG1_P5_MDI+ | W101: =VLOOKUP(V101,EtchLengthFromLayout!$A:$B,2,0) -> 271.08 | X101: =E101+G101+J101+L101+N101+P101+R101+T101+W101 -> 27888.85 | Y101: =IF(Y100<=5,"OK, Tolerance<= 5 mil", "Not OK, Tolerance > 5 mil") -> OK, Tolerance<= 5 mil | Z101: GOLD1 | AA101: =VLOOKUP(AB101,PinNo!$B:$C,2,0) -> A5 | AB101: =C101 -> P5_MDIP
A102: SITE2 | B102: =VLOOKUP(C102,PinNo!$B:$C,2,0) -> A4 | C102: P5_MDIN | D102: =VLOOKUP(CONCATENATE($A102,".",$B102),Netlist_VTable!$H:$I,2,0) -> S2_P5_MDI- | E102: =VLOOKUP(D102,EtchLengthFromLayout!$A:$B,2,0) -> 1170.74 | F102: =CONCATENATE("S",MID($A102,5,1),"_U1_",SUBSTITUTE($C102,"IN","I-") ) -> S2_U1_P5_MDI- | G102: =VLOOKUP(F102,EtchLengthFromLayout!$A:$B,2,0) -> 542.65 | H102: =E102+G102 -> 1713.39 | I102: =CONCATENATE("S",MID($A102,5,1),"_U2_",SUBSTITUTE($C102,"IN","I-") ) -> S2_U2_P5_MDI- | J102: =VLOOKUP(I102,EtchLengthFromLayout!$A:$B,2,0) -> 105.98 | K102: =CONCATENATE("S",MID($A102,5,1),"_U3_",SUBSTITUTE($C102,"IN","I-") ) -> S2_U3_P5_MDI- | L102: =VLOOKUP(K102,EtchLengthFromLayout!$A:$B,2,0) -> 10006.79 | M102: =CONCATENATE("S",MID($A102,5,1),"_U4PI_",SUBSTITUTE($C102,"IN","I-") ) -> S2_U4PI_P5_MDI- | N102: =VLOOKUP(M102,EtchLengthFromLayout!$A:$B,2,0) -> 6795.94 | O102: =SUBSTITUTE($V102,"_P","_3PI_P") -> SG2_3PI_P5_MDI- | P102: =VLOOKUP(O102,EtchLengthFromLayout!$A:$B,2,0) -> 2651.8 | Q102: =SUBSTITUTE($V102,"_P","_2_P") -> SG2_2_P5_MDI- | R102: =VLOOKUP(Q102,EtchLengthFromLayout!$A:$B,2,0) -> 5940.07 | S102: =SUBSTITUTE($V102,"_P","_1_P") -> SG2_1_P5_MDI- | T102: =VLOOKUP(S102,EtchLengthFromLayout!$A:$B,2,0) -> 102.2 | V102: =VLOOKUP(CONCATENATE($Z102,".",$AA102),Netlist_VTable!$H:$I,2,0) -> SG2_P5_MDI- | W102: =VLOOKUP(V102,EtchLengthFromLayout!$A:$B,2,0) -> 262.05 | X102: =E102+G102+J102+L102+N102+P102+R102+T102+W102 -> 27578.22 | Y102: =ABS(X102-X103) -> 2.05 | Z102: GOLD2 | AA102: =VLOOKUP(AB102,PinNo!$B:$C,2,0) -> A4 | AB102: =C102 -> P5_MDIN
A103: SITE2 | B103: =VLOOKUP(C103,PinNo!$B:$C,2,0) -> A5 | C103: P5_MDIP | D103: =VLOOKUP(CONCATENATE($A103,".",$B103),Netlist_VTable!$H:$I,2,0) -> S2_P5_MDI+ | E103: =VLOOKUP(D103,EtchLengthFromLayout!$A:$B,2,0) -> 1170.75 | F103: =CONCATENATE("S",MID($A103,5,1),"_U1_",SUBSTITUTE($C103,"IP","I+") ) -> S2_U1_P5_MDI+ | G103: =VLOOKUP(F103,EtchLengthFromLayout!$A:$B,2,0) -> 542.6 | H103: =E103+G103 -> 1713.35 | I103: =CONCATENATE("S",MID($A103,5,1),"_U2_",SUBSTITUTE($C103,"IP","I+") ) -> S2_U2_P5_MDI+ | J103: =VLOOKUP(I103,EtchLengthFromLayout!$A:$B,2,0) -> 105.79 | K103: =CONCATENATE("S",MID($A103,5,1),"_U3_",SUBSTITUTE($C103,"IP","I+") ) -> S2_U3_P5_MDI+ | L103: =VLOOKUP(K103,EtchLengthFromLayout!$A:$B,2,0) -> 10006.79 | M103: =CONCATENATE("S",MID($A103,5,1),"_U4PI_",SUBSTITUTE($C103,"IP","I+") ) -> S2_U4PI_P5_MDI+ | N103: =VLOOKUP(M103,EtchLengthFromLayout!$A:$B,2,0) -> 6795.96 | O103: =SUBSTITUTE($V103,"_P","_3PI_P") -> SG2_3PI_P5_MDI+ | P103: =VLOOKUP(O103,EtchLengthFromLayout!$A:$B,2,0) -> 2651.78 | Q103: =SUBSTITUTE($V103,"_P","_2_P") -> SG2_2_P5_MDI+ | R103: =VLOOKUP(Q103,EtchLengthFromLayout!$A:$B,2,0) -> 5940.07 | S103: =SUBSTITUTE($V103,"_P","_1_P") -> SG2_1_P5_MDI+ | T103: =VLOOKUP(S103,EtchLengthFromLayout!$A:$B,2,0) -> 100.38 | V103: =VLOOKUP(CONCATENATE($Z103,".",$AA103),Netlist_VTable!$H:$I,2,0) -> SG2_P5_MDI+ | W103: =VLOOKUP(V103,EtchLengthFromLayout!$A:$B,2,0) -> 262.05 | X103: =E103+G103+J103+L103+N103+P103+R103+T103+W103 -> 27576.17 | Y103: =IF(Y102<=5,"OK, Tolerance<= 5 mil", "Not OK, Tolerance > 5 mil") -> OK, Tolerance<= 5 mil | Z103: GOLD2 | AA103: =VLOOKUP(AB103,PinNo!$B:$C,2,0) -> A5 | AB103: =C103 -> P5_MDIP
A104: SITE3 | B104: =VLOOKUP(C104,PinNo!$B:$C,2,0) -> A4 | C104: P5_MDIN | D104: =VLOOKUP(CONCATENATE($A104,".",$B104),Netlist_VTable!$H:$I,2,0) -> S3_P5_MDI- | E104: =VLOOKUP(D104,EtchLengthFromLayout!$A:$B,2,0) -> 1170.74 | F104: =CONCATENATE("S",MID($A104,5,1),"_U1_",SUBSTITUTE($C104,"IN","I-") ) -> S3_U1_P5_MDI- | G104: =VLOOKUP(F104,EtchLengthFromLayout!$A:$B,2,0) -> 542.65 | H104: =E104+G104 -> 1713.39 | I104: =CONCATENATE("S",MID($A104,5,1),"_U2_",SUBSTITUTE($C104,"IN","I-") ) -> S3_U2_P5_MDI- | J104: =VLOOKUP(I104,EtchLengthFromLayout!$A:$B,2,0) -> 105.98 | K104: =CONCATENATE("S",MID($A104,5,1),"_U3_",SUBSTITUTE($C104,"IN","I-") ) -> S3_U3_P5_MDI- | L104: =VLOOKUP(K104,EtchLengthFromLayout!$A:$B,2,0) -> 14156.39 | M104: =CONCATENATE("S",MID($A104,5,1),"_U4PI_",SUBSTITUTE($C104,"IN","I-") ) -> S3_U4PI_P5_MDI- | N104: =VLOOKUP(M104,EtchLengthFromLayout!$A:$B,2,0) -> 2707.33 | O104: =SUBSTITUTE($V104,"_P","_3PI_P") -> SG3_3PI_P5_MDI- | P104: =VLOOKUP(O104,EtchLengthFromLayout!$A:$B,2,0) -> 5261.02 | Q104: =SUBSTITUTE($V104,"_P","_2_P") -> SG3_2_P5_MDI- | R104: =VLOOKUP(Q104,EtchLengthFromLayout!$A:$B,2,0) -> 3330.87 | S104: =SUBSTITUTE($V104,"_P","_1_P") -> SG3_1_P5_MDI- | T104: =VLOOKUP(S104,EtchLengthFromLayout!$A:$B,2,0) -> 102.2 | V104: =VLOOKUP(CONCATENATE($Z104,".",$AA104),Netlist_VTable!$H:$I,2,0) -> SG3_P5_MDI- | W104: =VLOOKUP(V104,EtchLengthFromLayout!$A:$B,2,0) -> 271.07 | X104: =E104+G104+J104+L104+N104+P104+R104+T104+W104 -> 27648.25 | Y104: =ABS(X104-X105) -> 2.02 | Z104: GOLD3 | AA104: =VLOOKUP(AB104,PinNo!$B:$C,2,0) -> A4 | AB104: =C104 -> P5_MDIN
A105: SITE3 | B105: =VLOOKUP(C105,PinNo!$B:$C,2,0) -> A5 | C105: P5_MDIP | D105: =VLOOKUP(CONCATENATE($A105,".",$B105),Netlist_VTable!$H:$I,2,0) -> S3_P5_MDI+ | E105: =VLOOKUP(D105,EtchLengthFromLayout!$A:$B,2,0) -> 1170.75 | F105: =CONCATENATE("S",MID($A105,5,1),"_U1_",SUBSTITUTE($C105,"IP","I+") ) -> S3_U1_P5_MDI+ | G105: =VLOOKUP(F105,EtchLengthFromLayout!$A:$B,2,0) -> 542.6 | H105: =E105+G105 -> 1713.35 | I105: =CONCATENATE("S",MID($A105,5,1),"_U2_",SUBSTITUTE($C105,"IP","I+") ) -> S3_U2_P5_MDI+ | J105: =VLOOKUP(I105,EtchLengthFromLayout!$A:$B,2,0) -> 105.79 | K105: =CONCATENATE("S",MID($A105,5,1),"_U3_",SUBSTITUTE($C105,"IP","I+") ) -> S3_U3_P5_MDI+ | L105: =VLOOKUP(K105,EtchLengthFromLayout!$A:$B,2,0) -> 14156.41 | M105: =CONCATENATE("S",MID($A105,5,1),"_U4PI_",SUBSTITUTE($C105,"IP","I+") ) -> S3_U4PI_P5_MDI+ | N105: =VLOOKUP(M105,EtchLengthFromLayout!$A:$B,2,0) -> 2707.35 | O105: =SUBSTITUTE($V105,"_P","_3PI_P") -> SG3_3PI_P5_MDI+ | P105: =VLOOKUP(O105,EtchLengthFromLayout!$A:$B,2,0) -> 5261 | Q105: =SUBSTITUTE($V105,"_P","_2_P") -> SG3_2_P5_MDI+ | R105: =VLOOKUP(Q105,EtchLengthFromLayout!$A:$B,2,0) -> 3330.87 | S105: =SUBSTITUTE($V105,"_P","_1_P") -> SG3_1_P5_MDI+ | T105: =VLOOKUP(S105,EtchLengthFromLayout!$A:$B,2,0) -> 100.38 | V105: =VLOOKUP(CONCATENATE($Z105,".",$AA105),Netlist_VTable!$H:$I,2,0) -> SG3_P5_MDI+ | W105: =VLOOKUP(V105,EtchLengthFromLayout!$A:$B,2,0) -> 271.08 | X105: =E105+G105+J105+L105+N105+P105+R105+T105+W105 -> 27646.23 | Y105: =IF(Y104<=5,"OK, Tolerance<= 5 mil", "Not OK, Tolerance > 5 mil") -> OK, Tolerance<= 5 mil | Z105: GOLD3 | AA105: =VLOOKUP(AB105,PinNo!$B:$C,2,0) -> A5 | AB105: =C105 -> P5_MDIP
F106: Max | H106: =MAX(H98:H105) -> 1713.39 | V106: Max | X106: =MAX(X98:X105) -> 27890.91
F107: Min | H107: =MIN(H98:H105) -> 1713.35 | V107: Min | X107: =MIN(X98:X105) -> 27466.7
F108: Max-Min | H108: =ABS(H106-H107) -> 0.04 | V108: Max-Min | X108: =ABS(X106-X107) -> 424.21
A111: Site | B111: Pin No | C111: Pin Name | D111: Net | E111: Length | F111: Net | G111: Length | H111: DUT-> Choke ( E + G ) 此處為最短距離 | I111: Net | J111: Length | K111: Net | L111: Length | M111: Net | N111: Length | O111: Net | P111: Length | Q111: Net | R111: Length | S111: Net | T111: Length | V111: Golden -> Choke Net (此處為最短距離) | W111: Length | X111: Total Length (mils) | Y111: P/N Difference (mils) | Z111: Golden | AA111: Pin No | AB111: Pin Name | AC111: Note
A112: SITE0 | B112: =VLOOKUP(C112,PinNo!$B:$C,2,0) -> B5 | C112: P6_MDIN | D112: =VLOOKUP(CONCATENATE($A112,".",$B112),Netlist_VTable!$H:$I,2,0) -> S0_P6_MDI- | E112: =VLOOKUP(D112,EtchLengthFromLayout!$A:$B,2,0) -> 2735.42 | F112: =CONCATENATE("S",MID($A112,5,1),"_U1_",SUBSTITUTE($C112,"IN","I-") ) -> S0_U1_P6_MDI- | G112: =VLOOKUP(F112,EtchLengthFromLayout!$A:$B,2,0) -> 531.49 | H112: =E112+G112 -> 3266.91 | I112: =CONCATENATE("S",MID($A112,5,1),"_U2_",SUBSTITUTE($C112,"IN","I-") ) -> S0_U2_P6_MDI- | J112: =VLOOKUP(I112,EtchLengthFromLayout!$A:$B,2,0) -> 105.98 | K112: =CONCATENATE("S",MID($A112,5,1),"_U3_",SUBSTITUTE($C112,"IN","I-") ) -> S0_U3_P6_MDI- | L112: =VLOOKUP(K112,EtchLengthFromLayout!$A:$B,2,0) -> 11827.18 | M112: =CONCATENATE("S",MID($A112,5,1),"_U4PI_",SUBSTITUTE($C112,"IN","I-") ) -> S0_U4PI_P6_MDI- | N112: =VLOOKUP(M112,EtchLengthFromLayout!$A:$B,2,0) -> 3666.5 | O112: =SUBSTITUTE($V112,"_P","_3PI_P") -> SG0_3PI_P6_MDI- | P112: =VLOOKUP(O112,EtchLengthFromLayout!$A:$B,2,0) -> 3385.76 | Q112: =SUBSTITUTE($V112,"_P","_2_P") -> SG0_2_P6_MDI- | R112: =VLOOKUP(Q112,EtchLengthFromLayout!$A:$B,2,0) -> 5254.61 | S112: =SUBSTITUTE($V112,"_P","_1_P") -> SG0_1_P6_MDI- | T112: =VLOOKUP(S112,EtchLengthFromLayout!$A:$B,2,0) -> 102.2 | V112: =VLOOKUP(CONCATENATE($Z112,".",$AA112),Netlist_VTable!$H:$I,2,0) -> SG0_P6_MDI- | W112: =VLOOKUP(V112,EtchLengthFromLayout!$A:$B,2,0) -> 230.8 | X112: =E112+G112+J112+L112+N112+P112+R112+T112+W112 -> 27839.94 | Y112: =ABS(X112-X113) -> 0.19 | Z112: GOLD0 | AA112: =VLOOKUP(AB112,PinNo!$B:$C,2,0) -> B5 | AB112: =C112 -> P6_MDIN | AC112: DUT To MQS Plus Golden to MQS Port P6
A113: SITE0 | B113: =VLOOKUP(C113,PinNo!$B:$C,2,0) -> B6 | C113: P6_MDIP | D113: =VLOOKUP(CONCATENATE($A113,".",$B113),Netlist_VTable!$H:$I,2,0) -> S0_P6_MDI+ | E113: =VLOOKUP(D113,EtchLengthFromLayout!$A:$B,2,0) -> 2735.36 | F113: =CONCATENATE("S",MID($A113,5,1),"_U1_",SUBSTITUTE($C113,"IP","I+") ) -> S0_U1_P6_MDI+ | G113: =VLOOKUP(F113,EtchLengthFromLayout!$A:$B,2,0) -> 531.3 | H113: =E113+G113 -> 3266.66 | I113: =CONCATENATE("S",MID($A113,5,1),"_U2_",SUBSTITUTE($C113,"IP","I+") ) -> S0_U2_P6_MDI+ | J113: =VLOOKUP(I113,EtchLengthFromLayout!$A:$B,2,0) -> 105.79 | K113: =CONCATENATE("S",MID($A113,5,1),"_U3_",SUBSTITUTE($C113,"IP","I+") ) -> S0_U3_P6_MDI+ | L113: =VLOOKUP(K113,EtchLengthFromLayout!$A:$B,2,0) -> 11827.22 | M113: =CONCATENATE("S",MID($A113,5,1),"_U4PI_",SUBSTITUTE($C113,"IP","I+") ) -> S0_U4PI_P6_MDI+ | N113: =VLOOKUP(M113,EtchLengthFromLayout!$A:$B,2,0) -> 3666.48 | O113: =SUBSTITUTE($V113,"_P","_3PI_P") -> SG0_3PI_P6_MDI+ | P113: =VLOOKUP(O113,EtchLengthFromLayout!$A:$B,2,0) -> 3385.76 | Q113: =SUBSTITUTE($V113,"_P","_2_P") -> SG0_2_P6_MDI+ | R113: =VLOOKUP(Q113,EtchLengthFromLayout!$A:$B,2,0) -> 5254.61 | S113: =SUBSTITUTE($V113,"_P","_1_P") -> SG0_1_P6_MDI+ | T113: =VLOOKUP(S113,EtchLengthFromLayout!$A:$B,2,0) -> 100.38 | V113: =VLOOKUP(CONCATENATE($Z113,".",$AA113),Netlist_VTable!$H:$I,2,0) -> SG0_P6_MDI+ | W113: =VLOOKUP(V113,EtchLengthFromLayout!$A:$B,2,0) -> 232.85 | X113: =E113+G113+J113+L113+N113+P113+R113+T113+W113 -> 27839.75 | Y113: =IF(Y112<=5,"OK, Tolerance<= 5 mil", "Not OK, Tolerance > 5 mil") -> OK, Tolerance<= 5 mil | Z113: GOLD0 | AA113: =VLOOKUP(AB113,PinNo!$B:$C,2,0) -> B6 | AB113: =C113 -> P6_MDIP
A114: SITE1 | B114: =VLOOKUP(C114,PinNo!$B:$C,2,0) -> B5 | C114: P6_MDIN | D114: =VLOOKUP(CONCATENATE($A114,".",$B114),Netlist_VTable!$H:$I,2,0) -> S1_P6_MDI- | E114: =VLOOKUP(D114,EtchLengthFromLayout!$A:$B,2,0) -> 2735.42 | F114: =CONCATENATE("S",MID($A114,5,1),"_U1_",SUBSTITUTE($C114,"IN","I-") ) -> S1_U1_P6_MDI- | G114: =VLOOKUP(F114,EtchLengthFromLayout!$A:$B,2,0) -> 531.49 | H114: =E114+G114 -> 3266.91 | I114: =CONCATENATE("S",MID($A114,5,1),"_U2_",SUBSTITUTE($C114,"IN","I-") ) -> S1_U2_P6_MDI- | J114: =VLOOKUP(I114,EtchLengthFromLayout!$A:$B,2,0) -> 105.98 | K114: =CONCATENATE("S",MID($A114,5,1),"_U3_",SUBSTITUTE($C114,"IN","I-") ) -> S1_U3_P6_MDI- | L114: =VLOOKUP(K114,EtchLengthFromLayout!$A:$B,2,0) -> 14398.32 | M114: =CONCATENATE("S",MID($A114,5,1),"_U4PI_",SUBSTITUTE($C114,"IN","I-") ) -> S1_U4PI_P6_MDI- | N114: =VLOOKUP(M114,EtchLengthFromLayout!$A:$B,2,0) -> 1111.43 | O114: =SUBSTITUTE($V114,"_P","_3PI_P") -> SG1_3PI_P6_MDI- | P114: =VLOOKUP(O114,EtchLengthFromLayout!$A:$B,2,0) -> 1073.26 | Q114: =SUBSTITUTE($V114,"_P","_2_P") -> SG1_2_P6_MDI- | R114: =VLOOKUP(Q114,EtchLengthFromLayout!$A:$B,2,0) -> 7567.12 | S114: =SUBSTITUTE($V114,"_P","_1_P") -> SG1_1_P6_MDI- | T114: =VLOOKUP(S114,EtchLengthFromLayout!$A:$B,2,0) -> 102.2 | V114: =VLOOKUP(CONCATENATE($Z114,".",$AA114),Netlist_VTable!$H:$I,2,0) -> SG1_P6_MDI- | W114: =VLOOKUP(V114,EtchLengthFromLayout!$A:$B,2,0) -> 230.8 | X114: =E114+G114+J114+L114+N114+P114+R114+T114+W114 -> 27856.02 | Y114: =ABS(X114-X115) -> 0.17 | Z114: GOLD1 | AA114: =VLOOKUP(AB114,PinNo!$B:$C,2,0) -> B5 | AB114: =C114 -> P6_MDIN
A115: SITE1 | B115: =VLOOKUP(C115,PinNo!$B:$C,2,0) -> B6 | C115: P6_MDIP | D115: =VLOOKUP(CONCATENATE($A115,".",$B115),Netlist_VTable!$H:$I,2,0) -> S1_P6_MDI+ | E115: =VLOOKUP(D115,EtchLengthFromLayout!$A:$B,2,0) -> 2735.36 | F115: =CONCATENATE("S",MID($A115,5,1),"_U1_",SUBSTITUTE($C115,"IP","I+") ) -> S1_U1_P6_MDI+ | G115: =VLOOKUP(F115,EtchLengthFromLayout!$A:$B,2,0) -> 531.3 | H115: =E115+G115 -> 3266.66 | I115: =CONCATENATE("S",MID($A115,5,1),"_U2_",SUBSTITUTE($C115,"IP","I+") ) -> S1_U2_P6_MDI+ | J115: =VLOOKUP(I115,EtchLengthFromLayout!$A:$B,2,0) -> 105.79 | K115: =CONCATENATE("S",MID($A115,5,1),"_U3_",SUBSTITUTE($C115,"IP","I+") ) -> S1_U3_P6_MDI+ | L115: =VLOOKUP(K115,EtchLengthFromLayout!$A:$B,2,0) -> 14398.33 | M115: =CONCATENATE("S",MID($A115,5,1),"_U4PI_",SUBSTITUTE($C115,"IP","I+") ) -> S1_U4PI_P6_MDI+ | N115: =VLOOKUP(M115,EtchLengthFromLayout!$A:$B,2,0) -> 1111.41 | O115: =SUBSTITUTE($V115,"_P","_3PI_P") -> SG1_3PI_P6_MDI+ | P115: =VLOOKUP(O115,EtchLengthFromLayout!$A:$B,2,0) -> 1073.27 | Q115: =SUBSTITUTE($V115,"_P","_2_P") -> SG1_2_P6_MDI+ | R115: =VLOOKUP(Q115,EtchLengthFromLayout!$A:$B,2,0) -> 7567.16 | S115: =SUBSTITUTE($V115,"_P","_1_P") -> SG1_1_P6_MDI+ | T115: =VLOOKUP(S115,EtchLengthFromLayout!$A:$B,2,0) -> 100.38 | V115: =VLOOKUP(CONCATENATE($Z115,".",$AA115),Netlist_VTable!$H:$I,2,0) -> SG1_P6_MDI+ | W115: =VLOOKUP(V115,EtchLengthFromLayout!$A:$B,2,0) -> 232.85 | X115: =E115+G115+J115+L115+N115+P115+R115+T115+W115 -> 27855.85 | Y115: =IF(Y114<=5,"OK, Tolerance<= 5 mil", "Not OK, Tolerance > 5 mil") -> OK, Tolerance<= 5 mil | Z115: GOLD1 | AA115: =VLOOKUP(AB115,PinNo!$B:$C,2,0) -> B6 | AB115: =C115 -> P6_MDIP
A116: SITE2 | B116: =VLOOKUP(C116,PinNo!$B:$C,2,0) -> B5 | C116: P6_MDIN | D116: =VLOOKUP(CONCATENATE($A116,".",$B116),Netlist_VTable!$H:$I,2,0) -> S2_P6_MDI- | E116: =VLOOKUP(D116,EtchLengthFromLayout!$A:$B,2,0) -> 2735.42 | F116: =CONCATENATE("S",MID($A116,5,1),"_U1_",SUBSTITUTE($C116,"IN","I-") ) -> S2_U1_P6_MDI- | G116: =VLOOKUP(F116,EtchLengthFromLayout!$A:$B,2,0) -> 531.49 | H116: =E116+G116 -> 3266.91 | I116: =CONCATENATE("S",MID($A116,5,1),"_U2_",SUBSTITUTE($C116,"IN","I-") ) -> S2_U2_P6_MDI- | J116: =VLOOKUP(I116,EtchLengthFromLayout!$A:$B,2,0) -> 105.98 | K116: =CONCATENATE("S",MID($A116,5,1),"_U3_",SUBSTITUTE($C116,"IN","I-") ) -> S2_U3_P6_MDI- | L116: =VLOOKUP(K116,EtchLengthFromLayout!$A:$B,2,0) -> 10397.53 | M116: =CONCATENATE("S",MID($A116,5,1),"_U4PI_",SUBSTITUTE($C116,"IN","I-") ) -> S2_U4PI_P6_MDI- | N116: =VLOOKUP(M116,EtchLengthFromLayout!$A:$B,2,0) -> 5233.21 | O116: =SUBSTITUTE($V116,"_P","_3PI_P") -> SG2_3PI_P6_MDI- | P116: =VLOOKUP(O116,EtchLengthFromLayout!$A:$B,2,0) -> 2160.5 | Q116: =SUBSTITUTE($V116,"_P","_2_P") -> SG2_2_P6_MDI- | R116: =VLOOKUP(Q116,EtchLengthFromLayout!$A:$B,2,0) -> 6480.02 | S116: =SUBSTITUTE($V116,"_P","_1_P") -> SG2_1_P6_MDI- | T116: =VLOOKUP(S116,EtchLengthFromLayout!$A:$B,2,0) -> 102.2 | V116: =VLOOKUP(CONCATENATE($Z116,".",$AA116),Netlist_VTable!$H:$I,2,0) -> SG2_P6_MDI- | W116: =VLOOKUP(V116,EtchLengthFromLayout!$A:$B,2,0) -> 230.8 | X116: =E116+G116+J116+L116+N116+P116+R116+T116+W116 -> 27977.15 | Y116: =ABS(X116-X117) -> 0.3 | Z116: GOLD2 | AA116: =VLOOKUP(AB116,PinNo!$B:$C,2,0) -> B5 | AB116: =C116 -> P6_MDIN
A117: SITE2 | B117: =VLOOKUP(C117,PinNo!$B:$C,2,0) -> B6 | C117: P6_MDIP | D117: =VLOOKUP(CONCATENATE($A117,".",$B117),Netlist_VTable!$H:$I,2,0) -> S2_P6_MDI+ | E117: =VLOOKUP(D117,EtchLengthFromLayout!$A:$B,2,0) -> 2735.36 | F117: =CONCATENATE("S",MID($A117,5,1),"_U1_",SUBSTITUTE($C117,"IP","I+") ) -> S2_U1_P6_MDI+ | G117: =VLOOKUP(F117,EtchLengthFromLayout!$A:$B,2,0) -> 531.3 | H117: =E117+G117 -> 3266.66 | I117: =CONCATENATE("S",MID($A117,5,1),"_U2_",SUBSTITUTE($C117,"IP","I+") ) -> S2_U2_P6_MDI+ | J117: =VLOOKUP(I117,EtchLengthFromLayout!$A:$B,2,0) -> 105.79 | K117: =CONCATENATE("S",MID($A117,5,1),"_U3_",SUBSTITUTE($C117,"IP","I+") ) -> S2_U3_P6_MDI+ | L117: =VLOOKUP(K117,EtchLengthFromLayout!$A:$B,2,0) -> 10397.5 | M117: =CONCATENATE("S",MID($A117,5,1),"_U4PI_",SUBSTITUTE($C117,"IP","I+") ) -> S2_U4PI_P6_MDI+ | N117: =VLOOKUP(M117,EtchLengthFromLayout!$A:$B,2,0) -> 5233.19 | O117: =SUBSTITUTE($V117,"_P","_3PI_P") -> SG2_3PI_P6_MDI+ | P117: =VLOOKUP(O117,EtchLengthFromLayout!$A:$B,2,0) -> 2160.5 | Q117: =SUBSTITUTE($V117,"_P","_2_P") -> SG2_2_P6_MDI+ | R117: =VLOOKUP(Q117,EtchLengthFromLayout!$A:$B,2,0) -> 6479.98 | S117: =SUBSTITUTE($V117,"_P","_1_P") -> SG2_1_P6_MDI+ | T117: =VLOOKUP(S117,EtchLengthFromLayout!$A:$B,2,0) -> 100.38 | V117: =VLOOKUP(CONCATENATE($Z117,".",$AA117),Netlist_VTable!$H:$I,2,0) -> SG2_P6_MDI+ | W117: =VLOOKUP(V117,EtchLengthFromLayout!$A:$B,2,0) -> 232.85 | X117: =E117+G117+J117+L117+N117+P117+R117+T117+W117 -> 27976.85 | Y117: =IF(Y116<=5,"OK, Tolerance<= 5 mil", "Not OK, Tolerance > 5 mil") -> OK, Tolerance<= 5 mil | Z117: GOLD2 | AA117: =VLOOKUP(AB117,PinNo!$B:$C,2,0) -> B6 | AB117: =C117 -> P6_MDIP
A118: SITE3 | B118: =VLOOKUP(C118,PinNo!$B:$C,2,0) -> B5 | C118: P6_MDIN | D118: =VLOOKUP(CONCATENATE($A118,".",$B118),Netlist_VTable!$H:$I,2,0) -> S3_P6_MDI- | E118: =VLOOKUP(D118,EtchLengthFromLayout!$A:$B,2,0) -> 2735.42 | F118: =CONCATENATE("S",MID($A118,5,1),"_U1_",SUBSTITUTE($C118,"IN","I-") ) -> S3_U1_P6_MDI- | G118: =VLOOKUP(F118,EtchLengthFromLayout!$A:$B,2,0) -> 531.49 | H118: =E118+G118 -> 3266.91 | I118: =CONCATENATE("S",MID($A118,5,1),"_U2_",SUBSTITUTE($C118,"IN","I-") ) -> S3_U2_P6_MDI- | J118: =VLOOKUP(I118,EtchLengthFromLayout!$A:$B,2,0) -> 105.98 | K118: =CONCATENATE("S",MID($A118,5,1),"_U3_",SUBSTITUTE($C118,"IN","I-") ) -> S3_U3_P6_MDI- | L118: =VLOOKUP(K118,EtchLengthFromLayout!$A:$B,2,0) -> 13610.87 | M118: =CONCATENATE("S",MID($A118,5,1),"_U4PI_",SUBSTITUTE($C118,"IN","I-") ) -> S3_U4PI_P6_MDI- | N118: =VLOOKUP(M118,EtchLengthFromLayout!$A:$B,2,0) -> 1985.15 | O118: =SUBSTITUTE($V118,"_P","_3PI_P") -> SG3_3PI_P6_MDI- | P118: =VLOOKUP(O118,EtchLengthFromLayout!$A:$B,2,0) -> 4402.8 | Q118: =SUBSTITUTE($V118,"_P","_2_P") -> SG3_2_P6_MDI- | R118: =VLOOKUP(Q118,EtchLengthFromLayout!$A:$B,2,0) -> 4237.55 | S118: =SUBSTITUTE($V118,"_P","_1_P") -> SG3_1_P6_MDI- | T118: =VLOOKUP(S118,EtchLengthFromLayout!$A:$B,2,0) -> 102.2 | V118: =VLOOKUP(CONCATENATE($Z118,".",$AA118),Netlist_VTable!$H:$I,2,0) -> SG3_P6_MDI- | W118: =VLOOKUP(V118,EtchLengthFromLayout!$A:$B,2,0) -> 230.8 | X118: =E118+G118+J118+L118+N118+P118+R118+T118+W118 -> 27942.26 | Y118: =ABS(X118-X119) -> 0.23 | Z118: GOLD3 | AA118: =VLOOKUP(AB118,PinNo!$B:$C,2,0) -> B5 | AB118: =C118 -> P6_MDIN
A119: SITE3 | B119: =VLOOKUP(C119,PinNo!$B:$C,2,0) -> B6 | C119: P6_MDIP | D119: =VLOOKUP(CONCATENATE($A119,".",$B119),Netlist_VTable!$H:$I,2,0) -> S3_P6_MDI+ | E119: =VLOOKUP(D119,EtchLengthFromLayout!$A:$B,2,0) -> 2735.36 | F119: =CONCATENATE("S",MID($A119,5,1),"_U1_",SUBSTITUTE($C119,"IP","I+") ) -> S3_U1_P6_MDI+ | G119: =VLOOKUP(F119,EtchLengthFromLayout!$A:$B,2,0) -> 531.3 | H119: =E119+G119 -> 3266.66 | I119: =CONCATENATE("S",MID($A119,5,1),"_U2_",SUBSTITUTE($C119,"IP","I+") ) -> S3_U2_P6_MDI+ | J119: =VLOOKUP(I119,EtchLengthFromLayout!$A:$B,2,0) -> 105.79 | K119: =CONCATENATE("S",MID($A119,5,1),"_U3_",SUBSTITUTE($C119,"IP","I+") ) -> S3_U3_P6_MDI+ | L119: =VLOOKUP(K119,EtchLengthFromLayout!$A:$B,2,0) -> 13610.87 | M119: =CONCATENATE("S",MID($A119,5,1),"_U4PI_",SUBSTITUTE($C119,"IP","I+") ) -> S3_U4PI_P6_MDI+ | N119: =VLOOKUP(M119,EtchLengthFromLayout!$A:$B,2,0) -> 1985.13 | O119: =SUBSTITUTE($V119,"_P","_3PI_P") -> SG3_3PI_P6_MDI+ | P119: =VLOOKUP(O119,EtchLengthFromLayout!$A:$B,2,0) -> 4402.8 | Q119: =SUBSTITUTE($V119,"_P","_2_P") -> SG3_2_P6_MDI+ | R119: =VLOOKUP(Q119,EtchLengthFromLayout!$A:$B,2,0) -> 4237.55 | S119: =SUBSTITUTE($V119,"_P","_1_P") -> SG3_1_P6_MDI+ | T119: =VLOOKUP(S119,EtchLengthFromLayout!$A:$B,2,0) -> 100.38 | V119: =VLOOKUP(CONCATENATE($Z119,".",$AA119),Netlist_VTable!$H:$I,2,0) -> SG3_P6_MDI+ | W119: =VLOOKUP(V119,EtchLengthFromLayout!$A:$B,2,0) -> 232.85 | X119: =E119+G119+J119+L119+N119+P119+R119+T119+W119 -> 27942.03 | Y119: =IF(Y118<=5,"OK, Tolerance<= 5 mil", "Not OK, Tolerance > 5 mil") -> OK, Tolerance<= 5 mil | Z119: GOLD3 | AA119: =VLOOKUP(AB119,PinNo!$B:$C,2,0) -> B6 | AB119: =C119 -> P6_MDIP
...

Sheet GIGAPHY
A1: DUT Port [ 2 : 3 ] to Golden | M1: Adjust this Net for Length Matching | Z1: All Site All Port Length Matching Error 1000 mils
A2: Site | B2: Pin No | C2: Pin Name | D2: Net | E2: Length | F2: Net | G2: Length | H2: DUT-> Choke ( E + G ) 此處為最短距離 | I2: Net | J2: Length | K2: Net | L2: Length | M2: Net | N2: Length | O2: Net | P2: Length | Q2: Net | R2: Length | S2: Net | T2: Length | U2: Net | V2: Length | X2: Golden -> Choke Net (此處為最短距離) | Y2: Length | Z2: Total Length (mils) | AA2: P/N Difference (mils) | AB2: Golden | AC2: Pin No | AD2: Pin Name | AE2: Note
A3: SITE0 | B3: =VLOOKUP(C3,PinNo!$B:$C,2,0) -> A15 | C3: P2_GIGA_MDIN | D3: =VLOOKUP(CONCATENATE($A3,".",$B3),Netlist_VTable!$H:$I,2,0) -> S0_P2_GIGA_MDI- | E3: =VLOOKUP(D3,EtchLengthFromLayout!$A:$B,2,0) -> 218.92 | F3: =CONCATENATE("S",MID($A3,5,1),"_U1_",SUBSTITUTE($C3,"IN","I-") ) -> S0_U1_P2_GIGA_MDI- | G3: =VLOOKUP(F3,EtchLengthFromLayout!$A:$B,2,0) -> 100.55 | H3: =E3+G3 -> 319.47 | I3: =CONCATENATE("S",MID($A3,5,1),"_U2_",SUBSTITUTE($C3,"IN","I-") ) -> S0_U2_P2_GIGA_MDI- | J3: =VLOOKUP(I3,EtchLengthFromLayout!$A:$B,2,0) -> 9973.91 | M3: =CONCATENATE("S",MID($A3,5,1),"_LB_",SUBSTITUTE($C3,"IN","I-") ) -> S0_LB_P2_GIGA_MDI- | N3: =VLOOKUP(M3,EtchLengthFromLayout!$A:$B,2,0) -> 581.6 | S3: =SUBSTITUTE($X3,"_P","_2_P") -> SG0_2_P2_GIGA_MDI- | T3: =VLOOKUP(S3,EtchLengthFromLayout!$A:$B,2,0) -> 1203.15 | U3: =SUBSTITUTE($X3,"_P","_1_P") -> SG0_1_P2_GIGA_MDI- | V3: =VLOOKUP(U3,EtchLengthFromLayout!$A:$B,2,0) -> 100.55 | X3: =VLOOKUP(CONCATENATE($AB3,".",$AC3),Netlist_VTable!$H:$I,2,0) -> SG0_P2_GIGA_MDI- | Y3: =VLOOKUP(X3,EtchLengthFromLayout!$A:$B,2,0) -> 935.77 | Z3: =E3+G3+J3+L3+N3+P3+R3+T3+V3+Y3 -> 13114.45 | AA3: =ABS(Z3-Z4) -> 0.83 | AB3: GOLD0 | AC3: =VLOOKUP(AD3,PinNo!$B:$C,2,0) -> A15 | AD3: =C3 -> P2_GIGA_MDIN | AE3: DUT to Golden Port P2
A4: SITE0 | B4: =VLOOKUP(C4,PinNo!$B:$C,2,0) -> A16 | C4: P2_GIGA_MDIP | D4: =VLOOKUP(CONCATENATE($A4,".",$B4),Netlist_VTable!$H:$I,2,0) -> S0_P2_GIGA_MDI+ | E4: =VLOOKUP(D4,EtchLengthFromLayout!$A:$B,2,0) -> 218.92 | F4: =CONCATENATE("S",MID($A4,5,1),"_U1_",SUBSTITUTE($C4,"IP","I+") ) -> S0_U1_P2_GIGA_MDI+ | G4: =VLOOKUP(F4,EtchLengthFromLayout!$A:$B,2,0) -> 100.55 | H4: =E4+G4 -> 319.47 | I4: =CONCATENATE("S",MID($A4,5,1),"_U2_",SUBSTITUTE($C4,"IP","I+") ) -> S0_U2_P2_GIGA_MDI+ | J4: =VLOOKUP(I4,EtchLengthFromLayout!$A:$B,2,0) -> 9973.92 | M4: =CONCATENATE("S",MID($A4,5,1),"_LB_",SUBSTITUTE($C4,"IP","I+") ) -> S0_LB_P2_GIGA_MDI+ | N4: =VLOOKUP(M4,EtchLengthFromLayout!$A:$B,2,0) -> 581.58 | S4: =SUBSTITUTE($X4,"_P","_2_P") -> SG0_2_P2_GIGA_MDI+ | T4: =VLOOKUP(S4,EtchLengthFromLayout!$A:$B,2,0) -> 1203.99 | U4: =SUBSTITUTE($X4,"_P","_1_P") -> SG0_1_P2_GIGA_MDI+ | V4: =VLOOKUP(U4,EtchLengthFromLayout!$A:$B,2,0) -> 100.55 | X4: =VLOOKUP(CONCATENATE($AB4,".",$AC4),Netlist_VTable!$H:$I,2,0) -> SG0_P2_GIGA_MDI+ | Y4: =VLOOKUP(X4,EtchLengthFromLayout!$A:$B,2,0) -> 935.77 | Z4: =E4+G4+J4+L4+N4+P4+R4+T4+V4+Y4 -> 13115.28 | AA4: =IF(AA3<=5,"OK, Tolerance<= 5 mil", "Not OK, Tolerance > 5 mil") -> OK, Tolerance<= 5 mil | AB4: GOLD0 | AC4: =VLOOKUP(AD4,PinNo!$B:$C,2,0) -> A16 | AD4: =C4 -> P2_GIGA_MDIP
A5: SITE1 | B5: =VLOOKUP(C5,PinNo!$B:$C,2,0) -> A15 | C5: P2_GIGA_MDIN | D5: =VLOOKUP(CONCATENATE($A5,".",$B5),Netlist_VTable!$H:$I,2,0) -> S1_P2_GIGA_MDI- | E5: =VLOOKUP(D5,EtchLengthFromLayout!$A:$B,2,0) -> 218.92 | F5: =CONCATENATE("S",MID($A5,5,1),"_U1_",SUBSTITUTE($C5,"IN","I-") ) -> S1_U1_P2_GIGA_MDI- | G5: =VLOOKUP(F5,EtchLengthFromLayout!$A:$B,2,0) -> 100.55 | H5: =E5+G5 -> 319.47 | I5: =CONCATENATE("S",MID($A5,5,1),"_U2_",SUBSTITUTE($C5,"IN","I-") ) -> S1_U2_P2_GIGA_MDI- | J5: =VLOOKUP(I5,EtchLengthFromLayout!$A:$B,2,0) -> 10150.56 | M5: =CONCATENATE("S",MID($A5,5,1),"_LB_",SUBSTITUTE($C5,"IN","I-") ) -> S1_LB_P2_GIGA_MDI- | N5: =VLOOKUP(M5,EtchLengthFromLayout!$A:$B,2,0) -> 581.6 | S5: =SUBSTITUTE($X5,"_P","_2_P") -> SG1_2_P2_GIGA_MDI- | T5: =VLOOKUP(S5,EtchLengthFromLayout!$A:$B,2,0) -> 1711.63 | U5: =SUBSTITUTE($X5,"_P","_1_P") -> SG1_1_P2_GIGA_MDI- | V5: =VLOOKUP(U5,EtchLengthFromLayout!$A:$B,2,0) -> 100.55 | X5: =VLOOKUP(CONCATENATE($AB5,".",$AC5),Netlist_VTable!$H:$I,2,0) -> SG1_P2_GIGA_MDI- | Y5: =VLOOKUP(X5,EtchLengthFromLayout!$A:$B,2,0) -> 935.77 | Z5: =E5+G5+J5+L5+N5+P5+R5+T5+V5+Y5 -> 13799.58 | AA5: =ABS(Z5-Z6) -> 0.81 | AB5: GOLD1 | AC5: =VLOOKUP(AD5,PinNo!$B:$C,2,0) -> A15 | AD5: =C5 -> P2_GIGA_MDIN
A6: SITE1 | B6: =VLOOKUP(C6,PinNo!$B:$C,2,0) -> A16 | C6: P2_GIGA_MDIP | D6: =VLOOKUP(CONCATENATE($A6,".",$B6),Netlist_VTable!$H:$I,2,0) -> S1_P2_GIGA_MDI+ | E6: =VLOOKUP(D6,EtchLengthFromLayout!$A:$B,2,0) -> 218.92 | F6: =CONCATENATE("S",MID($A6,5,1),"_U1_",SUBSTITUTE($C6,"IP","I+") ) -> S1_U1_P2_GIGA_MDI+ | G6: =VLOOKUP(F6,EtchLengthFromLayout!$A:$B,2,0) -> 100.55 | H6: =E6+G6 -> 319.47 | I6: =CONCATENATE("S",MID($A6,5,1),"_U2_",SUBSTITUTE($C6,"IP","I+") ) -> S1_U2_P2_GIGA_MDI+ | J6: =VLOOKUP(I6,EtchLengthFromLayout!$A:$B,2,0) -> 10150.55 | M6: =CONCATENATE("S",MID($A6,5,1),"_LB_",SUBSTITUTE($C6,"IP","I+") ) -> S1_LB_P2_GIGA_MDI+ | N6: =VLOOKUP(M6,EtchLengthFromLayout!$A:$B,2,0) -> 581.58 | S6: =SUBSTITUTE($X6,"_P","_2_P") -> SG1_2_P2_GIGA_MDI+ | T6: =VLOOKUP(S6,EtchLengthFromLayout!$A:$B,2,0) -> 1712.47 | U6: =SUBSTITUTE($X6,"_P","_1_P") -> SG1_1_P2_GIGA_MDI+ | V6: =VLOOKUP(U6,EtchLengthFromLayout!$A:$B,2,0) -> 100.55 | X6: =VLOOKUP(CONCATENATE($AB6,".",$AC6),Netlist_VTable!$H:$I,2,0) -> SG1_P2_GIGA_MDI+ | Y6: =VLOOKUP(X6,EtchLengthFromLayout!$A:$B,2,0) -> 935.77 | Z6: =E6+G6+J6+L6+N6+P6+R6+T6+V6+Y6 -> 13800.39 | AA6: =IF(AA5<=5,"OK, Tolerance<= 5 mil", "Not OK, Tolerance > 5 mil") -> OK, Tolerance<= 5 mil | AB6: GOLD1 | AC6: =VLOOKUP(AD6,PinNo!$B:$C,2,0) -> A16 | AD6: =C6 -> P2_GIGA_MDIP
A7: SITE2 | B7: =VLOOKUP(C7,PinNo!$B:$C,2,0) -> A15 | C7: P2_GIGA_MDIN | D7: =VLOOKUP(CONCATENATE($A7,".",$B7),Netlist_VTable!$H:$I,2,0) -> S2_P2_GIGA_MDI- | E7: =VLOOKUP(D7,EtchLengthFromLayout!$A:$B,2,0) -> 218.92 | F7: =CONCATENATE("S",MID($A7,5,1),"_U1_",SUBSTITUTE($C7,"IN","I-") ) -> S2_U1_P2_GIGA_MDI- | G7: =VLOOKUP(F7,EtchLengthFromLayout!$A:$B,2,0) -> 100.55 | H7: =E7+G7 -> 319.47 | I7: =CONCATENATE("S",MID($A7,5,1),"_U2_",SUBSTITUTE($C7,"IN","I-") ) -> S2_U2_P2_GIGA_MDI- | J7: =VLOOKUP(I7,EtchLengthFromLayout!$A:$B,2,0) -> 10331.21 | M7: =CONCATENATE("S",MID($A7,5,1),"_LB_",SUBSTITUTE($C7,"IN","I-") ) -> S2_LB_P2_GIGA_MDI- | N7: =VLOOKUP(M7,EtchLengthFromLayout!$A:$B,2,0) -> 581.6 | S7: =SUBSTITUTE($X7,"_P","_2_P") -> SG2_2_P2_GIGA_MDI- | T7: =VLOOKUP(S7,EtchLengthFromLayout!$A:$B,2,0) -> 840.95 | U7: =SUBSTITUTE($X7,"_P","_1_P") -> SG2_1_P2_GIGA_MDI- | V7: =VLOOKUP(U7,EtchLengthFromLayout!$A:$B,2,0) -> 100.55 | X7: =VLOOKUP(CONCATENATE($AB7,".",$AC7),Netlist_VTable!$H:$I,2,0) -> SG2_P2_GIGA_MDI- | Y7: =VLOOKUP(X7,EtchLengthFromLayout!$A:$B,2,0) -> 935.77 | Z7: =E7+G7+J7+L7+N7+P7+R7+T7+V7+Y7 -> 13109.55 | AA7: =ABS(Z7-Z8) -> 0.83 | AB7: GOLD2 | AC7: =VLOOKUP(AD7,PinNo!$B:$C,2,0) -> A15 | AD7: =C7 -> P2_GIGA_MDIN
A8: SITE2 | B8: =VLOOKUP(C8,PinNo!$B:$C,2,0) -> A16 | C8: P2_GIGA_MDIP | D8: =VLOOKUP(CONCATENATE($A8,".",$B8),Netlist_VTable!$H:$I,2,0) -> S2_P2_GIGA_MDI+ | E8: =VLOOKUP(D8,EtchLengthFromLayout!$A:$B,2,0) -> 218.92 | F8: =CONCATENATE("S",MID($A8,5,1),"_U1_",SUBSTITUTE($C8,"IP","I+") ) -> S2_U1_P2_GIGA_MDI+ | G8: =VLOOKUP(F8,EtchLengthFromLayout!$A:$B,2,0) -> 100.55 | H8: =E8+G8 -> 319.47 | I8: =CONCATENATE("S",MID($A8,5,1),"_U2_",SUBSTITUTE($C8,"IP","I+") ) -> S2_U2_P2_GIGA_MDI+ | J8: =VLOOKUP(I8,EtchLengthFromLayout!$A:$B,2,0) -> 10331.22 | M8: =CONCATENATE("S",MID($A8,5,1),"_LB_",SUBSTITUTE($C8,"IP","I+") ) -> S2_LB_P2_GIGA_MDI+ | N8: =VLOOKUP(M8,EtchLengthFromLayout!$A:$B,2,0) -> 581.58 | S8: =SUBSTITUTE($X8,"_P","_2_P") -> SG2_2_P2_GIGA_MDI+ | T8: =VLOOKUP(S8,EtchLengthFromLayout!$A:$B,2,0) -> 841.79 | U8: =SUBSTITUTE($X8,"_P","_1_P") -> SG2_1_P2_GIGA_MDI+ | V8: =VLOOKUP(U8,EtchLengthFromLayout!$A:$B,2,0) -> 100.55 | X8: =VLOOKUP(CONCATENATE($AB8,".",$AC8),Netlist_VTable!$H:$I,2,0) -> SG2_P2_GIGA_MDI+ | Y8: =VLOOKUP(X8,EtchLengthFromLayout!$A:$B,2,0) -> 935.77 | Z8: =E8+G8+J8+L8+N8+P8+R8+T8+V8+Y8 -> 13110.38 | AA8: =IF(AA7<=5,"OK, Tolerance<= 5 mil", "Not OK, Tolerance > 5 mil") -> OK, Tolerance<= 5 mil | AB8: GOLD2 | AC8: =VLOOKUP(AD8,PinNo!$B:$C,2,0) -> A16 | AD8: =C8 -> P2_GIGA_MDIP
A9: SITE3 | B9: =VLOOKUP(C9,PinNo!$B:$C,2,0) -> A15 | C9: P2_GIGA_MDIN | D9: =VLOOKUP(CONCATENATE($A9,".",$B9),Netlist_VTable!$H:$I,2,0) -> S3_P2_GIGA_MDI- | E9: =VLOOKUP(D9,EtchLengthFromLayout!$A:$B,2,0) -> 218.92 | F9: =CONCATENATE("S",MID($A9,5,1),"_U1_",SUBSTITUTE($C9,"IN","I-") ) -> S3_U1_P2_GIGA_MDI- | G9: =VLOOKUP(F9,EtchLengthFromLayout!$A:$B,2,0) -> 100.55 | H9: =E9+G9 -> 319.47 | I9: =CONCATENATE("S",MID($A9,5,1),"_U2_",SUBSTITUTE($C9,"IN","I-") ) -> S3_U2_P2_GIGA_MDI- | J9: =VLOOKUP(I9,EtchLengthFromLayout!$A:$B,2,0) -> 10633.21 | M9: =CONCATENATE("S",MID($A9,5,1),"_LB_",SUBSTITUTE($C9,"IN","I-") ) -> S3_LB_P2_GIGA_MDI- | N9: =VLOOKUP(M9,EtchLengthFromLayout!$A:$B,2,0) -> 581.6 | S9: =SUBSTITUTE($X9,"_P","_2_P") -> SG3_2_P2_GIGA_MDI- | T9: =VLOOKUP(S9,EtchLengthFromLayout!$A:$B,2,0) -> 1048.81 | U9: =SUBSTITUTE($X9,"_P","_1_P") -> SG3_1_P2_GIGA_MDI- | V9: =VLOOKUP(U9,EtchLengthFromLayout!$A:$B,2,0) -> 100.55 | X9: =VLOOKUP(CONCATENATE($AB9,".",$AC9),Netlist_VTable!$H:$I,2,0) -> SG3_P2_GIGA_MDI- | Y9: =VLOOKUP(X9,EtchLengthFromLayout!$A:$B,2,0) -> 935.77 | Z9: =E9+G9+J9+L9+N9+P9+R9+T9+V9+Y9 -> 13619.41 | AA9: =ABS(Z9-Z10) -> 0.82 | AB9: GOLD3 | AC9: =VLOOKUP(AD9,PinNo!$B:$C,2,0) -> A15 | AD9: =C9 -> P2_GIGA_MDIN
A10: SITE3 | B10: =VLOOKUP(C10,PinNo!$B:$C,2,0) -> A16 | C10: P2_GIGA_MDIP | D10: =VLOOKUP(CONCATENATE($A10,".",$B10),Netlist_VTable!$H:$I,2,0) -> S3_P2_GIGA_MDI+ | E10: =VLOOKUP(D10,EtchLengthFromLayout!$A:$B,2,0) -> 218.92 | F10: =CONCATENATE("S",MID($A10,5,1),"_U1_",SUBSTITUTE($C10,"IP","I+") ) -> S3_U1_P2_GIGA_MDI+ | G10: =VLOOKUP(F10,EtchLengthFromLayout!$A:$B,2,0) -> 100.55 | H10: =E10+G10 -> 319.47 | I10: =CONCATENATE("S",MID($A10,5,1),"_U2_",SUBSTITUTE($C10,"IP","I+") ) -> S3_U2_P2_GIGA_MDI+ | J10: =VLOOKUP(I10,EtchLengthFromLayout!$A:$B,2,0) -> 10633.21 | M10: =CONCATENATE("S",MID($A10,5,1),"_LB_",SUBSTITUTE($C10,"IP","I+") ) -> S3_LB_P2_GIGA_MDI+ | N10: =VLOOKUP(M10,EtchLengthFromLayout!$A:$B,2,0) -> 581.58 | S10: =SUBSTITUTE($X10,"_P","_2_P") -> SG3_2_P2_GIGA_MDI+ | T10: =VLOOKUP(S10,EtchLengthFromLayout!$A:$B,2,0) -> 1049.65 | U10: =SUBSTITUTE($X10,"_P","_1_P") -> SG3_1_P2_GIGA_MDI+ | V10: =VLOOKUP(U10,EtchLengthFromLayout!$A:$B,2,0) -> 100.55 | X10: =VLOOKUP(CONCATENATE($AB10,".",$AC10),Netlist_VTable!$H:$I,2,0) -> SG3_P2_GIGA_MDI+ | Y10: =VLOOKUP(X10,EtchLengthFromLayout!$A:$B,2,0) -> 935.77 | Z10: =E10+G10+J10+L10+N10+P10+R10+T10+V10+Y10 -> 13620.23 | AA10: =IF(AA9<=5,"OK, Tolerance<= 5 mil", "Not OK, Tolerance > 5 mil") -> OK, Tolerance<= 5 mil | AB10: GOLD3 | AC10: =VLOOKUP(AD10,PinNo!$B:$C,2,0) -> A16 | AD10: =C10 -> P2_GIGA_MDIP
H11: =MAX(H3:H10) -> 319.47 | X11: Max | Z11: =MAX(Z3:Z10) -> 13800.39
H12: =MIN(H3:H10) -> 319.47 | X12: Min | Z12: =MIN(Z3:Z10) -> 13109.55
H13: =ABS(H11-H12) -> 0 | X13: Max-Min | Z13: =ABS(Z11-Z12) -> 690.84
A16: Site | B16: Pin No | C16: Pin Name | D16: Net | E16: Length | F16: Net | G16: Length | H16: DUT-> Choke ( E + G ) 此處為最短距離 | I16: Net | J16: Length | K16: Net | L16: Length | M16: Net | N16: Length | O16: Net | P16: Length | Q16: Net | R16: Length | S16: Net | T16: Length | U16: Net | V16: Length | X16: Golden -> Choke Net (此處為最短距離) | Y16: Length | Z16: Total Length (mils) | AA16: P/N Difference (mils) | AB16: Golden | AC16: Pin No | AD16: Pin Name | AE16: Note
A17: SITE0 | B17: =VLOOKUP(C17,PinNo!$B:$C,2,0) -> A17 | C17: P3_GIGA_MDIN | D17: =VLOOKUP(CONCATENATE($A17,".",$B17),Netlist_VTable!$H:$I,2,0) -> S0_P3_GIGA_MDI- | E17: =VLOOKUP(D17,EtchLengthFromLayout!$A:$B,2,0) -> 218.92 | F17: =CONCATENATE("S",MID($A17,5,1),"_U1_",SUBSTITUTE($C17,"IN","I-") ) -> S0_U1_P3_GIGA_MDI- | G17: =VLOOKUP(F17,EtchLengthFromLayout!$A:$B,2,0) -> 100.55 | H17: =E17+G17 -> 319.47 | I17: =CONCATENATE("S",MID($A17,5,1),"_U2_",SUBSTITUTE($C17,"IN","I-") ) -> S0_U2_P3_GIGA_MDI- | J17: =VLOOKUP(I17,EtchLengthFromLayout!$A:$B,2,0) -> 10284.2 | M17: =CONCATENATE("S",MID($A17,5,1),"_LB_",SUBSTITUTE($C17,"IN","I-") ) -> S0_LB_P3_GIGA_MDI- | N17: =VLOOKUP(M17,EtchLengthFromLayout!$A:$B,2,0) -> 591.55 | S17: =SUBSTITUTE($X17,"_P","_2_P") -> SG0_2_P3_GIGA_MDI- | T17: =VLOOKUP(S17,EtchLengthFromLayout!$A:$B,2,0) -> 1244.56 | U17: =SUBSTITUTE($X17,"_P","_1_P") -> SG0_1_P3_GIGA_MDI- | V17: =VLOOKUP(U17,EtchLengthFromLayout!$A:$B,2,0) -> 100.55 | X17: =VLOOKUP(CONCATENATE($AB17,".",$AC17),Netlist_VTable!$H:$I,2,0) -> SG0_P3_GIGA_MDI- | Y17: =VLOOKUP(X17,EtchLengthFromLayout!$A:$B,2,0) -> 985.37 | Z17: =E17+G17+J17+L17+N17+P17+R17+T17+V17+Y17 -> 13525.7 | AA17: =ABS(Z17-Z18) -> 0 | AB17: GOLD0 | AC17: =VLOOKUP(AD17,PinNo!$B:$C,2,0) -> A17 | AD17: =C17 -> P3_GIGA_MDIN | AE17: DUT to Golden Port P3
A18: SITE0 | B18: =VLOOKUP(C18,PinNo!$B:$C,2,0) -> A18 | C18: P3_GIGA_MDIP | D18: =VLOOKUP(CONCATENATE($A18,".",$B18),Netlist_VTable!$H:$I,2,0) -> S0_P3_GIGA_MDI+ | E18: =VLOOKUP(D18,EtchLengthFromLayout!$A:$B,2,0) -> 218.92 | F18: =CONCATENATE("S",MID($A18,5,1),"_U1_",SUBSTITUTE($C18,"IP","I+") ) -> S0_U1_P3_GIGA_MDI+ | G18: =VLOOKUP(F18,EtchLengthFromLayout!$A:$B,2,0) -> 100.55 | H18: =E18+G18 -> 319.47 | I18: =CONCATENATE("S",MID($A18,5,1),"_U2_",SUBSTITUTE($C18,"IP","I+") ) -> S0_U2_P3_GIGA_MDI+ | J18: =VLOOKUP(I18,EtchLengthFromLayout!$A:$B,2,0) -> 10284.19 | M18: =CONCATENATE("S",MID($A18,5,1),"_LB_",SUBSTITUTE($C18,"IP","I+") ) -> S0_LB_P3_GIGA_MDI+ | N18: =VLOOKUP(M18,EtchLengthFromLayout!$A:$B,2,0) -> 591.55 | S18: =SUBSTITUTE($X18,"_P","_2_P") -> SG0_2_P3_GIGA_MDI+ | T18: =VLOOKUP(S18,EtchLengthFromLayout!$A:$B,2,0) -> 1244.57 | U18: =SUBSTITUTE($X18,"_P","_1_P") -> SG0_1_P3_GIGA_MDI+ | V18: =VLOOKUP(U18,EtchLengthFromLayout!$A:$B,2,0) -> 100.55 | X18: =VLOOKUP(CONCATENATE($AB18,".",$AC18),Netlist_VTable!$H:$I,2,0) -> SG0_P3_GIGA_MDI+ | Y18: =VLOOKUP(X18,EtchLengthFromLayout!$A:$B,2,0) -> 985.37 | Z18: =E18+G18+J18+L18+N18+P18+R18+T18+V18+Y18 -> 13525.7 | AA18: =IF(AA17<=5,"OK, Tolerance<= 5 mil", "Not OK, Tolerance > 5 mil") -> OK, Tolerance<= 5 mil | AB18: GOLD0 | AC18: =VLOOKUP(AD18,PinNo!$B:$C,2,0) -> A18 | AD18: =C18 -> P3_GIGA_MDIP
A19: SITE1 | B19: =VLOOKUP(C19,PinNo!$B:$C,2,0) -> A17 | C19: P3_GIGA_MDIN | D19: =VLOOKUP(CONCATENATE($A19,".",$B19),Netlist_VTable!$H:$I,2,0) -> S1_P3_GIGA_MDI- | E19: =VLOOKUP(D19,EtchLengthFromLayout!$A:$B,2,0) -> 218.92 | F19: =CONCATENATE("S",MID($A19,5,1),"_U1_",SUBSTITUTE($C19,"IN","I-") ) -> S1_U1_P3_GIGA_MDI- | G19: =VLOOKUP(F19,EtchLengthFromLayout!$A:$B,2,0) -> 100.55 | H19: =E19+G19 -> 319.47 | I19: =CONCATENATE("S",MID($A19,5,1),"_U2_",SUBSTITUTE($C19,"IN","I-") ) -> S1_U2_P3_GIGA_MDI- | J19: =VLOOKUP(I19,EtchLengthFromLayout!$A:$B,2,0) -> 10163.02 | M19: =CONCATENATE("S",MID($A19,5,1),"_LB_",SUBSTITUTE($C19,"IN","I-") ) -> S1_LB_P3_GIGA_MDI- | N19: =VLOOKUP(M19,EtchLengthFromLayout!$A:$B,2,0) -> 591.55 | S19: =SUBSTITUTE($X19,"_P","_2_P") -> SG1_2_P3_GIGA_MDI- | T19: =VLOOKUP(S19,EtchLengthFromLayout!$A:$B,2,0) -> 1345.29 | U19: =SUBSTITUTE($X19,"_P","_1_P") -> SG1_1_P3_GIGA_MDI- | V19: =VLOOKUP(U19,EtchLengthFromLayout!$A:$B,2,0) -> 100.55 | X19: =VLOOKUP(CONCATENATE($AB19,".",$AC19),Netlist_VTable!$H:$I,2,0) -> SG1_P3_GIGA_MDI- | Y19: =VLOOKUP(X19,EtchLengthFromLayout!$A:$B,2,0) -> 985.37 | Z19: =E19+G19+J19+L19+N19+P19+R19+T19+V19+Y19 -> 13505.25 | AA19: =ABS(Z19-Z20) -> 0.01 | AB19: GOLD1 | AC19: =VLOOKUP(AD19,PinNo!$B:$C,2,0) -> A17 | AD19: =C19 -> P3_GIGA_MDIN
A20: SITE1 | B20: =VLOOKUP(C20,PinNo!$B:$C,2,0) -> A18 | C20: P3_GIGA_MDIP | D20: =VLOOKUP(CONCATENATE($A20,".",$B20),Netlist_VTable!$H:$I,2,0) -> S1_P3_GIGA_MDI+ | E20: =VLOOKUP(D20,EtchLengthFromLayout!$A:$B,2,0) -> 218.92 | F20: =CONCATENATE("S",MID($A20,5,1),"_U1_",SUBSTITUTE($C20,"IP","I+") ) -> S1_U1_P3_GIGA_MDI+ | G20: =VLOOKUP(F20,EtchLengthFromLayout!$A:$B,2,0) -> 100.55 | H20: =E20+G20 -> 319.47 | I20: =CONCATENATE("S",MID($A20,5,1),"_U2_",SUBSTITUTE($C20,"IP","I+") ) -> S1_U2_P3_GIGA_MDI+ | J20: =VLOOKUP(I20,EtchLengthFromLayout!$A:$B,2,0) -> 10163.02 | M20: =CONCATENATE("S",MID($A20,5,1),"_LB_",SUBSTITUTE($C20,"IP","I+") ) -> S1_LB_P3_GIGA_MDI+ | N20: =VLOOKUP(M20,EtchLengthFromLayout!$A:$B,2,0) -> 591.55 | S20: =SUBSTITUTE($X20,"_P","_2_P") -> SG1_2_P3_GIGA_MDI+ | T20: =VLOOKUP(S20,EtchLengthFromLayout!$A:$B,2,0) -> 1345.3 | U20: =SUBSTITUTE($X20,"_P","_1_P") -> SG1_1_P3_GIGA_MDI+ | V20: =VLOOKUP(U20,EtchLengthFromLayout!$A:$B,2,0) -> 100.55 | X20: =VLOOKUP(CONCATENATE($AB20,".",$AC20),Netlist_VTable!$H:$I,2,0) -> SG1_P3_GIGA_MDI+ | Y20: =VLOOKUP(X20,EtchLengthFromLayout!$A:$B,2,0) -> 985.37 | Z20: =E20+G20+J20+L20+N20+P20+R20+T20+V20+Y20 -> 13505.26 | AA20: =IF(AA19<=5,"OK, Tolerance<= 5 mil", "Not OK, Tolerance > 5 mil") -> OK, Tolerance<= 5 mil | AB20: GOLD1 | AC20: =VLOOKUP(AD20,PinNo!$B:$C,2,0) -> A18 | AD20: =C20 -> P3_GIGA_MDIP
A21: SITE2 | B21: =VLOOKUP(C21,PinNo!$B:$C,2,0) -> A17 | C21: P3_GIGA_MDIN | D21: =VLOOKUP(CONCATENATE($A21,".",$B21),Netlist_VTable!$H:$I,2,0) -> S2_P3_GIGA_MDI- | E21: =VLOOKUP(D21,EtchLengthFromLayout!$A:$B,2,0) -> 218.92 | F21: =CONCATENATE("S",MID($A21,5,1),"_U1_",SUBSTITUTE($C21,"IN","I-") ) -> S2_U1_P3_GIGA_MDI- | G21: =VLOOKUP(F21,EtchLengthFromLayout!$A:$B,2,0) -> 100.55 | H21: =E21+G21 -> 319.47 | I21: =CONCATENATE("S",MID($A21,5,1),"_U2_",SUBSTITUTE($C21,"IN","I-") ) -> S2_U2_P3_GIGA_MDI- | J21: =VLOOKUP(I21,EtchLengthFromLayout!$A:$B,2,0) -> 10463.74 | M21: =CONCATENATE("S",MID($A21,5,1),"_LB_",SUBSTITUTE($C21,"IN","I-") ) -> S2_LB_P3_GIGA_MDI- | N21: =VLOOKUP(M21,EtchLengthFromLayout!$A:$B,2,0) -> 591.55 | S21: =SUBSTITUTE($X21,"_P","_2_P") -> SG2_2_P3_GIGA_MDI- | T21: =VLOOKUP(S21,EtchLengthFromLayout!$A:$B,2,0) -> 881.8 | U21: =SUBSTITUTE($X21,"_P","_1_P") -> SG2_1_P3_GIGA_MDI- | V21: =VLOOKUP(U21,EtchLengthFromLayout!$A:$B,2,0) -> 100.55 | X21: =VLOOKUP(CONCATENATE($AB21,".",$AC21),Netlist_VTable!$H:$I,2,0) -> SG2_P3_GIGA_MDI- | Y21: =VLOOKUP(X21,EtchLengthFromLayout!$A:$B,2,0) -> 985.37 | Z21: =E21+G21+J21+L21+N21+P21+R21+T21+V21+Y21 -> 13342.48 | AA21: =ABS(Z21-Z22) -> 0.01 | AB21: GOLD2 | AC21: =VLOOKUP(AD21,PinNo!$B:$C,2,0) -> A17 | AD21: =C21 -> P3_GIGA_MDIN
A22: SITE2 | B22: =VLOOKUP(C22,PinNo!$B:$C,2,0) -> A18 | C22: P3_GIGA_MDIP | D22: =VLOOKUP(CONCATENATE($A22,".",$B22),Netlist_VTable!$H:$I,2,0) -> S2_P3_GIGA_MDI+ | E22: =VLOOKUP(D22,EtchLengthFromLayout!$A:$B,2,0) -> 218.92 | F22: =CONCATENATE("S",MID($A22,5,1),"_U1_",SUBSTITUTE($C22,"IP","I+") ) -> S2_U1_P3_GIGA_MDI+ | G22: =VLOOKUP(F22,EtchLengthFromLayout!$A:$B,2,0) -> 100.55 | H22: =E22+G22 -> 319.47 | I22: =CONCATENATE("S",MID($A22,5,1),"_U2_",SUBSTITUTE($C22,"IP","I+") ) -> S2_U2_P3_GIGA_MDI+ | J22: =VLOOKUP(I22,EtchLengthFromLayout!$A:$B,2,0) -> 10463.73 | M22: =CONCATENATE("S",MID($A22,5,1),"_LB_",SUBSTITUTE($C22,"IP","I+") ) -> S2_LB_P3_GIGA_MDI+ | N22: =VLOOKUP(M22,EtchLengthFromLayout!$A:$B,2,0) -> 591.55 | S22: =SUBSTITUTE($X22,"_P","_2_P") -> SG2_2_P3_GIGA_MDI+ | T22: =VLOOKUP(S22,EtchLengthFromLayout!$A:$B,2,0) -> 881.8 | U22: =SUBSTITUTE($X22,"_P","_1_P") -> SG2_1_P3_GIGA_MDI+ | V22: =VLOOKUP(U22,EtchLengthFromLayout!$A:$B,2,0) -> 100.55 | X22: =VLOOKUP(CONCATENATE($AB22,".",$AC22),Netlist_VTable!$H:$I,2,0) -> SG2_P3_GIGA_MDI+ | Y22: =VLOOKUP(X22,EtchLengthFromLayout!$A:$B,2,0) -> 985.37 | Z22: =E22+G22+J22+L22+N22+P22+R22+T22+V22+Y22 -> 13342.47 | AA22: =IF(AA21<=5,"OK, Tolerance<= 5 mil", "Not OK, Tolerance > 5 mil") -> OK, Tolerance<= 5 mil | AB22: GOLD2 | AC22: =VLOOKUP(AD22,PinNo!$B:$C,2,0) -> A18 | AD22: =C22 -> P3_GIGA_MDIP
A23: SITE3 | B23: =VLOOKUP(C23,PinNo!$B:$C,2,0) -> A17 | C23: P3_GIGA_MDIN | D23: =VLOOKUP(CONCATENATE($A23,".",$B23),Netlist_VTable!$H:$I,2,0) -> S3_P3_GIGA_MDI- | E23: =VLOOKUP(D23,EtchLengthFromLayout!$A:$B,2,0) -> 218.92 | F23: =CONCATENATE("S",MID($A23,5,1),"_U1_",SUBSTITUTE($C23,"IN","I-") ) -> S3_U1_P3_GIGA_MDI- | G23: =VLOOKUP(F23,EtchLengthFromLayout!$A:$B,2,0) -> 100.55 | H23: =E23+G23 -> 319.47 | I23: =CONCATENATE("S",MID($A23,5,1),"_U2_",SUBSTITUTE($C23,"IN","I-") ) -> S3_U2_P3_GIGA_MDI- | J23: =VLOOKUP(I23,EtchLengthFromLayout!$A:$B,2,0) -> 10424.81 | M23: =CONCATENATE("S",MID($A23,5,1),"_LB_",SUBSTITUTE($C23,"IN","I-") ) -> S3_LB_P3_GIGA_MDI- | N23: =VLOOKUP(M23,EtchLengthFromLayout!$A:$B,2,0) -> 591.55 | S23: =SUBSTITUTE($X23,"_P","_2_P") -> SG3_2_P3_GIGA_MDI- | T23: =VLOOKUP(S23,EtchLengthFromLayout!$A:$B,2,0) -> 969.92 | U23: =SUBSTITUTE($X23,"_P","_1_P") -> SG3_1_P3_GIGA_MDI- | V23: =VLOOKUP(U23,EtchLengthFromLayout!$A:$B,2,0) -> 100.55 | X23: =VLOOKUP(CONCATENATE($AB23,".",$AC23),Netlist_VTable!$H:$I,2,0) -> SG3_P3_GIGA_MDI- | Y23: =VLOOKUP(X23,EtchLengthFromLayout!$A:$B,2,0) -> 985.37 | Z23: =E23+G23+J23+L23+N23+P23+R23+T23+V23+Y23 -> 13391.67 | AA23: =ABS(Z23-Z24) -> 0 | AB23: GOLD3 | AC23: =VLOOKUP(AD23,PinNo!$B:$C,2,0) -> A17 | AD23: =C23 -> P3_GIGA_MDIN
A24: SITE3 | B24: =VLOOKUP(C24,PinNo!$B:$C,2,0) -> A18 | C24: P3_GIGA_MDIP | D24: =VLOOKUP(CONCATENATE($A24,".",$B24),Netlist_VTable!$H:$I,2,0) -> S3_P3_GIGA_MDI+ | E24: =VLOOKUP(D24,EtchLengthFromLayout!$A:$B,2,0) -> 218.92 | F24: =CONCATENATE("S",MID($A24,5,1),"_U1_",SUBSTITUTE($C24,"IP","I+") ) -> S3_U1_P3_GIGA_MDI+ | G24: =VLOOKUP(F24,EtchLengthFromLayout!$A:$B,2,0) -> 100.55 | H24: =E24+G24 -> 319.47 | I24: =CONCATENATE("S",MID($A24,5,1),"_U2_",SUBSTITUTE($C24,"IP","I+") ) -> S3_U2_P3_GIGA_MDI+ | J24: =VLOOKUP(I24,EtchLengthFromLayout!$A:$B,2,0) -> 10424.81 | M24: =CONCATENATE("S",MID($A24,5,1),"_LB_",SUBSTITUTE($C24,"IP","I+") ) -> S3_LB_P3_GIGA_MDI+ | N24: =VLOOKUP(M24,EtchLengthFromLayout!$A:$B,2,0) -> 591.55 | S24: =SUBSTITUTE($X24,"_P","_2_P") -> SG3_2_P3_GIGA_MDI+ | T24: =VLOOKUP(S24,EtchLengthFromLayout!$A:$B,2,0) -> 969.92 | U24: =SUBSTITUTE($X24,"_P","_1_P") -> SG3_1_P3_GIGA_MDI+ | V24: =VLOOKUP(U24,EtchLengthFromLayout!$A:$B,2,0) -> 100.55 | X24: =VLOOKUP(CONCATENATE($AB24,".",$AC24),Netlist_VTable!$H:$I,2,0) -> SG3_P3_GIGA_MDI+ | Y24: =VLOOKUP(X24,EtchLengthFromLayout!$A:$B,2,0) -> 985.37 | Z24: =E24+G24+J24+L24+N24+P24+R24+T24+V24+Y24 -> 13391.67 | AA24: =IF(AA23<=5,"OK, Tolerance<= 5 mil", "Not OK, Tolerance > 5 mil") -> OK, Tolerance<= 5 mil | AB24: GOLD3 | AC24: =VLOOKUP(AD24,PinNo!$B:$C,2,0) -> A18 | AD24: =C24 -> P3_GIGA_MDIP
H25: =MAX(H17:H24) -> 319.47 | X25: Max | Z25: =MAX(Z17:Z24) -> 13525.7
H26: =MIN(H17:H24) -> 319.47 | X26: Min | Z26: =MIN(Z17:Z24) -> 13342.47
H27: =ABS(H25-H26) -> 0 | X27: Max-Min | Z27: =ABS(Z25-Z26) -> 183.23
X31: All Port
X32: Max | Z32: =MAX(Z11,Z25) -> 13800.39
X33: Min | Z33: =MIN(Z12,Z26) -> 13109.55
X34: Max-Min | Z34: =ABS(Z32-Z33) -> 690.84
X35: Tolerence Check | Z35: =IF(Z34<=1000,"OK, Tolerance<= 1000 mils", "Not OK, Tolerance > 1000 mils") -> OK, Tolerance<= 1000 mils
A40: DUT Port [ 2 : 3 ] to TE CONN Plus Golden to TE CONN | K40: Adjust this Net for Length Matching | Q40: Adjust this Net for Length Matching | Z40: All Site All Port Length Matching Error 1000 mils
A41: Site | B41: Pin No | C41: Pin Name | D41: Net | E41: Length | F41: Net | G41: Length | H41: DUT-> Choke ( E + G ) 此處為最短距離 | I41: Net | J41: Length | K41: Net | L41: Length | M41: Net | N41: Length | O41: Net | P41: Length | Q41: Net | R41: Length | S41: Net | T41: Length | U41: Net | V41: Length | X41: Golden -> Choke Net (此處為最短距離) | Y41: Length | Z41: Total Length (mils) | AA41: P/N Difference (mils) | AB41: Golden | AC41: Pin No | AD41: Pin Name | AE41: Note
A42: SITE0 | B42: =VLOOKUP(C42,PinNo!$B:$C,2,0) -> A15 | C42: P2_GIGA_MDIN | D42: =VLOOKUP(CONCATENATE($A42,".",$B42),Netlist_VTable!$H:$I,2,0) -> S0_P2_GIGA_MDI- | E42: =VLOOKUP(D42,EtchLengthFromLayout!$A:$B,2,0) -> 218.92 | F42: =CONCATENATE("S",MID($A42,5,1),"_U1_",SUBSTITUTE($C42,"IN","I-") ) -> S0_U1_P2_GIGA_MDI- | G42: =VLOOKUP(F42,EtchLengthFromLayout!$A:$B,2,0) -> 100.55 | H42: =E42+G42 -> 319.47 | I42: =CONCATENATE("S",MID($A42,5,1),"_U2_",SUBSTITUTE($C42,"IN","I-") ) -> S0_U2_P2_GIGA_MDI- | J42: =VLOOKUP(I42,EtchLengthFromLayout!$A:$B,2,0) -> 9973.91 | K42: =CONCATENATE("S",MID($A42,5,1),"_U3_",SUBSTITUTE($C42,"IN","I-") ) -> S0_U3_P2_GIGA_MDI- | L42: =VLOOKUP(K42,EtchLengthFromLayout!$A:$B,2,0) -> 1009.92 | M42: =SUBSTITUTE($D42, "_P2","_U4") -> S0_U4_GIGA_MDI- | N42: =VLOOKUP(M42,EtchLengthFromLayout!$A:$B,2,0) -> 579.64 | O42: =SUBSTITUTE($X42,"_P2","_U4") -> SG0_U4_GIGA_MDI- | P42: =VLOOKUP(O42,EtchLengthFromLayout!$A:$B,2,0) -> 553.9 | Q42: =SUBSTITUTE($X42,"_P","_3_P") -> SG0_3_P2_GIGA_MDI- | R42: =VLOOKUP(Q42,EtchLengthFromLayout!$A:$B,2,0) -> 999.77 | S42: =SUBSTITUTE($X42,"_P","_2_P") -> SG0_2_P2_GIGA_MDI- | T42: =VLOOKUP(S42,EtchLengthFromLayout!$A:$B,2,0) -> 1203.15 | U42: =SUBSTITUTE($X42,"_P","_1_P") -> SG0_1_P2_GIGA_MDI- | V42: =VLOOKUP(U42,EtchLengthFromLayout!$A:$B,2,0) -> 100.55 | X42: =VLOOKUP(CONCATENATE($AB42,".",$AC42),Netlist_VTable!$H:$I,2,0) -> SG0_P2_GIGA_MDI- | Y42: =VLOOKUP(X42,EtchLengthFromLayout!$A:$B,2,0) -> 935.77 | Z42: =E42+G42+J42+L42+N42+P42+R42+T42+V42+Y42 -> 15676.08 | AA42: =ABS(Z42-Z43) -> 0.86 | AB42: GOLD0 | AC42: =VLOOKUP(AD42,PinNo!$B:$C,2,0) -> A15 | AD42: =C42 -> P2_GIGA_MDIN | AE42: TE CONN Plus Golden to TE CONN Port P2
A43: SITE0 | B43: =VLOOKUP(C43,PinNo!$B:$C,2,0) -> A16 | C43: P2_GIGA_MDIP | D43: =VLOOKUP(CONCATENATE($A43,".",$B43),Netlist_VTable!$H:$I,2,0) -> S0_P2_GIGA_MDI+ | E43: =VLOOKUP(D43,EtchLengthFromLayout!$A:$B,2,0) -> 218.92 | F43: =CONCATENATE("S",MID($A43,5,1),"_U1_",SUBSTITUTE($C43,"IP","I+") ) -> S0_U1_P2_GIGA_MDI+ | G43: =VLOOKUP(F43,EtchLengthFromLayout!$A:$B,2,0) -> 100.55 | H43: =E43+G43 -> 319.47 | I43: =CONCATENATE("S",MID($A43,5,1),"_U2_",SUBSTITUTE($C43,"IP","I+") ) -> S0_U2_P2_GIGA_MDI+ | J43: =VLOOKUP(I43,EtchLengthFromLayout!$A:$B,2,0) -> 9973.92 | K43: =CONCATENATE("S",MID($A43,5,1),"_U3_",SUBSTITUTE($C43,"IP","I+") ) -> S0_U3_P2_GIGA_MDI+ | L43: =VLOOKUP(K43,EtchLengthFromLayout!$A:$B,2,0) -> 1009.92 | M43: =SUBSTITUTE($D43, "_P2","_U4") -> S0_U4_GIGA_MDI+ | N43: =VLOOKUP(M43,EtchLengthFromLayout!$A:$B,2,0) -> 579.64 | O43: =SUBSTITUTE($X43,"_P2","_U4") -> SG0_U4_GIGA_MDI+ | P43: =VLOOKUP(O43,EtchLengthFromLayout!$A:$B,2,0) -> 553.91 | Q43: =SUBSTITUTE($X43,"_P","_3_P") -> SG0_3_P2_GIGA_MDI+ | R43: =VLOOKUP(Q43,EtchLengthFromLayout!$A:$B,2,0) -> 999.77 | S43: =SUBSTITUTE($X43,"_P","_2_P") -> SG0_2_P2_GIGA_MDI+ | T43: =VLOOKUP(S43,EtchLengthFromLayout!$A:$B,2,0) -> 1203.99 | U43: =SUBSTITUTE($X43,"_P","_1_P") -> SG0_1_P2_GIGA_MDI+ | V43: =VLOOKUP(U43,EtchLengthFromLayout!$A:$B,2,0) -> 100.55 | X43: =VLOOKUP(CONCATENATE($AB43,".",$AC43),Netlist_VTable!$H:$I,2,0) -> SG0_P2_GIGA_MDI+ | Y43: =VLOOKUP(X43,EtchLengthFromLayout!$A:$B,2,0) -> 935.77 | Z43: =E43+G43+J43+L43+N43+P43+R43+T43+V43+Y43 -> 15676.94 | AA43: =IF(AA42<=5,"OK, Tolerance<= 5 mil", "Not OK, Tolerance > 5 mil") -> OK, Tolerance<= 5 mil | AB43: GOLD0 | AC43: =VLOOKUP(AD43,PinNo!$B:$C,2,0) -> A16 | AD43: =C43 -> P2_GIGA_MDIP
A44: SITE1 | B44: =VLOOKUP(C44,PinNo!$B:$C,2,0) -> A15 | C44: P2_GIGA_MDIN | D44: =VLOOKUP(CONCATENATE($A44,".",$B44),Netlist_VTable!$H:$I,2,0) -> S1_P2_GIGA_MDI- | E44: =VLOOKUP(D44,EtchLengthFromLayout!$A:$B,2,0) -> 218.92 | F44: =CONCATENATE("S",MID($A44,5,1),"_U1_",SUBSTITUTE($C44,"IN","I-") ) -> S1_U1_P2_GIGA_MDI- | G44: =VLOOKUP(F44,EtchLengthFromLayout!$A:$B,2,0) -> 100.55 | H44: =E44+G44 -> 319.47 | I44: =CONCATENATE("S",MID($A44,5,1),"_U2_",SUBSTITUTE($C44,"IN","I-") ) -> S1_U2_P2_GIGA_MDI- | J44: =VLOOKUP(I44,EtchLengthFromLayout!$A:$B,2,0) -> 10150.56 | K44: =CONCATENATE("S",MID($A44,5,1),"_U3_",SUBSTITUTE($C44,"IN","I-") ) -> S1_U3_P2_GIGA_MDI- | L44: =VLOOKUP(K44,EtchLengthFromLayout!$A:$B,2,0) -> 1009.92 | M44: =SUBSTITUTE($D44, "_P2","_U4") -> S1_U4_GIGA_MDI- | N44: =VLOOKUP(M44,EtchLengthFromLayout!$A:$B,2,0) -> 579.64 | O44: =SUBSTITUTE($X44,"_P2","_U4") -> SG1_U4_GIGA_MDI- | P44: =VLOOKUP(O44,EtchLengthFromLayout!$A:$B,2,0) -> 553.9 | Q44: =SUBSTITUTE($X44,"_P","_3_P") -> SG1_3_P2_GIGA_MDI- | R44: =VLOOKUP(Q44,EtchLengthFromLayout!$A:$B,2,0) -> 999.77 | S44: =SUBSTITUTE($X44,"_P","_2_P") -> SG1_2_P2_GIGA_MDI- | T44: =VLOOKUP(S44,EtchLengthFromLayout!$A:$B,2,0) -> 1711.63 | U44: =SUBSTITUTE($X44,"_P","_1_P") -> SG1_1_P2_GIGA_MDI- | V44: =VLOOKUP(U44,EtchLengthFromLayout!$A:$B,2,0) -> 100.55 | X44: =VLOOKUP(CONCATENATE($AB44,".",$AC44),Netlist_VTable!$H:$I,2,0) -> SG1_P2_GIGA_MDI- | Y44: =VLOOKUP(X44,EtchLengthFromLayout!$A:$B,2,0) -> 935.77 | Z44: =E44+G44+J44+L44+N44+P44+R44+T44+V44+Y44 -> 16361.21 | AA44: =ABS(Z44-Z45) -> 0.84 | AB44: GOLD1 | AC44: =VLOOKUP(AD44,PinNo!$B:$C,2,0) -> A15 | AD44: =C44 -> P2_GIGA_MDIN
A45: SITE1 | B45: =VLOOKUP(C45,PinNo!$B:$C,2,0) -> A16 | C45: P2_GIGA_MDIP | D45: =VLOOKUP(CONCATENATE($A45,".",$B45),Netlist_VTable!$H:$I,2,0) -> S1_P2_GIGA_MDI+ | E45: =VLOOKUP(D45,EtchLengthFromLayout!$A:$B,2,0) -> 218.92 | F45: =CONCATENATE("S",MID($A45,5,1),"_U1_",SUBSTITUTE($C45,"IP","I+") ) -> S1_U1_P2_GIGA_MDI+ | G45: =VLOOKUP(F45,EtchLengthFromLayout!$A:$B,2,0) -> 100.55 | H45: =E45+G45 -> 319.47 | I45: =CONCATENATE("S",MID($A45,5,1),"_U2_",SUBSTITUTE($C45,"IP","I+") ) -> S1_U2_P2_GIGA_MDI+ | J45: =VLOOKUP(I45,EtchLengthFromLayout!$A:$B,2,0) -> 10150.55 | K45: =CONCATENATE("S",MID($A45,5,1),"_U3_",SUBSTITUTE($C45,"IP","I+") ) -> S1_U3_P2_GIGA_MDI+ | L45: =VLOOKUP(K45,EtchLengthFromLayout!$A:$B,2,0) -> 1009.92 | M45: =SUBSTITUTE($D45, "_P2","_U4") -> S1_U4_GIGA_MDI+ | N45: =VLOOKUP(M45,EtchLengthFromLayout!$A:$B,2,0) -> 579.64 | O45: =SUBSTITUTE($X45,"_P2","_U4") -> SG1_U4_GIGA_MDI+ | P45: =VLOOKUP(O45,EtchLengthFromLayout!$A:$B,2,0) -> 553.91 | Q45: =SUBSTITUTE($X45,"_P","_3_P") -> SG1_3_P2_GIGA_MDI+ | R45: =VLOOKUP(Q45,EtchLengthFromLayout!$A:$B,2,0) -> 999.77 | S45: =SUBSTITUTE($X45,"_P","_2_P") -> SG1_2_P2_GIGA_MDI+ | T45: =VLOOKUP(S45,EtchLengthFromLayout!$A:$B,2,0) -> 1712.47 | U45: =SUBSTITUTE($X45,"_P","_1_P") -> SG1_1_P2_GIGA_MDI+ | V45: =VLOOKUP(U45,EtchLengthFromLayout!$A:$B,2,0) -> 100.55 | X45: =VLOOKUP(CONCATENATE($AB45,".",$AC45),Netlist_VTable!$H:$I,2,0) -> SG1_P2_GIGA_MDI+ | Y45: =VLOOKUP(X45,EtchLengthFromLayout!$A:$B,2,0) -> 935.77 | Z45: =E45+G45+J45+L45+N45+P45+R45+T45+V45+Y45 -> 16362.05 | AA45: =IF(AA44<=5,"OK, Tolerance<= 5 mil", "Not OK, Tolerance > 5 mil") -> OK, Tolerance<= 5 mil | AB45: GOLD1 | AC45: =VLOOKUP(AD45,PinNo!$B:$C,2,0) -> A16 | AD45: =C45 -> P2_GIGA_MDIP
A46: SITE2 | B46: =VLOOKUP(C46,PinNo!$B:$C,2,0) -> A15 | C46: P2_GIGA_MDIN | D46: =VLOOKUP(CONCATENATE($A46,".",$B46),Netlist_VTable!$H:$I,2,0) -> S2_P2_GIGA_MDI- | E46: =VLOOKUP(D46,EtchLengthFromLayout!$A:$B,2,0) -> 218.92 | F46: =CONCATENATE("S",MID($A46,5,1),"_U1_",SUBSTITUTE($C46,"IN","I-") ) -> S2_U1_P2_GIGA_MDI- | G46: =VLOOKUP(F46,EtchLengthFromLayout!$A:$B,2,0) -> 100.55 | H46: =E46+G46 -> 319.47 | I46: =CONCATENATE("S",MID($A46,5,1),"_U2_",SUBSTITUTE($C46,"IN","I-") ) -> S2_U2_P2_GIGA_MDI- | J46: =VLOOKUP(I46,EtchLengthFromLayout!$A:$B,2,0) -> 10331.21 | K46: =CONCATENATE("S",MID($A46,5,1),"_U3_",SUBSTITUTE($C46,"IN","I-") ) -> S2_U3_P2_GIGA_MDI- | L46: =VLOOKUP(K46,EtchLengthFromLayout!$A:$B,2,0) -> 1009.92 | M46: =SUBSTITUTE($D46, "_P2","_U4") -> S2_U4_GIGA_MDI- | N46: =VLOOKUP(M46,EtchLengthFromLayout!$A:$B,2,0) -> 579.64 | O46: =SUBSTITUTE($X46,"_P2","_U4") -> SG2_U4_GIGA_MDI- | P46: =VLOOKUP(O46,EtchLengthFromLayout!$A:$B,2,0) -> 553.9 | Q46: =SUBSTITUTE($X46,"_P","_3_P") -> SG2_3_P2_GIGA_MDI- | R46: =VLOOKUP(Q46,EtchLengthFromLayout!$A:$B,2,0) -> 999.77 | S46: =SUBSTITUTE($X46,"_P","_2_P") -> SG2_2_P2_GIGA_MDI- | T46: =VLOOKUP(S46,EtchLengthFromLayout!$A:$B,2,0) -> 840.95 | U46: =SUBSTITUTE($X46,"_P","_1_P") -> SG2_1_P2_GIGA_MDI- | V46: =VLOOKUP(U46,EtchLengthFromLayout!$A:$B,2,0) -> 100.55 | X46: =VLOOKUP(CONCATENATE($AB46,".",$AC46),Netlist_VTable!$H:$I,2,0) -> SG2_P2_GIGA_MDI- | Y46: =VLOOKUP(X46,EtchLengthFromLayout!$A:$B,2,0) -> 935.77 | Z46: =E46+G46+J46+L46+N46+P46+R46+T46+V46+Y46 -> 15671.18 | AA46: =ABS(Z46-Z47) -> 0.86 | AB46: GOLD2 | AC46: =VLOOKUP(AD46,PinNo!$B:$C,2,0) -> A15 | AD46: =C46 -> P2_GIGA_MDIN
A47: SITE2 | B47: =VLOOKUP(C47,PinNo!$B:$C,2,0) -> A16 | C47: P2_GIGA_MDIP | D47: =VLOOKUP(CONCATENATE($A47,".",$B47),Netlist_VTable!$H:$I,2,0) -> S2_P2_GIGA_MDI+ | E47: =VLOOKUP(D47,EtchLengthFromLayout!$A:$B,2,0) -> 218.92 | F47: =CONCATENATE("S",MID($A47,5,1),"_U1_",SUBSTITUTE($C47,"IP","I+") ) -> S2_U1_P2_GIGA_MDI+ | G47: =VLOOKUP(F47,EtchLengthFromLayout!$A:$B,2,0) -> 100.55 | H47: =E47+G47 -> 319.47 | I47: =CONCATENATE("S",MID($A47,5,1),"_U2_",SUBSTITUTE($C47,"IP","I+") ) -> S2_U2_P2_GIGA_MDI+ | J47: =VLOOKUP(I47,EtchLengthFromLayout!$A:$B,2,0) -> 10331.22 | K47: =CONCATENATE("S",MID($A47,5,1),"_U3_",SUBSTITUTE($C47,"IP","I+") ) -> S2_U3_P2_GIGA_MDI+ | L47: =VLOOKUP(K47,EtchLengthFromLayout!$A:$B,2,0) -> 1009.92 | M47: =SUBSTITUTE($D47, "_P2","_U4") -> S2_U4_GIGA_MDI+ | N47: =VLOOKUP(M47,EtchLengthFromLayout!$A:$B,2,0) -> 579.64 | O47: =SUBSTITUTE($X47,"_P2","_U4") -> SG2_U4_GIGA_MDI+ | P47: =VLOOKUP(O47,EtchLengthFromLayout!$A:$B,2,0) -> 553.91 | Q47: =SUBSTITUTE($X47,"_P","_3_P") -> SG2_3_P2_GIGA_MDI+ | R47: =VLOOKUP(Q47,EtchLengthFromLayout!$A:$B,2,0) -> 999.77 | S47: =SUBSTITUTE($X47,"_P","_2_P") -> SG2_2_P2_GIGA_MDI+ | T47: =VLOOKUP(S47,EtchLengthFromLayout!$A:$B,2,0) -> 841.79 | U47: =SUBSTITUTE($X47,"_P","_1_P") -> SG2_1_P2_GIGA_MDI+ | V47: =VLOOKUP(U47,EtchLengthFromLayout!$A:$B,2,0) -> 100.55 | X47: =VLOOKUP(CONCATENATE($AB47,".",$AC47),Netlist_VTable!$H:$I,2,0) -> SG2_P2_GIGA_MDI+ | Y47: =VLOOKUP(X47,EtchLengthFromLayout!$A:$B,2,0) -> 935.77 | Z47: =E47+G47+J47+L47+N47+P47+R47+T47+V47+Y47 -> 15672.04 | AA47: =IF(AA46<=5,"OK, Tolerance<= 5 mil", "Not OK, Tolerance > 5 mil") -> OK, Tolerance<= 5 mil | AB47: GOLD2 | AC47: =VLOOKUP(AD47,PinNo!$B:$C,2,0) -> A16 | AD47: =C47 -> P2_GIGA_MDIP
A48: SITE3 | B48: =VLOOKUP(C48,PinNo!$B:$C,2,0) -> A15 | C48: P2_GIGA_MDIN | D48: =VLOOKUP(CONCATENATE($A48,".",$B48),Netlist_VTable!$H:$I,2,0) -> S3_P2_GIGA_MDI- | E48: =VLOOKUP(D48,EtchLengthFromLayout!$A:$B,2,0) -> 218.92 | F48: =CONCATENATE("S",MID($A48,5,1),"_U1_",SUBSTITUTE($C48,"IN","I-") ) -> S3_U1_P2_GIGA_MDI- | G48: =VLOOKUP(F48,EtchLengthFromLayout!$A:$B,2,0) -> 100.55 | H48: =E48+G48 -> 319.47 | I48: =CONCATENATE("S",MID($A48,5,1),"_U2_",SUBSTITUTE($C48,"IN","I-") ) -> S3_U2_P2_GIGA_MDI- | J48: =VLOOKUP(I48,EtchLengthFromLayout!$A:$B,2,0) -> 10633.21 | K48: =CONCATENATE("S",MID($A48,5,1),"_U3_",SUBSTITUTE($C48,"IN","I-") ) -> S3_U3_P2_GIGA_MDI- | L48: =VLOOKUP(K48,EtchLengthFromLayout!$A:$B,2,0) -> 1009.92 | M48: =SUBSTITUTE($D48, "_P2","_U4") -> S3_U4_GIGA_MDI- | N48: =VLOOKUP(M48,EtchLengthFromLayout!$A:$B,2,0) -> 579.64 | O48: =SUBSTITUTE($X48,"_P2","_U4") -> SG3_U4_GIGA_MDI- | P48: =VLOOKUP(O48,EtchLengthFromLayout!$A:$B,2,0) -> 553.9 | Q48: =SUBSTITUTE($X48,"_P","_3_P") -> SG3_3_P2_GIGA_MDI- | R48: =VLOOKUP(Q48,EtchLengthFromLayout!$A:$B,2,0) -> 999.77 | S48: =SUBSTITUTE($X48,"_P","_2_P") -> SG3_2_P2_GIGA_MDI- | T48: =VLOOKUP(S48,EtchLengthFromLayout!$A:$B,2,0) -> 1048.81 | U48: =SUBSTITUTE($X48,"_P","_1_P") -> SG3_1_P2_GIGA_MDI- | V48: =VLOOKUP(U48,EtchLengthFromLayout!$A:$B,2,0) -> 100.55 | X48: =VLOOKUP(CONCATENATE($AB48,".",$AC48),Netlist_VTable!$H:$I,2,0) -> SG3_P2_GIGA_MDI- | Y48: =VLOOKUP(X48,EtchLengthFromLayout!$A:$B,2,0) -> 935.77 | Z48: =E48+G48+J48+L48+N48+P48+R48+T48+V48+Y48 -> 16181.04 | AA48: =ABS(Z48-Z49) -> 0.85 | AB48: GOLD3 | AC48: =VLOOKUP(AD48,PinNo!$B:$C,2,0) -> A15 | AD48: =C48 -> P2_GIGA_MDIN
A49: SITE3 | B49: =VLOOKUP(C49,PinNo!$B:$C,2,0) -> A16 | C49: P2_GIGA_MDIP | D49: =VLOOKUP(CONCATENATE($A49,".",$B49),Netlist_VTable!$H:$I,2,0) -> S3_P2_GIGA_MDI+ | E49: =VLOOKUP(D49,EtchLengthFromLayout!$A:$B,2,0) -> 218.92 | F49: =CONCATENATE("S",MID($A49,5,1),"_U1_",SUBSTITUTE($C49,"IP","I+") ) -> S3_U1_P2_GIGA_MDI+ | G49: =VLOOKUP(F49,EtchLengthFromLayout!$A:$B,2,0) -> 100.55 | H49: =E49+G49 -> 319.47 | I49: =CONCATENATE("S",MID($A49,5,1),"_U2_",SUBSTITUTE($C49,"IP","I+") ) -> S3_U2_P2_GIGA_MDI+ | J49: =VLOOKUP(I49,EtchLengthFromLayout!$A:$B,2,0) -> 10633.21 | K49: =CONCATENATE("S",MID($A49,5,1),"_U3_",SUBSTITUTE($C49,"IP","I+") ) -> S3_U3_P2_GIGA_MDI+ | L49: =VLOOKUP(K49,EtchLengthFromLayout!$A:$B,2,0) -> 1009.92 | M49: =SUBSTITUTE($D49, "_P2","_U4") -> S3_U4_GIGA_MDI+ | N49: =VLOOKUP(M49,EtchLengthFromLayout!$A:$B,2,0) -> 579.64 | O49: =SUBSTITUTE($X49,"_P2","_U4") -> SG3_U4_GIGA_MDI+ | P49: =VLOOKUP(O49,EtchLengthFromLayout!$A:$B,2,0) -> 553.91 | Q49: =SUBSTITUTE($X49,"_P","_3_P") -> SG3_3_P2_GIGA_MDI+ | R49: =VLOOKUP(Q49,EtchLengthFromLayout!$A:$B,2,0) -> 999.77 | S49: =SUBSTITUTE($X49,"_P","_2_P") -> SG3_2_P2_GIGA_MDI+ | T49: =VLOOKUP(S49,EtchLengthFromLayout!$A:$B,2,0) -> 1049.65 | U49: =SUBSTITUTE($X49,"_P","_1_P") -> SG3_1_P2_GIGA_MDI+ | V49: =VLOOKUP(U49,EtchLengthFromLayout!$A:$B,2,0) -> 100.55 | X49: =VLOOKUP(CONCATENATE($AB49,".",$AC49),Netlist_VTable!$H:$I,2,0) -> SG3_P2_GIGA_MDI+ | Y49: =VLOOKUP(X49,EtchLengthFromLayout!$A:$B,2,0) -> 935.77 | Z49: =E49+G49+J49+L49+N49+P49+R49+T49+V49+Y49 -> 16181.89 | AA49: =IF(AA48<=5,"OK, Tolerance<= 5 mil", "Not OK, Tolerance > 5 mil") -> OK, Tolerance<= 5 mil | AB49: GOLD3 | AC49: =VLOOKUP(AD49,PinNo!$B:$C,2,0) -> A16 | AD49: =C49 -> P2_GIGA_MDIP
F50: Max | H50: =MAX(H42:H49) -> 319.47 | X50: Max | Z50: =MAX(Z42:Z49) -> 16362.05
F51: Min | H51: =MIN(H42:H49) -> 319.47 | X51: Min | Z51: =MIN(Z42:Z49) -> 15671.18
F52: Max-Min | H52: =ABS(H50-H51) -> 0 | X52: Max-Min | Z52: =ABS(Z50-Z51) -> 690.87
A55: Site | B55: Pin No | C55: Pin Name | D55: Net | E55: Length | F55: Net | G55: Length | H55: DUT-> Choke ( E + G ) 此處為最短距離 | I55: Net | J55: Length | K55: Net | L55: Length | M55: Net | N55: Length | O55: Net | P55: Length | Q55: Net | R55: Length | S55: Net | T55: Length | U55: Net | V55: Length | X55: Golden -> Choke Net (此處為最短距離) | Y55: Length | Z55: Total Length (mils) | AA55: P/N Difference (mils) | AB55: Golden | AC55: Pin No | AD55: Pin Name | AE55: Note
A56: SITE0 | B56: =VLOOKUP(C56,PinNo!$B:$C,2,0) -> A17 | C56: P3_GIGA_MDIN | D56: =VLOOKUP(CONCATENATE($A56,".",$B56),Netlist_VTable!$H:$I,2,0) -> S0_P3_GIGA_MDI- | E56: =VLOOKUP(D56,EtchLengthFromLayout!$A:$B,2,0) -> 218.92 | F56: =CONCATENATE("S",MID($A56,5,1),"_U1_",SUBSTITUTE($C56,"IN","I-") ) -> S0_U1_P3_GIGA_MDI- | G56: =VLOOKUP(F56,EtchLengthFromLayout!$A:$B,2,0) -> 100.55 | H56: =E56+G56 -> 319.47 | I56: =CONCATENATE("S",MID($A56,5,1),"_U2_",SUBSTITUTE($C56,"IN","I-") ) -> S0_U2_P3_GIGA_MDI- | J56: =VLOOKUP(I56,EtchLengthFromLayout!$A:$B,2,0) -> 10284.2 | K56: =CONCATENATE("S",MID($A56,5,1),"_U3_",SUBSTITUTE($C56,"IN","I-") ) -> S0_U3_P3_GIGA_MDI- | L56: =VLOOKUP(K56,EtchLengthFromLayout!$A:$B,2,0) -> 1087.97 | M56: =SUBSTITUTE($D56, "_P3","_U4") -> S0_U4_GIGA_MDI- | N56: =VLOOKUP(M56,EtchLengthFromLayout!$A:$B,2,0) -> 579.64 | O56: =SUBSTITUTE($X56,"_P3","_U4") -> SG0_U4_GIGA_MDI- | P56: =VLOOKUP(O56,EtchLengthFromLayout!$A:$B,2,0) -> 553.9 | Q56: =SUBSTITUTE($X56,"_P","_3_P") -> SG0_3_P3_GIGA_MDI- | R56: =VLOOKUP(Q56,EtchLengthFromLayout!$A:$B,2,0) -> 1105.97 | S56: =SUBSTITUTE($X56,"_P","_2_P") -> SG0_2_P3_GIGA_MDI- | T56: =VLOOKUP(S56,EtchLengthFromLayout!$A:$B,2,0) -> 1244.56 | U56: =SUBSTITUTE($X56,"_P","_1_P") -> SG0_1_P3_GIGA_MDI- | V56: =VLOOKUP(U56,EtchLengthFromLayout!$A:$B,2,0) -> 100.55 | X56: =VLOOKUP(CONCATENATE($AB56,".",$AC56),Netlist_VTable!$H:$I,2,0) -> SG0_P3_GIGA_MDI- | Y56: =VLOOKUP(X56,EtchLengthFromLayout!$A:$B,2,0) -> 985.37 | Z56: =E56+G56+J56+L56+N56+P56+R56+T56+V56+Y56 -> 16261.63 | AA56: =ABS(Z56-Z57) -> 0.82 | AB56: GOLD0 | AC56: =VLOOKUP(AD56,PinNo!$B:$C,2,0) -> A17 | AD56: =C56 -> P3_GIGA_MDIN | AE56: TE CONN Plus Golden to TE CONN Port P3
A57: SITE0 | B57: =VLOOKUP(C57,PinNo!$B:$C,2,0) -> A18 | C57: P3_GIGA_MDIP | D57: =VLOOKUP(CONCATENATE($A57,".",$B57),Netlist_VTable!$H:$I,2,0) -> S0_P3_GIGA_MDI+ | E57: =VLOOKUP(D57,EtchLengthFromLayout!$A:$B,2,0) -> 218.92 | F57: =CONCATENATE("S",MID($A57,5,1),"_U1_",SUBSTITUTE($C57,"IP","I+") ) -> S0_U1_P3_GIGA_MDI+ | G57: =VLOOKUP(F57,EtchLengthFromLayout!$A:$B,2,0) -> 100.55 | H57: =E57+G57 -> 319.47 | I57: =CONCATENATE("S",MID($A57,5,1),"_U2_",SUBSTITUTE($C57,"IP","I+") ) -> S0_U2_P3_GIGA_MDI+ | J57: =VLOOKUP(I57,EtchLengthFromLayout!$A:$B,2,0) -> 10284.19 | K57: =CONCATENATE("S",MID($A57,5,1),"_U3_",SUBSTITUTE($C57,"IP","I+") ) -> S0_U3_P3_GIGA_MDI+ | L57: =VLOOKUP(K57,EtchLengthFromLayout!$A:$B,2,0) -> 1087.14 | M57: =SUBSTITUTE($D57, "_P3","_U4") -> S0_U4_GIGA_MDI+ | N57: =VLOOKUP(M57,EtchLengthFromLayout!$A:$B,2,0) -> 579.64 | O57: =SUBSTITUTE($X57,"_P3","_U4") -> SG0_U4_GIGA_MDI+ | P57: =VLOOKUP(O57,EtchLengthFromLayout!$A:$B,2,0) -> 553.91 | Q57: =SUBSTITUTE($X57,"_P","_3_P") -> SG0_3_P3_GIGA_MDI+ | R57: =VLOOKUP(Q57,EtchLengthFromLayout!$A:$B,2,0) -> 1105.97 | S57: =SUBSTITUTE($X57,"_P","_2_P") -> SG0_2_P3_GIGA_MDI+ | T57: =VLOOKUP(S57,EtchLengthFromLayout!$A:$B,2,0) -> 1244.57 | U57: =SUBSTITUTE($X57,"_P","_1_P") -> SG0_1_P3_GIGA_MDI+ | V57: =VLOOKUP(U57,EtchLengthFromLayout!$A:$B,2,0) -> 100.55 | X57: =VLOOKUP(CONCATENATE($AB57,".",$AC57),Netlist_VTable!$H:$I,2,0) -> SG0_P3_GIGA_MDI+ | Y57: =VLOOKUP(X57,EtchLengthFromLayout!$A:$B,2,0) -> 985.37 | Z57: =E57+G57+J57+L57+N57+P57+R57+T57+V57+Y57 -> 16260.81 | AA57: =IF(AA56<=5,"OK, Tolerance<= 5 mil", "Not OK, Tolerance > 5 mil") -> OK, Tolerance<= 5 mil | AB57: GOLD0 | AC57: =VLOOKUP(AD57,PinNo!$B:$C,2,0) -> A18 | AD57: =C57 -> P3_GIGA_MDIP
A58: SITE1 | B58: =VLOOKUP(C58,PinNo!$B:$C,2,0) -> A17 | C58: P3_GIGA_MDIN | D58: =VLOOKUP(CONCATENATE($A58,".",$B58),Netlist_VTable!$H:$I,2,0) -> S1_P3_GIGA_MDI- | E58: =VLOOKUP(D58,EtchLengthFromLayout!$A:$B,2,0) -> 218.92 | F58: =CONCATENATE("S",MID($A58,5,1),"_U1_",SUBSTITUTE($C58,"IN","I-") ) -> S1_U1_P3_GIGA_MDI- | G58: =VLOOKUP(F58,EtchLengthFromLayout!$A:$B,2,0) -> 100.55 | H58: =E58+G58 -> 319.47 | I58: =CONCATENATE("S",MID($A58,5,1),"_U2_",SUBSTITUTE($C58,"IN","I-") ) -> S1_U2_P3_GIGA_MDI- | J58: =VLOOKUP(I58,EtchLengthFromLayout!$A:$B,2,0) -> 10163.02 | K58: =CONCATENATE("S",MID($A58,5,1),"_U3_",SUBSTITUTE($C58,"IN","I-") ) -> S1_U3_P3_GIGA_MDI- | L58: =VLOOKUP(K58,EtchLengthFromLayout!$A:$B,2,0) -> 1087.97 | M58: =SUBSTITUTE($D58, "_P3","_U4") -> S1_U4_GIGA_MDI- | N58: =VLOOKUP(M58,EtchLengthFromLayout!$A:$B,2,0) -> 579.64 | O58: =SUBSTITUTE($X58,"_P3","_U4") -> SG1_U4_GIGA_MDI- | P58: =VLOOKUP(O58,EtchLengthFromLayout!$A:$B,2,0) -> 553.9 | Q58: =SUBSTITUTE($X58,"_P","_3_P") -> SG1_3_P3_GIGA_MDI- | R58: =VLOOKUP(Q58,EtchLengthFromLayout!$A:$B,2,0) -> 1105.97 | S58: =SUBSTITUTE($X58,"_P","_2_P") -> SG1_2_P3_GIGA_MDI- | T58: =VLOOKUP(S58,EtchLengthFromLayout!$A:$B,2,0) -> 1345.29 | U58: =SUBSTITUTE($X58,"_P","_1_P") -> SG1_1_P3_GIGA_MDI- | V58: =VLOOKUP(U58,EtchLengthFromLayout!$A:$B,2,0) -> 100.55 | X58: =VLOOKUP(CONCATENATE($AB58,".",$AC58),Netlist_VTable!$H:$I,2,0) -> SG1_P3_GIGA_MDI- | Y58: =VLOOKUP(X58,EtchLengthFromLayout!$A:$B,2,0) -> 985.37 | Z58: =E58+G58+J58+L58+N58+P58+R58+T58+V58+Y58 -> 16241.18 | AA58: =ABS(Z58-Z59) -> 0.81 | AB58: GOLD1 | AC58: =VLOOKUP(AD58,PinNo!$B:$C,2,0) -> A17 | AD58: =C58 -> P3_GIGA_MDIN
A59: SITE1 | B59: =VLOOKUP(C59,PinNo!$B:$C,2,0) -> A18 | C59: P3_GIGA_MDIP | D59: =VLOOKUP(CONCATENATE($A59,".",$B59),Netlist_VTable!$H:$I,2,0) -> S1_P3_GIGA_MDI+ | E59: =VLOOKUP(D59,EtchLengthFromLayout!$A:$B,2,0) -> 218.92 | F59: =CONCATENATE("S",MID($A59,5,1),"_U1_",SUBSTITUTE($C59,"IP","I+") ) -> S1_U1_P3_GIGA_MDI+ | G59: =VLOOKUP(F59,EtchLengthFromLayout!$A:$B,2,0) -> 100.55 | H59: =E59+G59 -> 319.47 | I59: =CONCATENATE("S",MID($A59,5,1),"_U2_",SUBSTITUTE($C59,"IP","I+") ) -> S1_U2_P3_GIGA_MDI+ | J59: =VLOOKUP(I59,EtchLengthFromLayout!$A:$B,2,0) -> 10163.02 | K59: =CONCATENATE("S",MID($A59,5,1),"_U3_",SUBSTITUTE($C59,"IP","I+") ) -> S1_U3_P3_GIGA_MDI+ | L59: =VLOOKUP(K59,EtchLengthFromLayout!$A:$B,2,0) -> 1087.14 | M59: =SUBSTITUTE($D59, "_P3","_U4") -> S1_U4_GIGA_MDI+ | N59: =VLOOKUP(M59,EtchLengthFromLayout!$A:$B,2,0) -> 579.64 | O59: =SUBSTITUTE($X59,"_P3","_U4") -> SG1_U4_GIGA_MDI+ | P59: =VLOOKUP(O59,EtchLengthFromLayout!$A:$B,2,0) -> 553.91 | Q59: =SUBSTITUTE($X59,"_P","_3_P") -> SG1_3_P3_GIGA_MDI+ | R59: =VLOOKUP(Q59,EtchLengthFromLayout!$A:$B,2,0) -> 1105.97 | S59: =SUBSTITUTE($X59,"_P","_2_P") -> SG1_2_P3_GIGA_MDI+ | T59: =VLOOKUP(S59,EtchLengthFromLayout!$A:$B,2,0) -> 1345.3 | U59: =SUBSTITUTE($X59,"_P","_1_P") -> SG1_1_P3_GIGA_MDI+ | V59: =VLOOKUP(U59,EtchLengthFromLayout!$A:$B,2,0) -> 100.55 | X59: =VLOOKUP(CONCATENATE($AB59,".",$AC59),Netlist_VTable!$H:$I,2,0) -> SG1_P3_GIGA_MDI+ | Y59: =VLOOKUP(X59,EtchLengthFromLayout!$A:$B,2,0) -> 985.37 | Z59: =E59+G59+J59+L59+N59+P59+R59+T59+V59+Y59 -> 16240.37 | AA59: =IF(AA58<=5,"OK, Tolerance<= 5 mil", "Not OK, Tolerance > 5 mil") -> OK, Tolerance<= 5 mil | AB59: GOLD1 | AC59: =VLOOKUP(AD59,PinNo!$B:$C,2,0) -> A18 | AD59: =C59 -> P3_GIGA_MDIP
A60: SITE2 | B60: =VLOOKUP(C60,PinNo!$B:$C,2,0) -> A17 | C60: P3_GIGA_MDIN | D60: =VLOOKUP(CONCATENATE($A60,".",$B60),Netlist_VTable!$H:$I,2,0) -> S2_P3_GIGA_MDI- | E60: =VLOOKUP(D60,EtchLengthFromLayout!$A:$B,2,0) -> 218.92 | F60: =CONCATENATE("S",MID($A60,5,1),"_U1_",SUBSTITUTE($C60,"IN","I-") ) -> S2_U1_P3_GIGA_MDI- | G60: =VLOOKUP(F60,EtchLengthFromLayout!$A:$B,2,0) -> 100.55 | H60: =E60+G60 -> 319.47 | I60: =CONCATENATE("S",MID($A60,5,1),"_U2_",SUBSTITUTE($C60,"IN","I-") ) -> S2_U2_P3_GIGA_MDI- | J60: =VLOOKUP(I60,EtchLengthFromLayout!$A:$B,2,0) -> 10463.74 | K60: =CONCATENATE("S",MID($A60,5,1),"_U3_",SUBSTITUTE($C60,"IN","I-") ) -> S2_U3_P3_GIGA_MDI- | L60: =VLOOKUP(K60,EtchLengthFromLayout!$A:$B,2,0) -> 1087.97 | M60: =SUBSTITUTE($D60, "_P3","_U4") -> S2_U4_GIGA_MDI- | N60: =VLOOKUP(M60,EtchLengthFromLayout!$A:$B,2,0) -> 579.64 | O60: =SUBSTITUTE($X60,"_P3","_U4") -> SG2_U4_GIGA_MDI- | P60: =VLOOKUP(O60,EtchLengthFromLayout!$A:$B,2,0) -> 553.9 | Q60: =SUBSTITUTE($X60,"_P","_3_P") -> SG2_3_P3_GIGA_MDI- | R60: =VLOOKUP(Q60,EtchLengthFromLayout!$A:$B,2,0) -> 1105.97 | S60: =SUBSTITUTE($X60,"_P","_2_P") -> SG2_2_P3_GIGA_MDI- | T60: =VLOOKUP(S60,EtchLengthFromLayout!$A:$B,2,0) -> 881.8 | U60: =SUBSTITUTE($X60,"_P","_1_P") -> SG2_1_P3_GIGA_MDI- | V60: =VLOOKUP(U60,EtchLengthFromLayout!$A:$B,2,0) -> 100.55 | X60: =VLOOKUP(CONCATENATE($AB60,".",$AC60),Netlist_VTable!$H:$I,2,0) -> SG2_P3_GIGA_MDI- | Y60: =VLOOKUP(X60,EtchLengthFromLayout!$A:$B,2,0) -> 985.37 | Z60: =E60+G60+J60+L60+N60+P60+R60+T60+V60+Y60 -> 16078.41 | AA60: =ABS(Z60-Z61) -> 0.83 | AB60: GOLD2 | AC60: =VLOOKUP(AD60,PinNo!$B:$C,2,0) -> A17 | AD60: =C60 -> P3_GIGA_MDIN
A61: SITE2 | B61: =VLOOKUP(C61,PinNo!$B:$C,2,0) -> A18 | C61: P3_GIGA_MDIP | D61: =VLOOKUP(CONCATENATE($A61,".",$B61),Netlist_VTable!$H:$I,2,0) -> S2_P3_GIGA_MDI+ | E61: =VLOOKUP(D61,EtchLengthFromLayout!$A:$B,2,0) -> 218.92 | F61: =CONCATENATE("S",MID($A61,5,1),"_U1_",SUBSTITUTE($C61,"IP","I+") ) -> S2_U1_P3_GIGA_MDI+ | G61: =VLOOKUP(F61,EtchLengthFromLayout!$A:$B,2,0) -> 100.55 | H61: =E61+G61 -> 319.47 | I61: =CONCATENATE("S",MID($A61,5,1),"_U2_",SUBSTITUTE($C61,"IP","I+") ) -> S2_U2_P3_GIGA_MDI+ | J61: =VLOOKUP(I61,EtchLengthFromLayout!$A:$B,2,0) -> 10463.73 | K61: =CONCATENATE("S",MID($A61,5,1),"_U3_",SUBSTITUTE($C61,"IP","I+") ) -> S2_U3_P3_GIGA_MDI+ | L61: =VLOOKUP(K61,EtchLengthFromLayout!$A:$B,2,0) -> 1087.14 | M61: =SUBSTITUTE($D61, "_P3","_U4") -> S2_U4_GIGA_MDI+ | N61: =VLOOKUP(M61,EtchLengthFromLayout!$A:$B,2,0) -> 579.64 | O61: =SUBSTITUTE($X61,"_P3","_U4") -> SG2_U4_GIGA_MDI+ | P61: =VLOOKUP(O61,EtchLengthFromLayout!$A:$B,2,0) -> 553.91 | Q61: =SUBSTITUTE($X61,"_P","_3_P") -> SG2_3_P3_GIGA_MDI+ | R61: =VLOOKUP(Q61,EtchLengthFromLayout!$A:$B,2,0) -> 1105.97 | S61: =SUBSTITUTE($X61,"_P","_2_P") -> SG2_2_P3_GIGA_MDI+ | T61: =VLOOKUP(S61,EtchLengthFromLayout!$A:$B,2,0) -> 881.8 | U61: =SUBSTITUTE($X61,"_P","_1_P") -> SG2_1_P3_GIGA_MDI+ | V61: =VLOOKUP(U61,EtchLengthFromLayout!$A:$B,2,0) -> 100.55 | X61: =VLOOKUP(CONCATENATE($AB61,".",$AC61),Netlist_VTable!$H:$I,2,0) -> SG2_P3_GIGA_MDI+ | Y61: =VLOOKUP(X61,EtchLengthFromLayout!$A:$B,2,0) -> 985.37 | Z61: =E61+G61+J61+L61+N61+P61+R61+T61+V61+Y61 -> 16077.58 | AA61: =IF(AA60<=5,"OK, Tolerance<= 5 mil", "Not OK, Tolerance > 5 mil") -> OK, Tolerance<= 5 mil | AB61: GOLD2 | AC61: =VLOOKUP(AD61,PinNo!$B:$C,2,0) -> A18 | AD61: =C61 -> P3_GIGA_MDIP
A62: SITE3 | B62: =VLOOKUP(C62,PinNo!$B:$C,2,0) -> A17 | C62: P3_GIGA_MDIN | D62: =VLOOKUP(CONCATENATE($A62,".",$B62),Netlist_VTable!$H:$I,2,0) -> S3_P3_GIGA_MDI- | E62: =VLOOKUP(D62,EtchLengthFromLayout!$A:$B,2,0) -> 218.92 | F62: =CONCATENATE("S",MID($A62,5,1),"_U1_",SUBSTITUTE($C62,"IN","I-") ) -> S3_U1_P3_GIGA_MDI- | G62: =VLOOKUP(F62,EtchLengthFromLayout!$A:$B,2,0) -> 100.55 | H62: =E62+G62 -> 319.47 | I62: =CONCATENATE("S",MID($A62,5,1),"_U2_",SUBSTITUTE($C62,"IN","I-") ) -> S3_U2_P3_GIGA_MDI- | J62: =VLOOKUP(I62,EtchLengthFromLayout!$A:$B,2,0) -> 10424.81 | K62: =CONCATENATE("S",MID($A62,5,1),"_U3_",SUBSTITUTE($C62,"IN","I-") ) -> S3_U3_P3_GIGA_MDI- | L62: =VLOOKUP(K62,EtchLengthFromLayout!$A:$B,2,0) -> 1087.97 | M62: =SUBSTITUTE($D62, "_P3","_U4") -> S3_U4_GIGA_MDI- | N62: =VLOOKUP(M62,EtchLengthFromLayout!$A:$B,2,0) -> 579.64 | O62: =SUBSTITUTE($X62,"_P3","_U4") -> SG3_U4_GIGA_MDI- | P62: =VLOOKUP(O62,EtchLengthFromLayout!$A:$B,2,0) -> 553.9 | Q62: =SUBSTITUTE($X62,"_P","_3_P") -> SG3_3_P3_GIGA_MDI- | R62: =VLOOKUP(Q62,EtchLengthFromLayout!$A:$B,2,0) -> 1105.97 | S62: =SUBSTITUTE($X62,"_P","_2_P") -> SG3_2_P3_GIGA_MDI- | T62: =VLOOKUP(S62,EtchLengthFromLayout!$A:$B,2,0) -> 969.92 | U62: =SUBSTITUTE($X62,"_P","_1_P") -> SG3_1_P3_GIGA_MDI- | V62: =VLOOKUP(U62,EtchLengthFromLayout!$A:$B,2,0) -> 100.55 | X62: =VLOOKUP(CONCATENATE($AB62,".",$AC62),Netlist_VTable!$H:$I,2,0) -> SG3_P3_GIGA_MDI- | Y62: =VLOOKUP(X62,EtchLengthFromLayout!$A:$B,2,0) -> 985.37 | Z62: =E62+G62+J62+L62+N62+P62+R62+T62+V62+Y62 -> 16127.6 | AA62: =ABS(Z62-Z63) -> 0.82 | AB62: GOLD3 | AC62: =VLOOKUP(AD62,PinNo!$B:$C,2,0) -> A17 | AD62: =C62 -> P3_GIGA_MDIN
A63: SITE3 | B63: =VLOOKUP(C63,PinNo!$B:$C,2,0) -> A18 | C63: P3_GIGA_MDIP | D63: =VLOOKUP(CONCATENATE($A63,".",$B63),Netlist_VTable!$H:$I,2,0) -> S3_P3_GIGA_MDI+ | E63: =VLOOKUP(D63,EtchLengthFromLayout!$A:$B,2,0) -> 218.92 | F63: =CONCATENATE("S",MID($A63,5,1),"_U1_",SUBSTITUTE($C63,"IP","I+") ) -> S3_U1_P3_GIGA_MDI+ | G63: =VLOOKUP(F63,EtchLengthFromLayout!$A:$B,2,0) -> 100.55 | H63: =E63+G63 -> 319.47 | I63: =CONCATENATE("S",MID($A63,5,1),"_U2_",SUBSTITUTE($C63,"IP","I+") ) -> S3_U2_P3_GIGA_MDI+ | J63: =VLOOKUP(I63,EtchLengthFromLayout!$A:$B,2,0) -> 10424.81 | K63: =CONCATENATE("S",MID($A63,5,1),"_U3_",SUBSTITUTE($C63,"IP","I+") ) -> S3_U3_P3_GIGA_MDI+ | L63: =VLOOKUP(K63,EtchLengthFromLayout!$A:$B,2,0) -> 1087.14 | M63: =SUBSTITUTE($D63, "_P3","_U4") -> S3_U4_GIGA_MDI+ | N63: =VLOOKUP(M63,EtchLengthFromLayout!$A:$B,2,0) -> 579.64 | O63: =SUBSTITUTE($X63,"_P3","_U4") -> SG3_U4_GIGA_MDI+ | P63: =VLOOKUP(O63,EtchLengthFromLayout!$A:$B,2,0) -> 553.91 | Q63: =SUBSTITUTE($X63,"_P","_3_P") -> SG3_3_P3_GIGA_MDI+ | R63: =VLOOKUP(Q63,EtchLengthFromLayout!$A:$B,2,0) -> 1105.97 | S63: =SUBSTITUTE($X63,"_P","_2_P") -> SG3_2_P3_GIGA_MDI+ | T63: =VLOOKUP(S63,EtchLengthFromLayout!$A:$B,2,0) -> 969.92 | U63: =SUBSTITUTE($X63,"_P","_1_P") -> SG3_1_P3_GIGA_MDI+ | V63: =VLOOKUP(U63,EtchLengthFromLayout!$A:$B,2,0) -> 100.55 | X63: =VLOOKUP(CONCATENATE($AB63,".",$AC63),Netlist_VTable!$H:$I,2,0) -> SG3_P3_GIGA_MDI+ | Y63: =VLOOKUP(X63,EtchLengthFromLayout!$A:$B,2,0) -> 985.37 | Z63: =E63+G63+J63+L63+N63+P63+R63+T63+V63+Y63 -> 16126.78 | AA63: =IF(AA62<=5,"OK, Tolerance<= 5 mil", "Not OK, Tolerance > 5 mil") -> OK, Tolerance<= 5 mil | AB63: GOLD3 | AC63: =VLOOKUP(AD63,PinNo!$B:$C,2,0) -> A18 | AD63: =C63 -> P3_GIGA_MDIP
F64: Max | H64: =MAX(H56:H63) -> 319.47 | X64: Max | Z64: =MAX(Z56:Z63) -> 16261.63
F65: Min | H65: =MIN(H56:H63) -> 319.47 | X65: Min | Z65: =MIN(Z56:Z63) -> 16077.58
F66: Max-Min | H66: =ABS(H64-H65) -> 0 | X66: Max-Min | Z66: =ABS(Z64-Z65) -> 184.05
X70: All Port
X71: Max | Z71: =MAX(Z50,Z64) -> 16362.05
X72: Min | Z72: =MIN(Z51,Z65) -> 15671.18
X73: Max-Min | Z73: =ABS(Z71-Z72) -> 690.87
X74: Tolerence Check | Z74: =IF(Z73<=1000,"OK, Tolerance<= 1000 mils", "Not OK, Tolerance > 1000 mils") -> OK, Tolerance<= 1000 mils
A79: DUT Port [ 2 : 3 ] to TE CONN | Z79: All Site All Port Length Matching Error 1000 mils
A80: Site | B80: Pin No | C80: Pin Name | D80: Net | E80: Length | F80: Net | G80: Length | H80: DUT-> Choke ( E + G ) 此處為最短距離 | I80: Net | J80: Length | K80: Net | L80: Length | M80: Net | N80: Length | O80: Net | P80: Length | Q80: Net | R80: Length | S80: Net | T80: Length | U80: Net | V80: Length | X80: Golden -> Choke Net (此處為最短距離) | Y80: Length | Z80: Total Length (mils) | AA80: P/N Difference (mils) | AB80: Golden | AC80: Pin No | AD80: Pin Name | AE80: Note
A81: SITE0 | B81: =VLOOKUP(C81,PinNo!$B:$C,2,0) -> A15 | C81: P2_GIGA_MDIN | D81: =VLOOKUP(CONCATENATE($A81,".",$B81),Netlist_VTable!$H:$I,2,0) -> S0_P2_GIGA_MDI- | E81: =VLOOKUP(D81,EtchLengthFromLayout!$A:$B,2,0) -> 218.92 | F81: =CONCATENATE("S",MID($A81,5,1),"_U1_",SUBSTITUTE($C81,"IN","I-") ) -> S0_U1_P2_GIGA_MDI- | G81: =VLOOKUP(F81,EtchLengthFromLayout!$A:$B,2,0) -> 100.55 | H81: =E81+G81 -> 319.47 | I81: =CONCATENATE("S",MID($A81,5,1),"_U2_",SUBSTITUTE($C81,"IN","I-") ) -> S0_U2_P2_GIGA_MDI- | J81: =VLOOKUP(I81,EtchLengthFromLayout!$A:$B,2,0) -> 9973.91 | K81: =CONCATENATE("S",MID($A81,5,1),"_U3_",SUBSTITUTE($C81,"IN","I-") ) -> S0_U3_P2_GIGA_MDI- | L81: =VLOOKUP(K81,EtchLengthFromLayout!$A:$B,2,0) -> 1009.92 | M81: =SUBSTITUTE($D81, "_P2","_U4") -> S0_U4_GIGA_MDI- | N81: =VLOOKUP(M81,EtchLengthFromLayout!$A:$B,2,0) -> 579.64 | Z81: =E81+G81+J81+L81+N81+P81+R81+T81+V81+Y81 -> 11882.94 | AA81: =ABS(Z81-Z82) -> 0.01 | AB81: GOLDEN0 | AC81: =VLOOKUP(AD81,PinNo!$B:$C,2,0) -> A15 | AD81: =C81 -> P2_GIGA_MDIN | AE81: DUT to TE CONN Port P2
