Workbook

Sheet LPC
A1: S7_Lpc_045 | B1: S3_Lpc_Ch89
A2: S7_Lpc_001 | B2: S3_Lpc_Ch87
A3: S7_Lpc_002 | B3: S3_Lpc_Ch31
A4: S7_Lpc_036 | B4: S3_Lpc_Ch71
A5: S7_Lpc_034 | B5: S3_Lpc_Ch24
A6: S7_Lpc_006 | B6: S3_Lpc_Ch14
A7: S7_Lpc_030 | B7: S3_Lpc_Ch06
A8: S7_Lpc_032 | B8: S1_Lpc_Ch94
A9: S7_Lpc_022 | B9: S1_Lpc_Ch93
A10: S7_Lpc_033 | B10: S1_Lpc_Ch81
A11: S7_Lpc_005 | B11: S1_Lpc_Ch80
A12: S7_Lpc_038 | B12: S1_Lpc_Ch89
... A448: S0_Lpc_A_015 | B448: S3_Lpc_Ch16

Sheet Duplication Check
A1: S0_LPC_001 | B1: =VLOOKUP(A1,LPC!$A:$B,2,0) -> S2_Lpc_Ch59 | C1: APPEAR ONCE: GREEN，APPEAR MULTIPLE TIMES: RED
A2: S0_LPC_002 | B2: =VLOOKUP(A2,LPC!$A:$B,2,0) -> S2_Lpc_Ch120
A3: S0_LPC_003 | B3: =VLOOKUP(A3,LPC!$A:$B,2,0) -> S2_Lpc_Ch61
A4: S0_LPC_005 | B4: =VLOOKUP(A4,LPC!$A:$B,2,0) -> S2_Lpc_Ch42
A5: S0_LPC_006 | B5: =VLOOKUP(A5,LPC!$A:$B,2,0) -> S2_Lpc_Ch107
A6: S0_LPC_007 | B6: =VLOOKUP(A6,LPC!$A:$B,2,0) -> S2_Lpc_Ch33
A7: S0_LPC_008 | B7: =VLOOKUP(A7,LPC!$A:$B,2,0) -> S2_Lpc_Ch117
A8: S0_LPC_009 | B8: =VLOOKUP(A8,LPC!$A:$B,2,0) -> S0_Lpc_Ch53
A9: S0_LPC_010 | B9: =VLOOKUP(A9,LPC!$A:$B,2,0) -> S2_Lpc_Ch108
A10: S0_LPC_012 | B10: =VLOOKUP(A10,LPC!$A:$B,2,0) -> S2_Lpc_Ch55
A11: S0_LPC_013+ | B11: =VLOOKUP(A11,LPC!$A:$B,2,0) -> S0_Lpc_Ch36
A12: S0_LPC_013- | B12: =VLOOKUP(A12,LPC!$A:$B,2,0) -> S0_Lpc_Ch37
A13: S0_LPC_016 | B13: =VLOOKUP(A13,LPC!$A:$B,2,0) -> S2_Lpc_Ch32
... A448: S7_LPC_B_037 | B448: =VLOOKUP(A448,LPC!$A:$B,2,0) -> S1_Lpc_Ch34

Sheet Differential Check
F1: DIFFERENTIAL CH | G1: ASSIGNED CH | H1: CH NUMBER | I1: CHECK(+EVEN,-ODD,CONTINUOUS ASSIGN)
F2: S0_LPC_013- | G2: =VLOOKUP(F2,LPC!$A:$B,2,0) -> S0_Lpc_Ch37 | H2: =MID(G2,10,3) -> 37 | I2: =H2-H3=1 -> TRUE
F3: S0_LPC_013+ | G3: =VLOOKUP(F3,LPC!$A:$B,2,0) -> S0_Lpc_Ch36 | H3: =MID(G3,10,3) -> 36 | I3: =ISEVEN(H3) -> TRUE
F4: S1_LPC_013- | G4: =VLOOKUP(F4,LPC!$A:$B,2,0) -> S0_Lpc_Ch35 | H4: =MID(G4,10,3) -> 35 | I4: =H4-H5=1 -> TRUE
F5: S1_LPC_013+ | G5: =VLOOKUP(F5,LPC!$A:$B,2,0) -> S0_Lpc_Ch34 | H5: =MID(G5,10,3) -> 34 | I5: =ISEVEN(H5) -> TRUE
F6: S2_LPC_013- | G6: =VLOOKUP(F6,LPC!$A:$B,2,0) -> S3_Lpc_Ch35 | H6: =MID(G6,10,3) -> 35 | I6: =H6-H7=1 -> TRUE
F7: S2_LPC_013+ | G7: =VLOOKUP(F7,LPC!$A:$B,2,0) -> S3_Lpc_Ch34 | H7: =MID(G7,10,3) -> 34 | I7: =ISEVEN(H7) -> TRUE
F8: S3_LPC_013- | G8: =VLOOKUP(F8,LPC!$A:$B,2,0) -> S3_Lpc_Ch37 | H8: =MID(G8,10,3) -> 37 | I8: =H8-H9=1 -> TRUE
F9: S3_LPC_013+ | G9: =VLOOKUP(F9,LPC!$A:$B,2,0) -> S3_Lpc_Ch36 | H9: =MID(G9,10,3) -> 36 | I9: =ISEVEN(H9) -> TRUE
F10: S4_LPC_013- | G10: =VLOOKUP(F10,LPC!$A:$B,2,0) -> S0_Lpc_Ch95 | H10: =MID(G10,10,3) -> 95 | I10: =H10-H11=1 -> TRUE
F11: S4_LPC_013+ | G11: =VLOOKUP(F11,LPC!$A:$B,2,0) -> S0_Lpc_Ch94 | H11: =MID(G11,10,3) -> 94 | I11: =ISEVEN(H11) -> TRUE
F12: S5_LPC_013- | G12: =VLOOKUP(F12,LPC!$A:$B,2,0) -> S0_Lpc_Ch93 | H12: =MID(G12,10,3) -> 93 | I12: =H12-H13=1 -> TRUE
F13: S5_LPC_013+ | G13: =VLOOKUP(F13,LPC!$A:$B,2,0) -> S0_Lpc_Ch92 | H13: =MID(G13,10,3) -> 92 | I13: =ISEVEN(H13) -> TRUE
F14: S6_LPC_013- | G14: =VLOOKUP(F14,LPC!$A:$B,2,0) -> S1_Lpc_Ch01 | H14: =MID(G14,10,3) -> 01 | I14: =H14-H15=1 -> TRUE
F15: S6_LPC_013+ | G15: =VLOOKUP(F15,LPC!$A:$B,2,0) -> S1_Lpc_Ch00 | H15: =MID(G15,10,3) -> 00 | I15: =ISEVEN(H15) -> TRUE
F16: S7_LPC_013- | G16: =VLOOKUP(F16,LPC!$A:$B,2,0) -> S1_Lpc_Ch03 | H16: =MID(G16,10,3) -> 03 | I16: =H16-H17=1 -> TRUE
F17: S7_LPC_013+ | G17: =VLOOKUP(F17,LPC!$A:$B,2,0) -> S1_Lpc_Ch02 | H17: =MID(G17,10,3) -> 02 | I17: =ISEVEN(H17) -> TRUE

Sheet Rider Check
E1: RIDER CH | G1: Define Slot | J1: DEFINE RIDER | K1: CHECK SAME RIDER
E2: S0_LPC_A_015 | F2: =VLOOKUP(E2,LPC!$A:$B,2,0) -> S3_Lpc_Ch16 | G2: =LEFT(F2,2) -> S3 | H2: =G2=G3 -> TRUE | I2: =MID(F2,10,5) -> 16 | J2: =IF(OR(AND(VALUE(I2)>=0,VALUE(I2)<=31),AND(VALUE(I2)>=64,VALUE(I2)<=95)), "RIDER0", "RIDER1") -> RIDER0 | K2: =J2=J3 -> TRUE
E3: S0_LPC_A_020 | F3: =VLOOKUP(E3,LPC!$A:$B,2,0) -> S3_Lpc_Ch79 | G3: =LEFT(F3,2) -> S3 | I3: =MID(F3,10,5) -> 79 | J3: =IF(OR(AND(VALUE(I3)>=0,VALUE(I3)<=31),AND(VALUE(I3)>=64,VALUE(I3)<=95)), "RIDER0", "RIDER1") -> RIDER0
E4: S0_LPC_B_031 | F4: =VLOOKUP(E4,LPC!$A:$B,2,0) -> S1_Lpc_Ch63 | G4: =LEFT(F4,2) -> S1 | H4: =G4=G5 -> TRUE | I4: =MID(F4,10,5) -> 63 | J4: =IF(OR(AND(VALUE(I4)>=0,VALUE(I4)<=31),AND(VALUE(I4)>=64,VALUE(I4)<=95)), "RIDER0", "RIDER1") -> RIDER1 | K4: =J4=J5 -> TRUE
E5: S0_LPC_B_037 | F5: =VLOOKUP(E5,LPC!$A:$B,2,0) -> S1_Lpc_Ch46 | G5: =LEFT(F5,2) -> S1 | I5: =MID(F5,10,5) -> 46 | J5: =IF(OR(AND(VALUE(I5)>=0,VALUE(I5)<=31),AND(VALUE(I5)>=64,VALUE(I5)<=95)), "RIDER0", "RIDER1") -> RIDER1
E6: S1_LPC_A_015 | F6: =VLOOKUP(E6,LPC!$A:$B,2,0) -> S3_Lpc_Ch11 | G6: =LEFT(F6,2) -> S3 | H6: =G6=G7 -> TRUE | I6: =MID(F6,10,5) -> 11 | J6: =IF(OR(AND(VALUE(I6)>=0,VALUE(I6)<=31),AND(VALUE(I6)>=64,VALUE(I6)<=95)), "RIDER0", "RIDER1") -> RIDER0 | K6: =J6=J7 -> TRUE
E7: S1_LPC_A_020 | F7: =VLOOKUP(E7,LPC!$A:$B,2,0) -> S3_Lpc_Ch78 | G7: =LEFT(F7,2) -> S3 | I7: =MID(F7,10,5) -> 78 | J7: =IF(OR(AND(VALUE(I7)>=0,VALUE(I7)<=31),AND(VALUE(I7)>=64,VALUE(I7)<=95)), "RIDER0", "RIDER1") -> RIDER0
E8: S1_LPC_B_031 | F8: =VLOOKUP(E8,LPC!$A:$B,2,0) -> S1_Lpc_Ch62 | G8: =LEFT(F8,2) -> S1 | H8: =G8=G9 -> TRUE | I8: =MID(F8,10,5) -> 62 | J8: =IF(OR(AND(VALUE(I8)>=0,VALUE(I8)<=31),AND(VALUE(I8)>=64,VALUE(I8)<=95)), "RIDER0", "RIDER1") -> RIDER1 | K8: =J8=J9 -> TRUE
E9: S1_LPC_B_037 | F9: =VLOOKUP(E9,LPC!$A:$B,2,0) -> S1_Lpc_Ch52 | G9: =LEFT(F9,2) -> S1 | I9: =MID(F9,10,5) -> 52 | J9: =IF(OR(AND(VALUE(I9)>=0,VALUE(I9)<=31),AND(VALUE(I9)>=64,VALUE(I9)<=95)), "RIDER0", "RIDER1") -> RIDER1
E10: S2_LPC_A_015 | F10: =VLOOKUP(E10,LPC!$A:$B,2,0) -> S3_Lpc_Ch29 | G10: =LEFT(F10,2) -> S3 | H10: =G10=G11 -> TRUE | I10: =MID(F10,10,5) -> 29 | J10: =IF(OR(AND(VALUE(I10)>=0,VALUE(I10)<=31),AND(VALUE(I10)>=64,VALUE(I10)<=95)), "RIDER0", "RIDER1") -> RIDER0 | K10: =J10=J11 -> TRUE
E11: S2_LPC_A_020 | F11: =VLOOKUP(E11,LPC!$A:$B,2,0) -> S3_Lpc_Ch84 | G11: =LEFT(F11,2) -> S3 | I11: =MID(F11,10,5) -> 84 | J11: =IF(OR(AND(VALUE(I11)>=0,VALUE(I11)<=31),AND(VALUE(I11)>=64,VALUE(I11)<=95)), "RIDER0", "RIDER1") -> RIDER0
E12: S2_LPC_B_031 | F12: =VLOOKUP(E12,LPC!$A:$B,2,0) -> S1_Lpc_Ch39 | G12: =LEFT(F12,2) -> S1 | H12: =G12=G13 -> TRUE | I12: =MID(F12,10,5) -> 39 | J12: =IF(OR(AND(VALUE(I12)>=0,VALUE(I12)<=31),AND(VALUE(I12)>=64,VALUE(I12)<=95)), "RIDER0", "RIDER1") -> RIDER1 | K12: =J12=J13 -> TRUE
E13: S2_LPC_B_037 | F13: =VLOOKUP(E13,LPC!$A:$B,2,0) -> S1_Lpc_Ch32 | G13: =LEFT(F13,2) -> S1 | I13: =MID(F13,10,5) -> 32 | J13: =IF(OR(AND(VALUE(I13)>=0,VALUE(I13)<=31),AND(VALUE(I13)>=64,VALUE(I13)<=95)), "RIDER0", "RIDER1") -> RIDER1
E14: S3_LPC_A_015 | F14: =VLOOKUP(E14,LPC!$A:$B,2,0) -> S3_Lpc_Ch17 | G14: =LEFT(F14,2) -> S3 | H14: =G14=G15 -> TRUE | I14: =MID(F14,10,5) -> 17 | J14: =IF(OR(AND(VALUE(I14)>=0,VALUE(I14)<=31),AND(VALUE(I14)>=64,VALUE(I14)<=95)), "RIDER0", "RIDER1") -> RIDER0 | K14: =J14=J15 -> TRUE
E15: S3_LPC_A_020 | F15: =VLOOKUP(E15,LPC!$A:$B,2,0) -> S3_Lpc_Ch85 | G15: =LEFT(F15,2) -> S3 | I15: =MID(F15,10,5) -> 85 | J15: =IF(OR(AND(VALUE(I15)>=0,VALUE(I15)<=31),AND(VALUE(I15)>=64,VALUE(I15)<=95)), "RIDER0", "RIDER1") -> RIDER0
E16: S3_LPC_B_031 | F16: =VLOOKUP(E16,LPC!$A:$B,2,0) -> S1_Lpc_Ch45 | G16: =LEFT(F16,2) -> S1 | H16: =G16=G17 -> TRUE | I16: =MID(F16,10,5) -> 45 | J16: =IF(OR(AND(VALUE(I16)>=0,VALUE(I16)<=31),AND(VALUE(I16)>=64,VALUE(I16)<=95)), "RIDER0", "RIDER1") -> RIDER1 | K16: =J16=J17 -> TRUE
E17: S3_LPC_B_037 | F17: =VLOOKUP(E17,LPC!$A:$B,2,0) -> S1_Lpc_Ch33 | G17: =LEFT(F17,2) -> S1 | I17: =MID(F17,10,5) -> 33 | J17: =IF(OR(AND(VALUE(I17)>=0,VALUE(I17)<=31),AND(VALUE(I17)>=64,VALUE(I17)<=95)), "RIDER0", "RIDER1") -> RIDER1
E18: S4_LPC_A_015 | F18: =VLOOKUP(E18,LPC!$A:$B,2,0) -> S3_Lpc_Ch05 | G18: =LEFT(F18,2) -> S3 | H18: =G18=G19 -> TRUE | I18: =MID(F18,10,5) -> 05 | J18: =IF(OR(AND(VALUE(I18)>=0,VALUE(I18)<=31),AND(VALUE(I18)>=64,VALUE(I18)<=95)), "RIDER0", "RIDER1") -> RIDER0 | K18: =J18=J19 -> TRUE
E19: S4_LPC_A_020 | F19: =VLOOKUP(E19,LPC!$A:$B,2,0) -> S3_Lpc_Ch73 | G19: =LEFT(F19,2) -> S3 | I19: =MID(F19,10,5) -> 73 | J19: =IF(OR(AND(VALUE(I19)>=0,VALUE(I19)<=31),AND(VALUE(I19)>=64,VALUE(I19)<=95)), "RIDER0", "RIDER1") -> RIDER0
E20: S4_LPC_B_031 | F20: =VLOOKUP(E20,LPC!$A:$B,2,0) -> S1_Lpc_Ch57 | G20: =LEFT(F20,2) -> S1 | H20: =G20=G21 -> TRUE | I20: =MID(F20,10,5) -> 57 | J20: =IF(OR(AND(VALUE(I20)>=0,VALUE(I20)<=31),AND(VALUE(I20)>=64,VALUE(I20)<=95)), "RIDER0", "RIDER1") -> RIDER1 | K20: =J20=J21 -> TRUE
E21: S4_LPC_B_037 | F21: =VLOOKUP(E21,LPC!$A:$B,2,0) -> S1_Lpc_Ch44 | G21: =LEFT(F21,2) -> S1 | I21: =MID(F21,10,5) -> 44 | J21: =IF(OR(AND(VALUE(I21)>=0,VALUE(I21)<=31),AND(VALUE(I21)>=64,VALUE(I21)<=95)), "RIDER0", "RIDER1") -> RIDER1
E22: S5_LPC_A_015 | F22: =VLOOKUP(E22,LPC!$A:$B,2,0) -> S3_Lpc_Ch04 | G22: =LEFT(F22,2) -> S3 | H22: =G22=G23 -> TRUE | I22: =MID(F22,10,5) -> 04 | J22: =IF(OR(AND(VALUE(I22)>=0,VALUE(I22)<=31),AND(VALUE(I22)>=64,VALUE(I22)<=95)), "RIDER0", "RIDER1") -> RIDER0 | K22: =J22=J23 -> TRUE
E23: S5_LPC_A_020 | F23: =VLOOKUP(E23,LPC!$A:$B,2,0) -> S3_Lpc_Ch72 | G23: =LEFT(F23,2) -> S3 | I23: =MID(F23,10,5) -> 72 | J23: =IF(OR(AND(VALUE(I23)>=0,VALUE(I23)<=31),AND(VALUE(I23)>=64,VALUE(I23)<=95)), "RIDER0", "RIDER1") -> RIDER0
E24: S5_LPC_B_031 | F24: =VLOOKUP(E24,LPC!$A:$B,2,0) -> S1_Lpc_Ch56 | G24: =LEFT(F24,2) -> S1 | H24: =G24=G25 -> TRUE | I24: =MID(F24,10,5) -> 56 | J24: =IF(OR(AND(VALUE(I24)>=0,VALUE(I24)<=31),AND(VALUE(I24)>=64,VALUE(I24)<=95)), "RIDER0", "RIDER1") -> RIDER1 | K24: =J24=J25 -> TRUE
E25: S5_LPC_B_037 | F25: =VLOOKUP(E25,LPC!$A:$B,2,0) -> S1_Lpc_Ch40 | G25: =LEFT(F25,2) -> S1 | I25: =MID(F25,10,5) -> 40 | J25: =IF(OR(AND(VALUE(I25)>=0,VALUE(I25)<=31),AND(VALUE(I25)>=64,VALUE(I25)<=95)), "RIDER0", "RIDER1") -> RIDER1
E26: S6_LPC_A_015 | F26: =VLOOKUP(E26,LPC!$A:$B,2,0) -> S3_Lpc_Ch95 | G26: =LEFT(F26,2) -> S3 | H26: =G26=G27 -> TRUE | I26: =MID(F26,10,5) -> 95 | J26: =IF(OR(AND(VALUE(I26)>=0,VALUE(I26)<=31),AND(VALUE(I26)>=64,VALUE(I26)<=95)), "RIDER0", "RIDER1") -> RIDER0 | K26: =J26=J27 -> TRUE
E27: S6_LPC_A_020 | F27: =VLOOKUP(E27,LPC!$A:$B,2,0) -> S3_Lpc_Ch90 | G27: =LEFT(F27,2) -> S3 | I27: =MID(F27,10,5) -> 90 | J27: =IF(OR(AND(VALUE(I27)>=0,VALUE(I27)<=31),AND(VALUE(I27)>=64,VALUE(I27)<=95)), "RIDER0", "RIDER1") -> RIDER0
E28: S6_LPC_B_031 | F28: =VLOOKUP(E28,LPC!$A:$B,2,0) -> S1_Lpc_Ch50 | G28: =LEFT(F28,2) -> S1 | H28: =G28=G29 -> TRUE | I28: =MID(F28,10,5) -> 50 | J28: =IF(OR(AND(VALUE(I28)>=0,VALUE(I28)<=31),AND(VALUE(I28)>=64,VALUE(I28)<=95)), "RIDER0", "RIDER1") -> RIDER1 | K28: =J28=J29 -> TRUE
E29: S6_LPC_B_037 | F29: =VLOOKUP(E29,LPC!$A:$B,2,0) -> S1_Lpc_Ch38 | G29: =LEFT(F29,2) -> S1 | I29: =MID(F29,10,5) -> 38 | J29: =IF(OR(AND(VALUE(I29)>=0,VALUE(I29)<=31),AND(VALUE(I29)>=64,VALUE(I29)<=95)), "RIDER0", "RIDER1") -> RIDER1
E30: S7_LPC_A_015 | F30: =VLOOKUP(E30,LPC!$A:$B,2,0) -> S3_Lpc_Ch67 | G30: =LEFT(F30,2) -> S3 | H30: =G30=G31 -> TRUE | I30: =MID(F30,10,5) -> 67 | J30: =IF(OR(AND(VALUE(I30)>=0,VALUE(I30)<=31),AND(VALUE(I30)>=64,VALUE(I30)<=95)), "RIDER0", "RIDER1") -> RIDER0 | K30: =J30=J31 -> TRUE
E31: S7_LPC_A_020 | F31: =VLOOKUP(E31,LPC!$A:$B,2,0) -> S3_Lpc_Ch91 | G31: =LEFT(F31,2) -> S3 | I31: =MID(F31,10,5) -> 91 | J31: =IF(OR(AND(VALUE(I31)>=0,VALUE(I31)<=31),AND(VALUE(I31)>=64,VALUE(I31)<=95)), "RIDER0", "RIDER1") -> RIDER0
E32: S7_LPC_B_031 | F32: =VLOOKUP(E32,LPC!$A:$B,2,0) -> S1_Lpc_Ch51 | G32: =LEFT(F32,2) -> S1 | H32: =G32=G33 -> TRUE | I32: =MID(F32,10,5) -> 51 | J32: =IF(OR(AND(VALUE(I32)>=0,VALUE(I32)<=31),AND(VALUE(I32)>=64,VALUE(I32)<=95)), "RIDER0", "RIDER1") -> RIDER1 | K32: =J32=J33 -> TRUE
E33: S7_LPC_B_037 | F33: =VLOOKUP(E33,LPC!$A:$B,2,0) -> S1_Lpc_Ch34 | G33: =LEFT(F33,2) -> S1 | I33: =MID(F33,10,5) -> 34 | J33: =IF(OR(AND(VALUE(I33)>=0,VALUE(I33)<=31),AND(VALUE(I33)>=64,VALUE(I33)<=95)), "RIDER0", "RIDER1") -> RIDER1
Z129: p10
