Workbook

Sheet PinNo
A1: 1 | B1: LX_OUT | C1: =A1 -> 1
A2: 2 | B2: VDD33[1] | C2: =A2 -> 2
A3: 3 | B3: VDD33[2] | C3: =A3 -> 3
A4: 4 | B4: INTB | C4: =A4 -> 4
A5: 5 | B5: PHYRSTB | C5: =A5 -> 5
A6: 6 | B6: DVDD09 | C6: =A6 -> 6
A7: 7 | B7: XTAL_OUT | C7: =A7 -> 7
A8: 8 | B8: XTAL_IN | C8: =A8 -> 8
A9: 9 | B9: AVDD33[1] | C9: =A9 -> 9
A10: 10 | B10: WAKE | C10: =A10 -> 10
A11: 11 | B11: VBAT | C11: =A11 -> 11
A12: 12 | B12: INH | C12: =A12 -> 12
... A48: 24 | B48: DVDD[1] | C48: =A48 -> 24
A49: GH1 | B49: GH1 | C49: =A49 -> GH1
A50: GH2 | B50: GH2 | C50: =A50 -> GH2
A51: NUT1 | B51: NUT1 | C51: =A51 -> NUT1
A52: NUT2 | B52: NUT2 | C52: =A52 -> NUT2
A53: EP1 | B53: EP1 | C53: =A53 -> EP1
A54: EP2 | B54: EP2 | C54: =A54 -> EP2
A55: EP3 | B55: EP3 | C55: =A55 -> EP3
A56: EP4 | B56: EP4 | C56: =A56 -> EP4
A57: EP5 | B57: EP5 | C57: =A57 -> EP5
A58: EP6 | B58: EP6 | C58: =A58 -> EP6
A59: EP7 | B59: EP7 | C59: =A59 -> EP7
A60: EP8 | B60: EP8 | C60: =A60 -> EP8
... A96: EP40 | B96: EP40 | C96: =A96 -> EP40
C97: =A97 -> 0
C98: =A98 -> 0
C99: =A99 -> 0
C100: =A100 -> 0
C101: =A101 -> 0
C102: =A102 -> 0
C103: =A103 -> 0
C104: =A104 -> 0
C105: =A105 -> 0
C106: =A106 -> 0
C107: =A107 -> 0
C108: =A108 -> 0
... C225: =A225 -> 0

Sheet Netlist_VTable
C1: refer | E1: Net Name | F1: Number | G1: Name | H1: =CONCATENATE(C1,".",F1) -> refer.Number | I1: =E1 -> Net Name
A2: SCHEMATIC1 | B2: P000Z_SD0_SD1_DB_ACR | C2: DSP1 | D2: 1 | E2: SD1_HSD048 | F2: 1 | G2: 1 | H2: =CONCATENATE(C2,".",F2) -> DSP1.1 | I2: =E2 -> SD1_HSD048
A3: SCHEMATIC1 | B3: P000Z_SD0_SD1_DB_ACR | C3: DSP1 | D3: 2 | E3: SD0_HSD048 | F3: 2 | G3: 2 | H3: =CONCATENATE(C3,".",F3) -> DSP1.2 | I3: =E3 -> SD0_HSD048
A4: SCHEMATIC1 | B4: P000Z_SD0_SD1_DB_ACR | C4: DSP1 | D4: 3 | E4: SD1_HSD049 | F4: 3 | G4: 3 | H4: =CONCATENATE(C4,".",F4) -> DSP1.3 | I4: =E4 -> SD1_HSD049
A5: SCHEMATIC1 | B5: P000Z_SD0_SD1_DB_ACR | C5: DSP1 | D5: 4 | E5: SD0_HSD049 | F5: 4 | G5: 4 | H5: =CONCATENATE(C5,".",F5) -> DSP1.4 | I5: =E5 -> SD0_HSD049
A6: SCHEMATIC1 | B6: P000Z_SD0_SD1_DB_ACR | C6: DSP1 | D6: 5 | E6: SD1_HSD050 | F6: 5 | G6: 5 | H6: =CONCATENATE(C6,".",F6) -> DSP1.5 | I6: =E6 -> SD1_HSD050
A7: SCHEMATIC1 | B7: P000Z_SD0_SD1_DB_ACR | C7: DSP1 | D7: 6 | E7: SD0_HSD050 | F7: 6 | G7: 6 | H7: =CONCATENATE(C7,".",F7) -> DSP1.6 | I7: =E7 -> SD0_HSD050
A8: SCHEMATIC1 | B8: P000Z_SD0_SD1_DB_ACR | C8: DSP1 | D8: 7 | E8: SD1_HSD051 | F8: 7 | G8: 7 | H8: =CONCATENATE(C8,".",F8) -> DSP1.7 | I8: =E8 -> SD1_HSD051
A9: SCHEMATIC1 | B9: P000Z_SD0_SD1_DB_ACR | C9: DSP1 | D9: 8 | E9: SD0_HSD051 | F9: 8 | G9: 8 | H9: =CONCATENATE(C9,".",F9) -> DSP1.8 | I9: =E9 -> SD0_HSD051
A10: SCHEMATIC1 | B10: P000Z_SD0_SD1_DB_ACR | C10: DSP1 | D10: 9 | E10: SD1_HSD052 | F10: 9 | G10: 9 | H10: =CONCATENATE(C10,".",F10) -> DSP1.9 | I10: =E10 -> SD1_HSD052
A11: SCHEMATIC1 | B11: P000Z_SD0_SD1_DB_ACR | C11: DSP1 | D11: 10 | E11: SD0_HSD052 | F11: 10 | G11: 10 | H11: =CONCATENATE(C11,".",F11) -> DSP1.10 | I11: =E11 -> SD0_HSD052
A12: SCHEMATIC1 | B12: P000Z_SD0_SD1_DB_ACR | C12: DSP1 | D12: 11 | E12: SD1_HSD053 | F12: 11 | G12: 11 | H12: =CONCATENATE(C12,".",F12) -> DSP1.11 | I12: =E12 -> SD1_HSD053
A13: SCHEMATIC1 | B13: P000Z_SD0_SD1_DB_ACR | C13: DSP1 | D13: 12 | E13: SD0_HSD053 | F13: 12 | G13: 12 | H13: =CONCATENATE(C13,".",F13) -> DSP1.12 | I13: =E13 -> SD0_HSD053
... A75: SCHEMATIC1 | B75: P000Z_SD0_SD1_DB_ACR | C75: DSP1 | D75: 74 | E75: DGND | F75: 74 | G75: 74 | H75: =CONCATENATE(C75,".",F75) -> DSP1.74 | I75: =E75 -> DGND
A76: SCHEMATIC1 | B76: P000Z_SD0_SD1_DB_ACR | C76: DSP1 | D76: 75 | F76: 75 | G76: 75 | H76: =CONCATENATE(C76,".",F76) -> DSP1.75 | I76: =E76 -> 0
A77: SCHEMATIC1 | B77: P000Z_SD0_SD1_DB_ACR | C77: DSP1 | D77: 76 | F77: 76 | G77: 76 | H77: =CONCATENATE(C77,".",F77) -> DSP1.76 | I77: =E77 -> 0
A78: SCHEMATIC1 | B78: P000Z_SD0_SD1_DB_ACR | C78: DSP1 | D78: 77 | E78: DGND | F78: 77 | G78: 77 | H78: =CONCATENATE(C78,".",F78) -> DSP1.77 | I78: =E78 -> DGND
A79: SCHEMATIC1 | B79: P000Z_SD0_SD1_DB_ACR | C79: DSP1 | D79: 78 | E79: DGND | F79: 78 | G79: 78 | H79: =CONCATENATE(C79,".",F79) -> DSP1.78 | I79: =E79 -> DGND
A80: SCHEMATIC1 | B80: P000Z_SD0_SD1_DB_ACR | C80: DSP1 | D80: 79 | F80: 79 | G80: 79 | H80: =CONCATENATE(C80,".",F80) -> DSP1.79 | I80: =E80 -> 0
A81: SCHEMATIC1 | B81: P000Z_SD0_SD1_DB_ACR | C81: DSP1 | D81: 80 | F81: 80 | G81: 80 | H81: =CONCATENATE(C81,".",F81) -> DSP1.80 | I81: =E81 -> 0
A82: SCHEMATIC1 | B82: P000Z_SD0_SD1_DB_ACR | C82: DSP1 | D82: G1 | E82: DGND | F82: G1 | G82: G1 | H82: =CONCATENATE(C82,".",F82) -> DSP1.G1 | I82: =E82 -> DGND
A83: SCHEMATIC1 | B83: P000Z_SD0_SD1_DB_ACR | C83: DSP1 | D83: G2 | E83: DGND | F83: G2 | G83: G2 | H83: =CONCATENATE(C83,".",F83) -> DSP1.G2 | I83: =E83 -> DGND
A84: SCHEMATIC1 | B84: P000Z_SD0_SD1_DB_ACR | C84: DSP1 | D84: G3 | E84: DGND | F84: G3 | G84: G3 | H84: =CONCATENATE(C84,".",F84) -> DSP1.G3 | I84: =E84 -> DGND
A85: SCHEMATIC1 | B85: P000Z_SD0_SD1_DB_ACR | C85: DSP1 | D85: G4 | E85: DGND | F85: G4 | G85: G4 | H85: =CONCATENATE(C85,".",F85) -> DSP1.G4 | I85: =E85 -> DGND
A86: SCHEMATIC1 | B86: P000Z_SD0_SD1_DB_ACR | C86: DSP1 | D86: G5 | E86: DGND | F86: G5 | G86: G5 | H86: =CONCATENATE(C86,".",F86) -> DSP1.G5 | I86: =E86 -> DGND
A87: SCHEMATIC1 | B87: P000Z_SD0_SD1_DB_ACR | C87: DSP1 | D87: G6 | E87: DGND | F87: G6 | G87: G6 | H87: =CONCATENATE(C87,".",F87) -> DSP1.G6 | I87: =E87 -> DGND
A88: SCHEMATIC1 | B88: P000Z_SD0_SD1_DB_ACR | C88: DSP1 | D88: G7 | E88: DGND | F88: G7 | G88: G7 | H88: =CONCATENATE(C88,".",F88) -> DSP1.G7 | I88: =E88 -> DGND
A89: SCHEMATIC1 | B89: P000Z_SD0_SD1_DB_ACR | C89: DSP1 | D89: G8 | E89: DGND | F89: G8 | G89: G8 | H89: =CONCATENATE(C89,".",F89) -> DSP1.G8 | I89: =E89 -> DGND
A90: SCHEMATIC1 | B90: P000Z_SD0_SD1_DB_ACR | C90: DSP1 | D90: GH1 | F90: GH1 | G90: GH1 | H90: =CONCATENATE(C90,".",F90) -> DSP1.GH1 | I90: =E90 -> 0
A91: SCHEMATIC1 | B91: P000Z_SD0_SD1_DB_ACR | C91: DSP1 | D91: GH2 | F91: GH2 | G91: GH2 | H91: =CONCATENATE(C91,".",F91) -> DSP1.GH2 | I91: =E91 -> 0
A92: SCHEMATIC1 | B92: P000Z_SD0_SD1_DB_ACR | C92: DSP1 | D92: NUT1 | F92: NUT1 | G92: NUT1 | H92: =CONCATENATE(C92,".",F92) -> DSP1.NUT1 | I92: =E92 -> 0
A93: SCHEMATIC1 | B93: P000Z_SD0_SD1_DB_ACR | C93: DSP1 | D93: NUT2 | F93: NUT2 | G93: NUT2 | H93: =CONCATENATE(C93,".",F93) -> DSP1.NUT2 | I93: =E93 -> 0
A94: SCHEMATIC1 | B94: P000Z_SD0_SD1_DB_ACR | C94: DSP1 | D94: NUT3 | F94: NUT3 | G94: NUT3 | H94: =CONCATENATE(C94,".",F94) -> DSP1.NUT3 | I94: =E94 -> 0
A95: SCHEMATIC1 | B95: P000Z_SD0_SD1_DB_ACR | C95: DSP1 | D95: NUT4 | F95: NUT4 | G95: NUT4 | H95: =CONCATENATE(C95,".",F95) -> DSP1.NUT4 | I95: =E95 -> 0
A96: SCHEMATIC1 | B96: P000Z_SD0_SD1_DB_ACR | C96: DSP1 | D96: NUT5 | F96: NUT5 | G96: NUT5 | H96: =CONCATENATE(C96,".",F96) -> DSP1.NUT5 | I96: =E96 -> 0
A97: SCHEMATIC1 | B97: P000Z_SD0_SD1_DB_ACR | C97: DSP1 | D97: NUT6 | F97: NUT6 | G97: NUT6 | H97: =CONCATENATE(C97,".",F97) -> DSP1.NUT6 | I97: =E97 -> 0
A98: SCHEMATIC1 | B98: P0001_S0_DUT | C98: JK54 | D98: 1 | E98: SC0145_RLY_K054 | F98: 1 | G98: 1 | H98: =CONCATENATE(C98,".",F98) -> JK54.1 | I98: =E98 -> SC0145_RLY_K054
A99: SCHEMATIC1 | B99: P0001_S0_DUT | C99: JK54 | D99: 2 | E99: DGND | F99: 2 | G99: 2 | H99: =CONCATENATE(C99,".",F99) -> JK54.2 | I99: =E99 -> DGND
A100: SCHEMATIC1 | B100: P0001_S0_DUT | C100: K54 | D100: 2 | F100: 2 | G100: 2 | H100: =CONCATENATE(C100,".",F100) -> K54.2 | I100: =E100 -> 0
A101: SCHEMATIC1 | B101: P0001_S0_DUT | C101: K54 | D101: 3 | F101: 3 | G101: 3 | H101: =CONCATENATE(C101,".",F101) -> K54.3 | I101: =E101 -> 0
A102: SCHEMATIC1 | B102: P0001_S0_DUT | C102: K54 | D102: 4 | F102: 4 | G102: 4 | H102: =CONCATENATE(C102,".",F102) -> K54.4 | I102: =E102 -> 0
A103: SCHEMATIC1 | B103: P0001_S0_DUT | C103: K54 | D103: 5 | E103: S0_WAKE_HSD050 | F103: 5 | G103: 5 | H103: =CONCATENATE(C103,".",F103) -> K54.5 | I103: =E103 -> S0_WAKE_HSD050
A104: SCHEMATIC1 | B104: P0001_S0_DUT | C104: K54 | D104: 6 | E104: S0_WAKE | F104: 6 | G104: 6 | H104: =CONCATENATE(C104,".",F104) -> K54.6 | I104: =E104 -> S0_WAKE
A105: SCHEMATIC1 | B105: P0001_S0_DUT | C105: K54 | D105: 7 | E105: S0_1WAKE | F105: 7 | G105: 7 | H105: =CONCATENATE(C105,".",F105) -> K54.7 | I105: =E105 -> S0_1WAKE
A106: SCHEMATIC1 | B106: P0001_S0_DUT | C106: K54 | D106: V+ | E106: VP12 | F106: 1 | G106: V+ | H106: =CONCATENATE(C106,".",F106) -> K54.1 | I106: =E106 -> VP12
A107: SCHEMATIC1 | B107: P0001_S0_DUT | C107: K54 | D107: V- | E107: SC0145_RLY_K054 | F107: 8 | G107: V- | H107: =CONCATENATE(C107,".",F107) -> K54.8 | I107: =E107 -> SC0145_RLY_K054
A108: SCHEMATIC1 | B108: P0001_S0_DUT | C108: R12 | D108: 1 | E108: S0_HSD003 | F108: 1 | G108: 1 | H108: =CONCATENATE(C108,".",F108) -> R12.1 | I108: =E108 -> S0_HSD003
A109: SCHEMATIC1 | B109: P0001_S0_DUT | C109: R12 | D109: 2 | E109: S0_INH | F109: 2 | G109: 2 | H109: =CONCATENATE(C109,".",F109) -> R12.2 | I109: =E109 -> S0_INH
A110: SCHEMATIC1 | B110: P0001_S0_DUT | C110: R13 | D110: 1 | E110: DGND | F110: 1 | G110: 1 | H110: =CONCATENATE(C110,".",F110) -> R13.1 | I110: =E110 -> DGND
A111: SCHEMATIC1 | B111: P0001_S0_DUT | C111: R13 | D111: 2 | E111: S0_INH | F111: 2 | G111: 2 | H111: =CONCATENATE(C111,".",F111) -> R13.2 | I111: =E111 -> S0_INH
A112: SCHEMATIC1 | B112: P0001_S0_DUT | C112: R14 | D112: 1 | E112: DGND | F112: 1 | G112: 1 | H112: =CONCATENATE(C112,".",F112) -> R14.1 | I112: =E112 -> DGND
A113: SCHEMATIC1 | B113: P0001_S0_DUT | C113: R14 | D113: 2 | E113: S0_RSET | F113: 2 | G113: 2 | H113: =CONCATENATE(C113,".",F113) -> R14.2 | I113: =E113 -> S0_RSET
A114: SCHEMATIC1 | B114: P0001_S0_DUT | C114: R576 | D114: 1 | E114: DGND | F114: 1 | G114: 1 | H114: =CONCATENATE(C114,".",F114) -> R576.1 | I114: =E114 -> DGND
A115: SCHEMATIC1 | B115: P0001_S0_DUT | C115: R576 | D115: 2 | E115: S0_1WAKE | F115: 2 | G115: 2 | H115: =CONCATENATE(C115,".",F115) -> R576.2 | I115: =E115 -> S0_1WAKE
A116: SCHEMATIC1 | B116: P0001_S0_DUT | C116: S0_DGND1 | D116: TP | E116: DGND | F116: 1 | G116: TP | H116: =CONCATENATE(C116,".",F116) -> S0_DGND1.1 | I116: =E116 -> DGND
A117: SCHEMATIC1 | B117: P0001_S0_DUT | C117: S0_DGND2 | D117: TP | E117: DGND | F117: 1 | G117: TP | H117: =CONCATENATE(C117,".",F117) -> S0_DGND2.1 | I117: =E117 -> DGND
A118: SCHEMATIC1 | B118: P0001_S0_DUT | C118: S0_DGND3 | D118: TP | E118: DGND | F118: 1 | G118: TP | H118: =CONCATENATE(C118,".",F118) -> S0_DGND3.1 | I118: =E118 -> DGND
A119: SCHEMATIC1 | B119: P0001_S0_DUT | C119: S0_DGND4 | D119: TP | E119: DGND | F119: 1 | G119: TP | H119: =CONCATENATE(C119,".",F119) -> S0_DGND4.1 | I119: =E119 -> DGND
A120: SCHEMATIC1 | B120: P0001_S0_DUT | C120: S0_DISB | D120: 1 | E120: S0_SCO_DSIB_HSD010 | F120: 1 | G120: 1 | H120: =CONCATENATE(C120,".",F120) -> S0_DISB.1 | I120: =E120 -> S0_SCO_DSIB_HSD010
A121: SCHEMATIC1 | B121: P0001_S0_DUT | C121: S0_INH | D121: TP | E121: S0_INH | F121: 1 | G121: TP | H121: =CONCATENATE(C121,".",F121) -> S0_INH.1 | I121: =E121 -> S0_INH
A122: SCHEMATIC1 | B122: P0001_S0_DUT | C122: S0_LX_OUT | D122: TP | E122: S0_LX_OUT | F122: 1 | G122: TP | H122: =CONCATENATE(C122,".",F122) -> S0_LX_OUT.1 | I122: =E122 -> S0_LX_OUT
A123: SCHEMATIC1 | B123: P0001_S0_DUT | C123: S0_OFFLINE_0V9_12V | D123: 1 | E123: S0_DVDD09_OFF_LINE | F123: 1 | G123: 1 | H123: =CONCATENATE(C123,".",F123) -> S0_OFFLINE_0V9_12V.1 | I123: =E123 -> S0_DVDD09_OFF_LINE
A124: SCHEMATIC1 | B124: P0001_S0_DUT | C124: S0_OFFLINE_0V9_12V | D124: 2 | E124: S0_AVDD09_OFF_LINE | F124: 2 | G124: 2 | H124: =CONCATENATE(C124,".",F124) -> S0_OFFLINE_0V9_12V.2 | I124: =E124 -> S0_AVDD09_OFF_LINE
A125: SCHEMATIC1 | B125: P0001_S0_DUT | C125: S0_OFFLINE_0V9_12V | D125: 3 | E125: S0_VBAT_12V_OFF_LINE | F125: 3 | G125: 3 | H125: =CONCATENATE(C125,".",F125) -> S0_OFFLINE_0V9_12V.3 | I125: =E125 -> S0_VBAT_12V_OFF_LINE
A126: SCHEMATIC1 | B126: P0001_S0_DUT | C126: S0_OFFLINE_3V3 | D126: 1 | E126: DGND | F126: 1 | G126: 1 | H126: =CONCATENATE(C126,".",F126) -> S0_OFFLINE_3V3.1 | I126: =E126 -> DGND
A127: SCHEMATIC1 | B127: P0001_S0_DUT | C127: S0_OFFLINE_3V3 | D127: 2 | E127: S0_AVDD33_OFF_LINE | F127: 2 | G127: 2 | H127: =CONCATENATE(C127,".",F127) -> S0_OFFLINE_3V3.2 | I127: =E127 -> S0_AVDD33_OFF_LINE
A128: SCHEMATIC1 | B128: P0001_S0_DUT | C128: S0_OFFLINE_3V3 | D128: 3 | E128: S0_DVDD33_OFF_LINE | F128: 3 | G128: 3 | H128: =CONCATENATE(C128,".",F128) -> S0_OFFLINE_3V3.3 | I128: =E128 -> S0_DVDD33_OFF_LINE
A129: SCHEMATIC1 | B129: P0001_S0_DUT | C129: S0_OFFLINE_3V3_5V | D129: 1 | E129: S0_VDD33_OFF_LINE | F129: 1 | G129: 1 | H129: =CONCATENATE(C129,".",F129) -> S0_OFFLINE_3V3_5V.1 | I129: =E129 -> S0_VDD33_OFF_LINE
A130: SCHEMATIC1 | B130: P0001_S0_DUT | C130: S0_OFFLINE_3V3_5V | D130: 2 | E130: S0_VDD33_1 | F130: 2 | G130: 2 | H130: =CONCATENATE(C130,".",F130) -> S0_OFFLINE_3V3_5V.2 | I130: =E130 -> S0_VDD33_1
A131: SCHEMATIC1 | B131: P0001_S0_DUT | C131: S0_PHYRSTB | D131: 1 | E131: S0_HSD002 | F131: 1 | G131: 1 | H131: =CONCATENATE(C131,".",F131) -> S0_PHYRSTB.1 | I131: =E131 -> S0_HSD002
A132: SCHEMATIC1 | B132: P0001_S0_DUT | C132: S0_REST | D132: TP | E132: S0_RSET | F132: 1 | G132: TP | H132: =CONCATENATE(C132,".",F132) -> S0_REST.1 | I132: =E132 -> S0_RSET
A133: SCHEMATIC1 | B133: P0001_S0_DUT | C133: SITE0 | D133: AVDD09[1] | E133: S0_AVDD09_DUT | F133: 15 | G133: AVDD09[1] | H133: =CONCATENATE(C133,".",F133) -> SITE0.15 | I133: =E133 -> S0_AVDD09_DUT
A134: SCHEMATIC1 | B134: P0001_S0_DUT | C134: SITE0 | D134: AVDD09[2] | E134: S0_AVDD09_SDS | F134: 40 | G134: AVDD09[2] | H134: =CONCATENATE(C134,".",F134) -> SITE0.40 | I134: =E134 -> S0_AVDD09_SDS
A135: SCHEMATIC1 | B135: P0001_S0_DUT | C135: SITE0 | D135: AVDD33[1] | E135: S0_AVDD33_XTAL | F135: 9 | G135: AVDD33[1] | H135: =CONCATENATE(C135,".",F135) -> SITE0.9 | I135: =E135 -> S0_AVDD33_XTAL
A136: SCHEMATIC1 | B136: P0001_S0_DUT | C136: SITE0 | D136: AVDD33[2] | E136: S0_AVDD33_TX_CEN | F136: 17 | G136: AVDD33[2] | H136: =CONCATENATE(C136,".",F136) -> SITE0.17 | I136: =E136 -> S0_AVDD33_TX_CEN
A137: SCHEMATIC1 | B137: P0001_S0_DUT | C137: SITE0 | D137: AVDD33[3] | E137: S0_AVDD33_TX_CEN | F137: 20 | G137: AVDD33[3] | H137: =CONCATENATE(C137,".",F137) -> SITE0.20 | I137: =E137 -> S0_AVDD33_TX_CEN
A138: SCHEMATIC1 | B138: P0001_S0_DUT | C138: SITE0 | D138: AVDD33[4] | E138: S0_AVDD33_SDS | F138: 37 | G138: AVDD33[4] | H138: =CONCATENATE(C138,".",F138) -> SITE0.37 | I138: =E138 -> S0_AVDD33_SDS
A139: SCHEMATIC1 | B139: P0001_S0_DUT | C139: SITE0 | D139: DISB | E139: S0_SCO_DSIB_HSD010 | F139: 44 | G139: DISB | H139: =CONCATENATE(C139,".",F139) -> SITE0.44 | I139: =E139 -> S0_SCO_DSIB_HSD010
A140: SCHEMATIC1 | B140: P0001_S0_DUT | C140: SITE0 | D140: DVDD09 | E140: S0_DVDD09_DUT | F140: 6 | G140: DVDD09 | H140: =CONCATENATE(C140,".",F140) -> SITE0.6 | I140: =E140 -> S0_DVDD09_DUT
A141: SCHEMATIC1 | B141: P0001_S0_DUT | C141: SITE0 | D141: DVDD09[1] | E141: S0_DVDD09_DUT | F141: 21 | G141: DVDD09[1] | H141: =CONCATENATE(C141,".",F141) -> SITE0.21 | I141: =E141 -> S0_DVDD09_DUT
A142: SCHEMATIC1 | B142: P0001_S0_DUT | C142: SITE0 | D142: DVDD09[2] | E142: S0_DVDD09_DUT | F142: 47 | G142: DVDD09[2] | H142: =CONCATENATE(C142,".",F142) -> SITE0.47 | I142: =E142 -> S0_DVDD09_DUT
A143: SCHEMATIC1 | B143: P0001_S0_DUT | C143: SITE0 | D143: DVDD[1] | E143: S0_DVDD33 | F143: 24 | G143: DVDD[1] | H143: =CONCATENATE(C143,".",F143) -> SITE0.24 | I143: =E143 -> S0_DVDD33
A144: SCHEMATIC1 | B144: P0001_S0_DUT | C144: SITE0 | D144: DVDD[2] | E144: S0_DVDD33 | F144: 30 | G144: DVDD[2] | H144: =CONCATENATE(C144,".",F144) -> SITE0.30 | I144: =E144 -> S0_DVDD33
A145: SCHEMATIC1 | B145: P0001_S0_DUT | C145: SITE0 | D145: EP(GND) | E145: DGND | F145: EP | G145: EP(GND) | H145: =CONCATENATE(C145,".",F145) -> SITE0.EP | I145: =E145 -> DGND
A146: SCHEMATIC1 | B146: P0001_S0_DUT | C146: SITE0 | D146: G1 | E146: DGND | F146: G1 | G146: G1 | H146: =CONCATENATE(C146,".",F146) -> SITE0.G1 | I146: =E146 -> DGND
A147: SCHEMATIC1 | B147: P0001_S0_DUT | C147: SITE0 | D147: G2 | E147: DGND | F147: G2 | G147: G2 | H147: =CONCATENATE(C147,".",F147) -> SITE0.G2 | I147: =E147 -> DGND
A148: SCHEMATIC1 | B148: P0001_S0_DUT | C148: SITE0 | D148: G3 | E148: DGND | F148: G3 | G148: G3 | H148: =CONCATENATE(C148,".",F148) -> SITE0.G3 | I148: =E148 -> DGND
A149: SCHEMATIC1 | B149: P0001_S0_DUT | C149: SITE0 | D149: G4 | E149: DGND | F149: G4 | G149: G4 | H149: =CONCATENATE(C149,".",F149) -> SITE0.G4 | I149: =E149 -> DGND
A150: SCHEMATIC1 | B150: P0001_S0_DUT | C150: SITE0 | D150: G5 | E150: DGND | F150: G5 | G150: G5 | H150: =CONCATENATE(C150,".",F150) -> SITE0.G5 | I150: =E150 -> DGND
A151: SCHEMATIC1 | B151: P0001_S0_DUT | C151: SITE0 | D151: G6 | E151: DGND | F151: G6 | G151: G6 | H151: =CONCATENATE(C151,".",F151) -> SITE0.G6 | I151: =E151 -> DGND
A152: SCHEMATIC1 | B152: P0001_S0_DUT | C152: SITE0 | D152: G7 | E152: DGND | F152: G7 | G152: G7 | H152: =CONCATENATE(C152,".",F152) -> SITE0.G7 | I152: =E152 -> DGND
A153: SCHEMATIC1 | B153: P0001_S0_DUT | C153: SITE0 | D153: G8 | E153: DGND | F153: G8 | G153: G8 | H153: =CONCATENATE(C153,".",F153) -> SITE0.G8 | I153: =E153 -> DGND
A154: SCHEMATIC1 | B154: P0001_S0_DUT | C154: SITE0 | D154: G9 | E154: DGND | F154: G9 | G154: G9 | H154: =CONCATENATE(C154,".",F154) -> SITE0.G9 | I154: =E154 -> DGND
A155: SCHEMATIC1 | B155: P0001_S0_DUT | C155: SITE0 | D155: G10 | E155: DGND | F155: G10 | G155: G10 | H155: =CONCATENATE(C155,".",F155) -> SITE0.G10 | I155: =E155 -> DGND
A156: SCHEMATIC1 | B156: P0001_S0_DUT | C156: SITE0 | D156: G11 | E156: DGND | F156: G11 | G156: G11 | H156: =CONCATENATE(C156,".",F156) -> SITE0.G11 | I156: =E156 -> DGND
... A201: SCHEMATIC1 | B201: P0001_S0_DUT | C201: SITE0 | D201: G56 | E201: DGND | F201: G56 | G201: G56 | H201: =CONCATENATE(C201,".",F201) -> SITE0.G56 | I201: =E201 -> DGND
A202: SCHEMATIC1 | B202: P0001_S0_DUT | C202: SITE0 | D202: GH1 | F202: GH1 | G202: GH1 | H202: =CONCATENATE(C202,".",F202) -> SITE0.GH1 | I202: =E202 -> 0
A203: SCHEMATIC1 | B203: P0001_S0_DUT | C203: SITE0 | D203: GH2 | F203: GH2 | G203: GH2 | H203: =CONCATENATE(C203,".",F203) -> SITE0.GH2 | I203: =E203 -> 0
A204: SCHEMATIC1 | B204: P0001_S0_DUT | C204: SITE0 | D204: GH3 | F204: GH3 | G204: GH3 | H204: =CONCATENATE(C204,".",F204) -> SITE0.GH3 | I204: =E204 -> 0
A205: SCHEMATIC1 | B205: P0001_S0_DUT | C205: SITE0 | D205: GH4 | F205: GH4 | G205: GH4 | H205: =CONCATENATE(C205,".",F205) -> SITE0.GH4 | I205: =E205 -> 0
...

Sheet EtchLengthFromLayout
A1: Design Name D:/asen/980RT-9010JS-KCD-A10/0828/038RT-9010JSKCD-A100-0828.brd
A2: Date Fri Aug 28 16:12:56 2026
A3: Net Name | B3: Etch Length (mils) | C3: Manhattan Length (mils) | D3: Percent Manhattan (mils)
A4: AGND | B4: 9988.46 | C4: 29804.87 | D4: 33.51
A5: ATX_P3_3V | B5: 0 | C5: 4237.66 | D5: 0
A6: ATX_P5V | B6: 0 | C6: 2193.61 | D6: 0
A7: ATX_P12V | B7: 0 | C7: 653.81 | D7: 0
A8: CTO_DGS00 | B8: 98.71 | C8: 109.01 | D8: 90.55
A9: CTO_DGS01 | B9: 98.71 | C9: 109.01 | D9: 90.55
A10: CTO_DGS02 | B10: 98.71 | C10: 109.01 | D10: 90.55
A11: CTO_DGS03 | B11: 98.71 | C11: 109.01 | D11: 90.55
A12: CTO_DGS04 | B12: 98.71 | C12: 109.01 | D12: 90.55
A13: CTO_DGS05 | B13: 98.71 | C13: 109.01 | D13: 90.55
A14: CTO_DGS06 | B14: 98.71 | C14: 109.01 | D14: 90.55
A15: CTO_DGS07 | B15: 98.71 | C15: 109.01 | D15: 90.55
... A1625: VR24 | B1625: 78.74 | C1625: 78.74 | D1625: 100

Sheet Assigned_Channel
A1: S0_DCH004- | B1: 0.DIG_CH061 | C1: =VLOOKUP(B1,I:J,2,0) -> SLOT0.CH61 | I1: 0.DIG_CH000 | J1: SLOT0.CH0
A2: S0_DCH004+ | B2: 0.DIG_CH060 | C2: =VLOOKUP(B2,I:J,2,0) -> SLOT0.CH60 | I2: 0.DIG_CH001 | J2: SLOT0.CH1
A3: S0_DCH006- | B3: 2.DIG_CH061 | C3: =VLOOKUP(B3,I:J,2,0) -> SLOT2.CH61 | I3: 0.DIG_CH004 | J3: SLOT0.CH4
A4: S0_DCH006+ | B4: 2.DIG_CH060 | C4: =VLOOKUP(B4,I:J,2,0) -> SLOT2.CH60 | I4: 0.DIG_CH010 | J4: SLOT0.CH10
A5: S0_DCH008- | B5: 2.DIG_CH059 | C5: =VLOOKUP(B5,I:J,2,0) -> SLOT2.CH59 | I5: 0.DIG_CH011 | J5: SLOT0.CH11
A6: S0_DCH008+ | B6: 2.DIG_CH058 | C6: =VLOOKUP(B6,I:J,2,0) -> SLOT2.CH58 | I6: 0.DIG_CH016 | J6: SLOT0.CH16
A7: S0_DCH011 | B7: 2.DIG_CH096 | C7: =VLOOKUP(B7,I:J,2,0) -> SLOT2.CH96 | I7: 0.DIG_CH019 | J7: SLOT0.CH19
A8: S0_DCH012- | B8: 0.DIG_CH045 | C8: =VLOOKUP(B8,I:J,2,0) -> SLOT0.CH45 | I8: 0.DIG_CH020 | J8: SLOT0.CH20
A9: S0_DCH012+ | B9: 0.DIG_CH044 | C9: =VLOOKUP(B9,I:J,2,0) -> SLOT0.CH44 | I9: 0.DIG_CH021 | J9: SLOT0.CH21
A10: S0_DCH014- | B10: 2.DIG_CH063 | C10: =VLOOKUP(B10,I:J,2,0) -> SLOT2.CH63 | I10: 0.DIG_CH022 | J10: SLOT0.CH22
A11: S0_DCH014+ | B11: 2.DIG_CH062 | C11: =VLOOKUP(B11,I:J,2,0) -> SLOT2.CH62 | I11: 0.DIG_CH023 | J11: SLOT0.CH23
A12: S0_DCH016- | B12: 2.DIG_CH119 | C12: =VLOOKUP(B12,I:J,2,0) -> SLOT2.CH119 | I12: 0.DIG_CH024 | J12: SLOT0.CH24
... A337: S6_DCH014- | B337: 1.DIG_CH077 | C337: =VLOOKUP(B337,I:J,2,0) -> SLOT1.CH77 | I337: 3.DIG_CH127 | J337: SLOT3.CH127
A338: S6_DCH014+ | B338: 1.DIG_CH076 | C338: =VLOOKUP(B338,I:J,2,0) -> SLOT1.CH76
A339: S6_DCH016- | B339: 3.DIG_CH007 | C339: =VLOOKUP(B339,I:J,2,0) -> SLOT3.CH7
A340: S6_DCH016+ | B340: 3.DIG_CH006 | C340: =VLOOKUP(B340,I:J,2,0) -> SLOT3.CH6
A341: S6_DCH018 | B341: 1.DIG_CH002 | C341: =VLOOKUP(B341,I:J,2,0) -> SLOT1.CH2
A342: S6_DCH021 | B342: 1.DIG_CH082 | C342: =VLOOKUP(B342,I:J,2,0) -> SLOT1.CH82
A343: S6_DCH025 | B343: 1.DIG_CH095 | C343: =VLOOKUP(B343,I:J,2,0) -> SLOT1.CH95
A344: S6_DCH026 | B344: 1.DIG_CH094 | C344: =VLOOKUP(B344,I:J,2,0) -> SLOT1.CH94
A345: S6_DCH027 | B345: 3.DIG_CH072 | C345: =VLOOKUP(B345,I:J,2,0) -> SLOT3.CH72
A346: S6_DCH028 | B346: 3.DIG_CH069 | C346: =VLOOKUP(B346,I:J,2,0) -> SLOT3.CH69
A347: S6_DCH029 | B347: 3.DIG_CH070 | C347: =VLOOKUP(B347,I:J,2,0) -> SLOT3.CH70
A348: S6_DCH030 | B348: 3.DIG_CH005 | C348: =VLOOKUP(B348,I:J,2,0) -> SLOT3.CH5
A349: S6_DCH031 | B349: 3.DIG_CH002 | C349: =VLOOKUP(B349,I:J,2,0) -> SLOT3.CH2
... A509: S7_BDCH024 | B509: 3.DIG_CH083 | C509: =VLOOKUP(B509,I:J,2,0) -> SLOT3.CH83

Sheet BRPHY
A1: DUT to Golden Loopback:
A2: Site | B2: Pin No | C2: Pin Name | D2: Net | E2: Length | F2: Net | G2: Length | H2: Net | I2: Length | J2: DUT-> Choke ( E + G + I ) as short as possible | K2: Net | L2: Length | M2: Net | N2: Length | O2: Net | P2: Length | Q2: Net | R2: Length | S2: Net | T2: Length | U2: Net | V2: Length | W2: Net | X2: Length | Z2: Golden -> Choke 此處為最短距離 Net | AA2: Length | AB2: Total Length (mils) | AC2: P/N Difference (mils) | AD2: Golden | AE2: Pin No | AF2: Pin Name | AG2: Note
A3: SITE0 | B3: 16 | C3: MDIN | D3: S0_MDI- | E3: =VLOOKUP(D3,EtchLengthFromLayout!$A:$B,2,0) -> 1114.46 | H3: S0_1_MDI- | I3: =VLOOKUP(H3,EtchLengthFromLayout!$A:$B,2,0) -> 309.47 | J3: =E3+G3+I3 -> 1423.93 | K3: S0_2_MDI- | L3: =VLOOKUP(K3,EtchLengthFromLayout!$A:$B,2,0) -> 103.82 | M3: S0_3_MDI- | N3: =VLOOKUP(M3,EtchLengthFromLayout!$A:$B,2,0) -> 14048.5 | O3: S0_4_MDI- | P3: =VLOOKUP(O3,EtchLengthFromLayout!$A:$B,2,0) -> 635.93 | S3: S0_SG_LB_MDI- | T3: =VLOOKUP(S3,EtchLengthFromLayout!$A:$B,2,0) -> 1228 | U3: SG0_2_MDI- | V3: =VLOOKUP(U3,EtchLengthFromLayout!$A:$B,2,0) -> 783.26 | W3: SG0_1_MDI- | X3: =VLOOKUP(W3,EtchLengthFromLayout!$A:$B,2,0) -> 114.88 | Z3: SG0_MDI- | AA3: =VLOOKUP(Z3,EtchLengthFromLayout!$A:$B,2,0) -> 911.27 | AB3: =E3+G3+I3+L3+N3+P3+R3+T3+V3+X3+AA3 -> 19249.59 | AC3: =ABS(AB3-AB4) -> 0 | AD3: GOLD0 | AE3: 17 | AF3: MDIN | AG3: DUT to Golden Loopback
A4: SITE0 | B4: 15 | C4: MDIP | D4: S0_MDI+ | E4: =VLOOKUP(D4,EtchLengthFromLayout!$A:$B,2,0) -> 1114.46 | H4: S0_1_MDI+ | I4: =VLOOKUP(H4,EtchLengthFromLayout!$A:$B,2,0) -> 309.46 | J4: =E4+G4+I4 -> 1423.92 | K4: S0_2_MDI+ | L4: =VLOOKUP(K4,EtchLengthFromLayout!$A:$B,2,0) -> 103.82 | M4: S0_3_MDI+ | N4: =VLOOKUP(M4,EtchLengthFromLayout!$A:$B,2,0) -> 14048.5 | O4: S0_4_MDI+ | P4: =VLOOKUP(O4,EtchLengthFromLayout!$A:$B,2,0) -> 635.93 | S4: S0_SG_LB_MDI+ | T4: =VLOOKUP(S4,EtchLengthFromLayout!$A:$B,2,0) -> 1228 | U4: SG0_2_MDI+ | V4: =VLOOKUP(U4,EtchLengthFromLayout!$A:$B,2,0) -> 783.27 | W4: SG0_1_MDI+ | X4: =VLOOKUP(W4,EtchLengthFromLayout!$A:$B,2,0) -> 114.88 | Z4: SG0_MDI+ | AA4: =VLOOKUP(Z4,EtchLengthFromLayout!$A:$B,2,0) -> 911.27 | AB4: =E4+G4+I4+L4+N4+P4+R4+T4+V4+X4+AA4 -> 19249.59 | AC4: =IF(AC3<=1,"OK, Tolerance<= 1 mil", "Not OK, Tolerance > 1 mil") -> OK, Tolerance<= 1 mil | AD4: GOLD0 | AE4: 16 | AF4: MDIP
A5: SITE1 | B5: 16 | C5: MDIN | D5: =REPLACE(D3,2,1,"1") -> S1_MDI- | E5: =VLOOKUP(D5,EtchLengthFromLayout!$A:$B,2,0) -> 1114.46 | H5: =REPLACE(H3,2,1,"1") -> S1_1_MDI- | I5: =VLOOKUP(H5,EtchLengthFromLayout!$A:$B,2,0) -> 309.47 | J5: =E5+G5+I5 -> 1423.93 | K5: =REPLACE(K3,2,1,"1") -> S1_2_MDI- | L5: =VLOOKUP(K5,EtchLengthFromLayout!$A:$B,2,0) -> 103.82 | M5: =REPLACE(M3,2,1,"1") -> S1_3_MDI- | N5: =VLOOKUP(M5,EtchLengthFromLayout!$A:$B,2,0) -> 14048.36 | O5: =REPLACE(O3,2,1,"1") -> S1_4_MDI- | P5: =VLOOKUP(O5,EtchLengthFromLayout!$A:$B,2,0) -> 635.93 | S5: =REPLACE(S3,2,1,"1") -> S1_SG_LB_MDI- | T5: =VLOOKUP(S5,EtchLengthFromLayout!$A:$B,2,0) -> 1228 | U5: =REPLACE(U3,3,1,"1") -> SG1_2_MDI- | V5: =VLOOKUP(U5,EtchLengthFromLayout!$A:$B,2,0) -> 783.26 | W5: =REPLACE(W3,3,1,"1") -> SG1_1_MDI- | X5: =VLOOKUP(W5,EtchLengthFromLayout!$A:$B,2,0) -> 114.88 | Z5: =REPLACE(Z3,3,1,"1") -> SG1_MDI- | AA5: =VLOOKUP(Z5,EtchLengthFromLayout!$A:$B,2,0) -> 911.27 | AB5: =E5+G5+I5+L5+N5+P5+R5+T5+V5+X5+AA5 -> 19249.45 | AC5: =ABS(AB5-AB6) -> 0 | AD5: GOLD1 | AE5: 17 | AF5: MDIN
A6: SITE1 | B6: 15 | C6: MDIP | D6: =REPLACE(D4,2,1,"1") -> S1_MDI+ | E6: =VLOOKUP(D6,EtchLengthFromLayout!$A:$B,2,0) -> 1114.46 | H6: =REPLACE(H4,2,1,"1") -> S1_1_MDI+ | I6: =VLOOKUP(H6,EtchLengthFromLayout!$A:$B,2,0) -> 309.46 | J6: =E6+G6+I6 -> 1423.92 | K6: =REPLACE(K4,2,1,"1") -> S1_2_MDI+ | L6: =VLOOKUP(K6,EtchLengthFromLayout!$A:$B,2,0) -> 103.82 | M6: =REPLACE(M4,2,1,"1") -> S1_3_MDI+ | N6: =VLOOKUP(M6,EtchLengthFromLayout!$A:$B,2,0) -> 14048.36 | O6: =REPLACE(O4,2,1,"1") -> S1_4_MDI+ | P6: =VLOOKUP(O6,EtchLengthFromLayout!$A:$B,2,0) -> 635.93 | S6: =REPLACE(S4,2,1,"1") -> S1_SG_LB_MDI+ | T6: =VLOOKUP(S6,EtchLengthFromLayout!$A:$B,2,0) -> 1228 | U6: =REPLACE(U4,3,1,"1") -> SG1_2_MDI+ | V6: =VLOOKUP(U6,EtchLengthFromLayout!$A:$B,2,0) -> 783.27 | W6: =REPLACE(W4,3,1,"1") -> SG1_1_MDI+ | X6: =VLOOKUP(W6,EtchLengthFromLayout!$A:$B,2,0) -> 114.88 | Z6: =REPLACE(Z4,3,1,"1") -> SG1_MDI+ | AA6: =VLOOKUP(Z6,EtchLengthFromLayout!$A:$B,2,0) -> 911.27 | AB6: =E6+G6+I6+L6+N6+P6+R6+T6+V6+X6+AA6 -> 19249.45 | AC6: =IF(AC5<=1,"OK, Tolerance<= 1 mil", "Not OK, Tolerance > 1 mil") -> OK, Tolerance<= 1 mil | AD6: GOLD1 | AE6: 16 | AF6: MDIP
A7: SITE2 | B7: 16 | C7: MDIN | D7: =REPLACE(D5,2,1,"2") -> S2_MDI- | E7: =VLOOKUP(D7,EtchLengthFromLayout!$A:$B,2,0) -> 1114.46 | H7: =REPLACE(H5,2,1,"2") -> S2_1_MDI- | I7: =VLOOKUP(H7,EtchLengthFromLayout!$A:$B,2,0) -> 309.47 | J7: =E7+G7+I7 -> 1423.93 | K7: =REPLACE(K5,2,1,"2") -> S2_2_MDI- | L7: =VLOOKUP(K7,EtchLengthFromLayout!$A:$B,2,0) -> 103.82 | M7: =REPLACE(M5,2,1,"2") -> S2_3_MDI- | N7: =VLOOKUP(M7,EtchLengthFromLayout!$A:$B,2,0) -> 14048.19 | O7: =REPLACE(O5,2,1,"2") -> S2_4_MDI- | P7: =VLOOKUP(O7,EtchLengthFromLayout!$A:$B,2,0) -> 635.93 | S7: =REPLACE(S5,2,1,"2") -> S2_SG_LB_MDI- | T7: =VLOOKUP(S7,EtchLengthFromLayout!$A:$B,2,0) -> 1228 | U7: =REPLACE(U5,3,1,"2") -> SG2_2_MDI- | V7: =VLOOKUP(U7,EtchLengthFromLayout!$A:$B,2,0) -> 783.26 | W7: =REPLACE(W5,3,1,"2") -> SG2_1_MDI- | X7: =VLOOKUP(W7,EtchLengthFromLayout!$A:$B,2,0) -> 114.88 | Z7: =REPLACE(Z5,3,1,"2") -> SG2_MDI- | AA7: =VLOOKUP(Z7,EtchLengthFromLayout!$A:$B,2,0) -> 911.27 | AB7: =E7+G7+I7+L7+N7+P7+R7+T7+V7+X7+AA7 -> 19249.28 | AC7: =ABS(AB7-AB8) -> 0.04 | AD7: GOLD2 | AE7: 17 | AF7: MDIN
A8: SITE2 | B8: 15 | C8: MDIP | D8: =REPLACE(D6,2,1,"2") -> S2_MDI+ | E8: =VLOOKUP(D8,EtchLengthFromLayout!$A:$B,2,0) -> 1114.46 | H8: =REPLACE(H6,2,1,"2") -> S2_1_MDI+ | I8: =VLOOKUP(H8,EtchLengthFromLayout!$A:$B,2,0) -> 309.46 | J8: =E8+G8+I8 -> 1423.92 | K8: =REPLACE(K6,2,1,"2") -> S2_2_MDI+ | L8: =VLOOKUP(K8,EtchLengthFromLayout!$A:$B,2,0) -> 103.82 | M8: =REPLACE(M6,2,1,"2") -> S2_3_MDI+ | N8: =VLOOKUP(M8,EtchLengthFromLayout!$A:$B,2,0) -> 14048.15 | O8: =REPLACE(O6,2,1,"2") -> S2_4_MDI+ | P8: =VLOOKUP(O8,EtchLengthFromLayout!$A:$B,2,0) -> 635.93 | S8: =REPLACE(S6,2,1,"2") -> S2_SG_LB_MDI+ | T8: =VLOOKUP(S8,EtchLengthFromLayout!$A:$B,2,0) -> 1228 | U8: =REPLACE(U6,3,1,"2") -> SG2_2_MDI+ | V8: =VLOOKUP(U8,EtchLengthFromLayout!$A:$B,2,0) -> 783.27 | W8: =REPLACE(W6,3,1,"2") -> SG2_1_MDI+ | X8: =VLOOKUP(W8,EtchLengthFromLayout!$A:$B,2,0) -> 114.88 | Z8: =REPLACE(Z6,3,1,"2") -> SG2_MDI+ | AA8: =VLOOKUP(Z8,EtchLengthFromLayout!$A:$B,2,0) -> 911.27 | AB8: =E8+G8+I8+L8+N8+P8+R8+T8+V8+X8+AA8 -> 19249.24 | AC8: =IF(AC7<=1,"OK, Tolerance<= 1 mil", "Not OK, Tolerance > 1 mil") -> OK, Tolerance<= 1 mil | AD8: GOLD2 | AE8: 16 | AF8: MDIP
A9: SITE3 | B9: 16 | C9: MDIN | D9: =REPLACE(D7,2,1,"3") -> S3_MDI- | E9: =VLOOKUP(D9,EtchLengthFromLayout!$A:$B,2,0) -> 1114.46 | H9: =REPLACE(H7,2,1,"3") -> S3_1_MDI- | I9: =VLOOKUP(H9,EtchLengthFromLayout!$A:$B,2,0) -> 309.47 | J9: =E9+G9+I9 -> 1423.93 | K9: =REPLACE(K7,2,1,"3") -> S3_2_MDI- | L9: =VLOOKUP(K9,EtchLengthFromLayout!$A:$B,2,0) -> 103.82 | M9: =REPLACE(M7,2,1,"3") -> S3_3_MDI- | N9: =VLOOKUP(M9,EtchLengthFromLayout!$A:$B,2,0) -> 14048.76 | O9: =REPLACE(O7,2,1,"3") -> S3_4_MDI- | P9: =VLOOKUP(O9,EtchLengthFromLayout!$A:$B,2,0) -> 635.93 | S9: =REPLACE(S7,2,1,"3") -> S3_SG_LB_MDI- | T9: =VLOOKUP(S9,EtchLengthFromLayout!$A:$B,2,0) -> 1228 | U9: =REPLACE(U7,3,1,"3") -> SG3_2_MDI- | V9: =VLOOKUP(U9,EtchLengthFromLayout!$A:$B,2,0) -> 783.26 | W9: =REPLACE(W7,3,1,"3") -> SG3_1_MDI- | X9: =VLOOKUP(W9,EtchLengthFromLayout!$A:$B,2,0) -> 114.88 | Z9: =REPLACE(Z7,3,1,"3") -> SG3_MDI- | AA9: =VLOOKUP(Z9,EtchLengthFromLayout!$A:$B,2,0) -> 911.27 | AB9: =E9+G9+I9+L9+N9+P9+R9+T9+V9+X9+AA9 -> 19249.85 | AC9: =ABS(AB9-AB10) -> 0.05 | AD9: GOLD3 | AE9: 17 | AF9: MDIN
A10: SITE3 | B10: 15 | C10: MDIP | D10: =REPLACE(D8,2,1,"3") -> S3_MDI+ | E10: =VLOOKUP(D10,EtchLengthFromLayout!$A:$B,2,0) -> 1114.46 | H10: =REPLACE(H8,2,1,"3") -> S3_1_MDI+ | I10: =VLOOKUP(H10,EtchLengthFromLayout!$A:$B,2,0) -> 309.46 | J10: =E10+G10+I10 -> 1423.92 | K10: =REPLACE(K8,2,1,"3") -> S3_2_MDI+ | L10: =VLOOKUP(K10,EtchLengthFromLayout!$A:$B,2,0) -> 103.82 | M10: =REPLACE(M8,2,1,"3") -> S3_3_MDI+ | N10: =VLOOKUP(M10,EtchLengthFromLayout!$A:$B,2,0) -> 14048.71 | O10: =REPLACE(O8,2,1,"3") -> S3_4_MDI+ | P10: =VLOOKUP(O10,EtchLengthFromLayout!$A:$B,2,0) -> 635.93 | S10: =REPLACE(S8,2,1,"3") -> S3_SG_LB_MDI+ | T10: =VLOOKUP(S10,EtchLengthFromLayout!$A:$B,2,0) -> 1228 | U10: =REPLACE(U8,3,1,"3") -> SG3_2_MDI+ | V10: =VLOOKUP(U10,EtchLengthFromLayout!$A:$B,2,0) -> 783.27 | W10: =REPLACE(W8,3,1,"3") -> SG3_1_MDI+ | X10: =VLOOKUP(W10,EtchLengthFromLayout!$A:$B,2,0) -> 114.88 | Z10: =REPLACE(Z8,3,1,"3") -> SG3_MDI+ | AA10: =VLOOKUP(Z10,EtchLengthFromLayout!$A:$B,2,0) -> 911.27 | AB10: =E10+G10+I10+L10+N10+P10+R10+T10+V10+X10+AA10 -> 19249.8 | AC10: =IF(AC9<=1,"OK, Tolerance<= 1 mil", "Not OK, Tolerance > 1 mil") -> OK, Tolerance<= 1 mil | AD10: GOLD3 | AE10: 16 | AF10: MDIP
A11: SITE4 | B11: 16 | C11: MDIN | D11: =REPLACE(D9,2,1,"4") -> S4_MDI- | E11: =VLOOKUP(D11,EtchLengthFromLayout!$A:$B,2,0) -> 1114.46 | H11: =REPLACE(H9,2,1,"4") -> S4_1_MDI- | I11: =VLOOKUP(H11,EtchLengthFromLayout!$A:$B,2,0) -> 309.47 | J11: =E11+G11+I11 -> 1423.93 | K11: =REPLACE(K9,2,1,"4") -> S4_2_MDI- | L11: =VLOOKUP(K11,EtchLengthFromLayout!$A:$B,2,0) -> 103.82 | M11: =REPLACE(M9,2,1,"4") -> S4_3_MDI- | N11: =VLOOKUP(M11,EtchLengthFromLayout!$A:$B,2,0) -> 14048.25 | O11: =REPLACE(O9,2,1,"4") -> S4_4_MDI- | P11: =VLOOKUP(O11,EtchLengthFromLayout!$A:$B,2,0) -> 635.93 | S11: =REPLACE(S9,2,1,"4") -> S4_SG_LB_MDI- | T11: =VLOOKUP(S11,EtchLengthFromLayout!$A:$B,2,0) -> 1228 | U11: =REPLACE(U9,3,1,"4") -> SG4_2_MDI- | V11: =VLOOKUP(U11,EtchLengthFromLayout!$A:$B,2,0) -> 783.26 | W11: =REPLACE(W9,3,1,"4") -> SG4_1_MDI- | X11: =VLOOKUP(W11,EtchLengthFromLayout!$A:$B,2,0) -> 114.88 | Z11: =REPLACE(Z9,3,1,"4") -> SG4_MDI- | AA11: =VLOOKUP(Z11,EtchLengthFromLayout!$A:$B,2,0) -> 911.27 | AB11: =E11+G11+I11+L11+N11+P11+R11+T11+V11+X11+AA11 -> 19249.34 | AC11: =ABS(AB11-AB12) -> 0 | AD11: GOLD4 | AE11: 17 | AF11: MDIN
A12: SITE4 | B12: 15 | C12: MDIP | D12: =REPLACE(D10,2,1,"4") -> S4_MDI+ | E12: =VLOOKUP(D12,EtchLengthFromLayout!$A:$B,2,0) -> 1114.46 | H12: =REPLACE(H10,2,1,"4") -> S4_1_MDI+ | I12: =VLOOKUP(H12,EtchLengthFromLayout!$A:$B,2,0) -> 309.46 | J12: =E12+G12+I12 -> 1423.92 | K12: =REPLACE(K10,2,1,"4") -> S4_2_MDI+ | L12: =VLOOKUP(K12,EtchLengthFromLayout!$A:$B,2,0) -> 103.82 | M12: =REPLACE(M10,2,1,"4") -> S4_3_MDI+ | N12: =VLOOKUP(M12,EtchLengthFromLayout!$A:$B,2,0) -> 14048.25 | O12: =REPLACE(O10,2,1,"4") -> S4_4_MDI+ | P12: =VLOOKUP(O12,EtchLengthFromLayout!$A:$B,2,0) -> 635.93 | S12: =REPLACE(S10,2,1,"4") -> S4_SG_LB_MDI+ | T12: =VLOOKUP(S12,EtchLengthFromLayout!$A:$B,2,0) -> 1228 | U12: =REPLACE(U10,3,1,"4") -> SG4_2_MDI+ | V12: =VLOOKUP(U12,EtchLengthFromLayout!$A:$B,2,0) -> 783.27 | W12: =REPLACE(W10,3,1,"4") -> SG4_1_MDI+ | X12: =VLOOKUP(W12,EtchLengthFromLayout!$A:$B,2,0) -> 114.88 | Z12: =REPLACE(Z10,3,1,"4") -> SG4_MDI+ | AA12: =VLOOKUP(Z12,EtchLengthFromLayout!$A:$B,2,0) -> 911.27 | AB12: =E12+G12+I12+L12+N12+P12+R12+T12+V12+X12+AA12 -> 19249.34 | AC12: =IF(AC11<=1,"OK, Tolerance<= 1 mil", "Not OK, Tolerance > 1 mil") -> OK, Tolerance<= 1 mil | AD12: GOLD4 | AE12: 16 | AF12: MDIP
A13: SITE5 | B13: 16 | C13: MDIN | D13: =REPLACE(D11,2,1,"5") -> S5_MDI- | E13: =VLOOKUP(D13,EtchLengthFromLayout!$A:$B,2,0) -> 1114.46 | H13: =REPLACE(H11,2,1,"5") -> S5_1_MDI- | I13: =VLOOKUP(H13,EtchLengthFromLayout!$A:$B,2,0) -> 309.47 | J13: =E13+G13+I13 -> 1423.93 | K13: =REPLACE(K11,2,1,"5") -> S5_2_MDI- | L13: =VLOOKUP(K13,EtchLengthFromLayout!$A:$B,2,0) -> 103.82 | M13: =REPLACE(M11,2,1,"5") -> S5_3_MDI- | N13: =VLOOKUP(M13,EtchLengthFromLayout!$A:$B,2,0) -> 14048.6 | O13: =REPLACE(O11,2,1,"5") -> S5_4_MDI- | P13: =VLOOKUP(O13,EtchLengthFromLayout!$A:$B,2,0) -> 635.93 | S13: =REPLACE(S11,2,1,"5") -> S5_SG_LB_MDI- | T13: =VLOOKUP(S13,EtchLengthFromLayout!$A:$B,2,0) -> 1228 | U13: =REPLACE(U11,3,1,"5") -> SG5_2_MDI- | V13: =VLOOKUP(U13,EtchLengthFromLayout!$A:$B,2,0) -> 783.26 | W13: =REPLACE(W11,3,1,"5") -> SG5_1_MDI- | X13: =VLOOKUP(W13,EtchLengthFromLayout!$A:$B,2,0) -> 114.88 | Z13: =REPLACE(Z11,3,1,"5") -> SG5_MDI- | AA13: =VLOOKUP(Z13,EtchLengthFromLayout!$A:$B,2,0) -> 911.27 | AB13: =E13+G13+I13+L13+N13+P13+R13+T13+V13+X13+AA13 -> 19249.69 | AC13: =ABS(AB13-AB14) -> 3.6379788e-12 | AD13: GOLD5 | AE13: 17 | AF13: MDIN
A14: SITE5 | B14: 15 | C14: MDIP | D14: =REPLACE(D12,2,1,"5") -> S5_MDI+ | E14: =VLOOKUP(D14,EtchLengthFromLayout!$A:$B,2,0) -> 1114.46 | H14: =REPLACE(H12,2,1,"5") -> S5_1_MDI+ | I14: =VLOOKUP(H14,EtchLengthFromLayout!$A:$B,2,0) -> 309.46 | J14: =E14+G14+I14 -> 1423.92 | K14: =REPLACE(K12,2,1,"5") -> S5_2_MDI+ | L14: =VLOOKUP(K14,EtchLengthFromLayout!$A:$B,2,0) -> 103.82 | M14: =REPLACE(M12,2,1,"5") -> S5_3_MDI+ | N14: =VLOOKUP(M14,EtchLengthFromLayout!$A:$B,2,0) -> 14048.6 | O14: =REPLACE(O12,2,1,"5") -> S5_4_MDI+ | P14: =VLOOKUP(O14,EtchLengthFromLayout!$A:$B,2,0) -> 635.93 | S14: =REPLACE(S12,2,1,"5") -> S5_SG_LB_MDI+ | T14: =VLOOKUP(S14,EtchLengthFromLayout!$A:$B,2,0) -> 1228 | U14: =REPLACE(U12,3,1,"5") -> SG5_2_MDI+ | V14: =VLOOKUP(U14,EtchLengthFromLayout!$A:$B,2,0) -> 783.27 | W14: =REPLACE(W12,3,1,"5") -> SG5_1_MDI+ | X14: =VLOOKUP(W14,EtchLengthFromLayout!$A:$B,2,0) -> 114.88 | Z14: =REPLACE(Z12,3,1,"5") -> SG5_MDI+ | AA14: =VLOOKUP(Z14,EtchLengthFromLayout!$A:$B,2,0) -> 911.27 | AB14: =E14+G14+I14+L14+N14+P14+R14+T14+V14+X14+AA14 -> 19249.69 | AC14: =IF(AC13<=1,"OK, Tolerance<= 1 mil", "Not OK, Tolerance > 1 mil") -> OK, Tolerance<= 1 mil | AD14: GOLD5 | AE14: 16 | AF14: MDIP
A15: SITE6 | B15: 16 | C15: MDIN | D15: =REPLACE(D13,2,1,"6") -> S6_MDI- | E15: =VLOOKUP(D15,EtchLengthFromLayout!$A:$B,2,0) -> 1114.46 | H15: =REPLACE(H13,2,1,"6") -> S6_1_MDI- | I15: =VLOOKUP(H15,EtchLengthFromLayout!$A:$B,2,0) -> 309.47 | J15: =E15+G15+I15 -> 1423.93 | K15: =REPLACE(K13,2,1,"6") -> S6_2_MDI- | L15: =VLOOKUP(K15,EtchLengthFromLayout!$A:$B,2,0) -> 103.82 | M15: =REPLACE(M13,2,1,"6") -> S6_3_MDI- | N15: =VLOOKUP(M15,EtchLengthFromLayout!$A:$B,2,0) -> 14048.73 | O15: =REPLACE(O13,2,1,"6") -> S6_4_MDI- | P15: =VLOOKUP(O15,EtchLengthFromLayout!$A:$B,2,0) -> 635.93 | S15: =REPLACE(S13,2,1,"6") -> S6_SG_LB_MDI- | T15: =VLOOKUP(S15,EtchLengthFromLayout!$A:$B,2,0) -> 1228 | U15: =REPLACE(U13,3,1,"6") -> SG6_2_MDI- | V15: =VLOOKUP(U15,EtchLengthFromLayout!$A:$B,2,0) -> 783.26 | W15: =REPLACE(W13,3,1,"6") -> SG6_1_MDI- | X15: =VLOOKUP(W15,EtchLengthFromLayout!$A:$B,2,0) -> 114.88 | Z15: =REPLACE(Z13,3,1,"6") -> SG6_MDI- | AA15: =VLOOKUP(Z15,EtchLengthFromLayout!$A:$B,2,0) -> 911.27 | AB15: =E15+G15+I15+L15+N15+P15+R15+T15+V15+X15+AA15 -> 19249.82 | AC15: =ABS(AB15-AB16) -> 0.01 | AD15: GOLD6 | AE15: 17 | AF15: MDIN
A16: SITE6 | B16: 15 | C16: MDIP | D16: =REPLACE(D14,2,1,"6") -> S6_MDI+ | E16: =VLOOKUP(D16,EtchLengthFromLayout!$A:$B,2,0) -> 1114.46 | H16: =REPLACE(H14,2,1,"6") -> S6_1_MDI+ | I16: =VLOOKUP(H16,EtchLengthFromLayout!$A:$B,2,0) -> 309.46 | J16: =E16+G16+I16 -> 1423.92 | K16: =REPLACE(K14,2,1,"6") -> S6_2_MDI+ | L16: =VLOOKUP(K16,EtchLengthFromLayout!$A:$B,2,0) -> 103.82 | M16: =REPLACE(M14,2,1,"6") -> S6_3_MDI+ | N16: =VLOOKUP(M16,EtchLengthFromLayout!$A:$B,2,0) -> 14048.74 | O16: =REPLACE(O14,2,1,"6") -> S6_4_MDI+ | P16: =VLOOKUP(O16,EtchLengthFromLayout!$A:$B,2,0) -> 635.93 | S16: =REPLACE(S14,2,1,"6") -> S6_SG_LB_MDI+ | T16: =VLOOKUP(S16,EtchLengthFromLayout!$A:$B,2,0) -> 1228 | U16: =REPLACE(U14,3,1,"6") -> SG6_2_MDI+ | V16: =VLOOKUP(U16,EtchLengthFromLayout!$A:$B,2,0) -> 783.27 | W16: =REPLACE(W14,3,1,"6") -> SG6_1_MDI+ | X16: =VLOOKUP(W16,EtchLengthFromLayout!$A:$B,2,0) -> 114.88 | Z16: =REPLACE(Z14,3,1,"6") -> SG6_MDI+ | AA16: =VLOOKUP(Z16,EtchLengthFromLayout!$A:$B,2,0) -> 911.27 | AB16: =E16+G16+I16+L16+N16+P16+R16+T16+V16+X16+AA16 -> 19249.83 | AC16: =IF(AC15<=1,"OK, Tolerance<= 1 mil", "Not OK, Tolerance > 1 mil") -> OK, Tolerance<= 1 mil | AD16: GOLD6 | AE16: 16 | AF16: MDIP
A17: SITE7 | B17: 16 | C17: MDIN | D17: =REPLACE(D15,2,1,"7") -> S7_MDI- | E17: =VLOOKUP(D17,EtchLengthFromLayout!$A:$B,2,0) -> 1114.46 | H17: =REPLACE(H15,2,1,"7") -> S7_1_MDI- | I17: =VLOOKUP(H17,EtchLengthFromLayout!$A:$B,2,0) -> 309.47 | J17: =E17+G17+I17 -> 1423.93 | K17: =REPLACE(K15,2,1,"7") -> S7_2_MDI- | L17: =VLOOKUP(K17,EtchLengthFromLayout!$A:$B,2,0) -> 103.82 | M17: =REPLACE(M15,2,1,"7") -> S7_3_MDI- | N17: =VLOOKUP(M17,EtchLengthFromLayout!$A:$B,2,0) -> 14048.83 | O17: =REPLACE(O15,2,1,"7") -> S7_4_MDI- | P17: =VLOOKUP(O17,EtchLengthFromLayout!$A:$B,2,0) -> 635.93 | S17: =REPLACE(S15,2,1,"7") -> S7_SG_LB_MDI- | T17: =VLOOKUP(S17,EtchLengthFromLayout!$A:$B,2,0) -> 1228 | U17: =REPLACE(U15,3,1,"7") -> SG7_2_MDI- | V17: =VLOOKUP(U17,EtchLengthFromLayout!$A:$B,2,0) -> 783.26 | W17: =REPLACE(W15,3,1,"7") -> SG7_1_MDI- | X17: =VLOOKUP(W17,EtchLengthFromLayout!$A:$B,2,0) -> 114.88 | Z17: =REPLACE(Z15,3,1,"7") -> SG7_MDI- | AA17: =VLOOKUP(Z17,EtchLengthFromLayout!$A:$B,2,0) -> 911.27 | AB17: =E17+G17+I17+L17+N17+P17+R17+T17+V17+X17+AA17 -> 19249.92 | AC17: =ABS(AB17-AB18) -> 0.03 | AD17: GOLD7 | AE17: 17 | AF17: MDIN
A18: SITE7 | B18: 15 | C18: MDIP | D18: =REPLACE(D16,2,1,"7") -> S7_MDI+ | E18: =VLOOKUP(D18,EtchLengthFromLayout!$A:$B,2,0) -> 1114.46 | H18: =REPLACE(H16,2,1,"7") -> S7_1_MDI+ | I18: =VLOOKUP(H18,EtchLengthFromLayout!$A:$B,2,0) -> 309.46 | J18: =E18+G18+I18 -> 1423.92 | K18: =REPLACE(K16,2,1,"7") -> S7_2_MDI+ | L18: =VLOOKUP(K18,EtchLengthFromLayout!$A:$B,2,0) -> 103.82 | M18: =REPLACE(M16,2,1,"7") -> S7_3_MDI+ | N18: =VLOOKUP(M18,EtchLengthFromLayout!$A:$B,2,0) -> 14048.86 | O18: =REPLACE(O16,2,1,"7") -> S7_4_MDI+ | P18: =VLOOKUP(O18,EtchLengthFromLayout!$A:$B,2,0) -> 635.93 | S18: =REPLACE(S16,2,1,"7") -> S7_SG_LB_MDI+ | T18: =VLOOKUP(S18,EtchLengthFromLayout!$A:$B,2,0) -> 1228 | U18: =REPLACE(U16,3,1,"7") -> SG7_2_MDI+ | V18: =VLOOKUP(U18,EtchLengthFromLayout!$A:$B,2,0) -> 783.27 | W18: =REPLACE(W16,3,1,"7") -> SG7_1_MDI+ | X18: =VLOOKUP(W18,EtchLengthFromLayout!$A:$B,2,0) -> 114.88 | Z18: =REPLACE(Z16,3,1,"7") -> SG7_MDI+ | AA18: =VLOOKUP(Z18,EtchLengthFromLayout!$A:$B,2,0) -> 911.27 | AB18: =E18+G18+I18+L18+N18+P18+R18+T18+V18+X18+AA18 -> 19249.95 | AC18: =IF(AC17<=1,"OK, Tolerance<= 1 mil", "Not OK, Tolerance > 1 mil") -> OK, Tolerance<= 1 mil | AD18: GOLD7 | AE18: 16 | AF18: MDIP
H19: Max | J19: =MAX(J3:J18) -> 1423.93 | Z19: Max | AA19: =MAX(AA3:AA18) -> 911.27 | AB19: =MAX(AB3:AB18) -> 19249.95
H20: Min | J20: =MIN(J3:J18) -> 1423.92 | Z20: Min | AA20: =MIN(AA3:AA18) -> 911.27 | AB20: =MIN(AB3:AB18) -> 19249.24
H21: Max-Min | J21: =ABS(J19-J20) -> 0.01 | Z21: Max-Min | AA21: =ABS(AA19-AA20) -> 0 | AB21: =ABS(AB19-AB20) -> 0.71
Z22: Tolerence Check | AB22: =IF(AB21<=1000,"OK, Tolerance<= 1000 mils", "Not OK, Tolerance > 1000 mils") -> OK, Tolerance<= 1000 mils
A27: DUT to Connector:
A28: Site | B28: Pin No | C28: Pin Name | D28: Net | E28: Length | F28: Net | G28: Length | H28: Net | I28: Length | J28: DUT-> Choke ( E + G + I ) as short as possible | K28: Net | L28: Length | M28: Net | N28: Length | O28: Net | P28: Length | Q28: Net | R28: Length | S28: Net | T28: Length | U28: Net | V28: Length | W28: Net | X28: Length | Z28: Net | AA28: Length | AB28: Total Length (mils) | AC28: P/N Difference (mils) | AG28: Note
A29: SITE0 | B29: 16 | C29: MDIN | D29: S0_MDI- | E29: =VLOOKUP(D29,EtchLengthFromLayout!$A:$B,2,0) -> 1114.46 | H29: S0_1_MDI- | I29: =VLOOKUP(H29,EtchLengthFromLayout!$A:$B,2,0) -> 309.47 | J29: =E29+G29+I29 -> 1423.93 | K29: S0_2_MDI- | L29: =VLOOKUP(K29,EtchLengthFromLayout!$A:$B,2,0) -> 103.82 | M29: S0_3_MDI- | N29: =VLOOKUP(M29,EtchLengthFromLayout!$A:$B,2,0) -> 14048.5 | O29: S0_4_MDI- | P29: =VLOOKUP(O29,EtchLengthFromLayout!$A:$B,2,0) -> 635.93 | Q29: S0_AC_MDI- | R29: =VLOOKUP(Q29,EtchLengthFromLayout!$A:$B,2,0) -> 505.56 | AB29: =E29+G29+I29+L29+N29+P29+R29+T29+V29+X29+AA29 -> 16717.74 | AC29: =ABS(AB29-AB30) -> 0.01 | AG29: DUT to Connector MQS1
A30: SITE0 | B30: 15 | C30: MDIP | D30: S0_MDI+ | E30: =VLOOKUP(D30,EtchLengthFromLayout!$A:$B,2,0) -> 1114.46 | H30: S0_1_MDI+ | I30: =VLOOKUP(H30,EtchLengthFromLayout!$A:$B,2,0) -> 309.46 | J30: =E30+G30+I30 -> 1423.92 | K30: S0_2_MDI+ | L30: =VLOOKUP(K30,EtchLengthFromLayout!$A:$B,2,0) -> 103.82 | M30: S0_3_MDI+ | N30: =VLOOKUP(M30,EtchLengthFromLayout!$A:$B,2,0) -> 14048.5 | O30: S0_4_MDI+ | P30: =VLOOKUP(O30,EtchLengthFromLayout!$A:$B,2,0) -> 635.93 | Q30: S0_AC_MDI+ | R30: =VLOOKUP(Q30,EtchLengthFromLayout!$A:$B,2,0) -> 505.56 | AB30: =E30+G30+I30+L30+N30+P30+R30+T30+V30+X30+AA30 -> 16717.73 | AC30: =IF(AC29<=1,"OK, Tolerance<= 1 mil", "Not OK, Tolerance > 1 mil") -> OK, Tolerance<= 1 mil
A31: SITE1 | B31: 16 | C31: MDIN | D31: =REPLACE(D29,2,1,"1") -> S1_MDI- | E31: =VLOOKUP(D31,EtchLengthFromLayout!$A:$B,2,0) -> 1114.46 | H31: =REPLACE(H29,2,1,"1") -> S1_1_MDI- | I31: =VLOOKUP(H31,EtchLengthFromLayout!$A:$B,2,0) -> 309.47 | J31: =E31+G31+I31 -> 1423.93 | K31: =REPLACE(K29,2,1,"1") -> S1_2_MDI- | L31: =VLOOKUP(K31,EtchLengthFromLayout!$A:$B,2,0) -> 103.82 | M31: =REPLACE(M29,2,1,"1") -> S1_3_MDI- | N31: =VLOOKUP(M31,EtchLengthFromLayout!$A:$B,2,0) -> 14048.36 | O31: =REPLACE(O29,2,1,"1") -> S1_4_MDI- | P31: =VLOOKUP(O31,EtchLengthFromLayout!$A:$B,2,0) -> 635.93 | Q31: =REPLACE(Q29,2,1,"1") -> S1_AC_MDI- | R31: =VLOOKUP(Q31,EtchLengthFromLayout!$A:$B,2,0) -> 505.56 | AB31: =E31+G31+I31+L31+N31+P31+R31+T31+V31+X31+AA31 -> 16717.6 | AC31: =ABS(AB31-AB32) -> 0.01
A32: SITE1 | B32: 15 | C32: MDIP | D32: =REPLACE(D30,2,1,"1") -> S1_MDI+ | E32: =VLOOKUP(D32,EtchLengthFromLayout!$A:$B,2,0) -> 1114.46 | H32: =REPLACE(H30,2,1,"1") -> S1_1_MDI+ | I32: =VLOOKUP(H32,EtchLengthFromLayout!$A:$B,2,0) -> 309.46 | J32: =E32+G32+I32 -> 1423.92 | K32: =REPLACE(K30,2,1,"1") -> S1_2_MDI+ | L32: =VLOOKUP(K32,EtchLengthFromLayout!$A:$B,2,0) -> 103.82 | M32: =REPLACE(M30,2,1,"1") -> S1_3_MDI+ | N32: =VLOOKUP(M32,EtchLengthFromLayout!$A:$B,2,0) -> 14048.36 | O32: =REPLACE(O30,2,1,"1") -> S1_4_MDI+ | P32: =VLOOKUP(O32,EtchLengthFromLayout!$A:$B,2,0) -> 635.93 | Q32: =REPLACE(Q30,2,1,"1") -> S1_AC_MDI+ | R32: =VLOOKUP(Q32,EtchLengthFromLayout!$A:$B,2,0) -> 505.56 | AB32: =E32+G32+I32+L32+N32+P32+R32+T32+V32+X32+AA32 -> 16717.59 | AC32: =IF(AC31<=1,"OK, Tolerance<= 1 mil", "Not OK, Tolerance > 1 mil") -> OK, Tolerance<= 1 mil
A33: SITE2 | B33: 16 | C33: MDIN | D33: =REPLACE(D31,2,1,"2") -> S2_MDI- | E33: =VLOOKUP(D33,EtchLengthFromLayout!$A:$B,2,0) -> 1114.46 | H33: =REPLACE(H31,2,1,"2") -> S2_1_MDI- | I33: =VLOOKUP(H33,EtchLengthFromLayout!$A:$B,2,0) -> 309.47 | J33: =E33+G33+I33 -> 1423.93 | K33: =REPLACE(K31,2,1,"2") -> S2_2_MDI- | L33: =VLOOKUP(K33,EtchLengthFromLayout!$A:$B,2,0) -> 103.82 | M33: =REPLACE(M31,2,1,"2") -> S2_3_MDI- | N33: =VLOOKUP(M33,EtchLengthFromLayout!$A:$B,2,0) -> 14048.19 | O33: =REPLACE(O31,2,1,"2") -> S2_4_MDI- | P33: =VLOOKUP(O33,EtchLengthFromLayout!$A:$B,2,0) -> 635.93 | Q33: =REPLACE(Q31,2,1,"2") -> S2_AC_MDI- | R33: =VLOOKUP(Q33,EtchLengthFromLayout!$A:$B,2,0) -> 505.56 | AB33: =E33+G33+I33+L33+N33+P33+R33+T33+V33+X33+AA33 -> 16717.43 | AC33: =ABS(AB33-AB34) -> 0.05
A34: SITE2 | B34: 15 | C34: MDIP | D34: =REPLACE(D32,2,1,"2") -> S2_MDI+ | E34: =VLOOKUP(D34,EtchLengthFromLayout!$A:$B,2,0) -> 1114.46 | H34: =REPLACE(H32,2,1,"2") -> S2_1_MDI+ | I34: =VLOOKUP(H34,EtchLengthFromLayout!$A:$B,2,0) -> 309.46 | J34: =E34+G34+I34 -> 1423.92 | K34: =REPLACE(K32,2,1,"2") -> S2_2_MDI+ | L34: =VLOOKUP(K34,EtchLengthFromLayout!$A:$B,2,0) -> 103.82 | M34: =REPLACE(M32,2,1,"2") -> S2_3_MDI+ | N34: =VLOOKUP(M34,EtchLengthFromLayout!$A:$B,2,0) -> 14048.15 | O34: =REPLACE(O32,2,1,"2") -> S2_4_MDI+ | P34: =VLOOKUP(O34,EtchLengthFromLayout!$A:$B,2,0) -> 635.93 | Q34: =REPLACE(Q32,2,1,"2") -> S2_AC_MDI+ | R34: =VLOOKUP(Q34,EtchLengthFromLayout!$A:$B,2,0) -> 505.56 | AB34: =E34+G34+I34+L34+N34+P34+R34+T34+V34+X34+AA34 -> 16717.38 | AC34: =IF(AC33<=1,"OK, Tolerance<= 1 mil", "Not OK, Tolerance > 1 mil") -> OK, Tolerance<= 1 mil
A35: SITE3 | B35: 16 | C35: MDIN | D35: =REPLACE(D33,2,1,"3") -> S3_MDI- | E35: =VLOOKUP(D35,EtchLengthFromLayout!$A:$B,2,0) -> 1114.46 | H35: =REPLACE(H33,2,1,"3") -> S3_1_MDI- | I35: =VLOOKUP(H35,EtchLengthFromLayout!$A:$B,2,0) -> 309.47 | J35: =E35+G35+I35 -> 1423.93 | K35: =REPLACE(K33,2,1,"3") -> S3_2_MDI- | L35: =VLOOKUP(K35,EtchLengthFromLayout!$A:$B,2,0) -> 103.82 | M35: =REPLACE(M33,2,1,"3") -> S3_3_MDI- | N35: =VLOOKUP(M35,EtchLengthFromLayout!$A:$B,2,0) -> 14048.76 | O35: =REPLACE(O33,2,1,"3") -> S3_4_MDI- | P35: =VLOOKUP(O35,EtchLengthFromLayout!$A:$B,2,0) -> 635.93 | Q35: =REPLACE(Q33,2,1,"3") -> S3_AC_MDI- | R35: =VLOOKUP(Q35,EtchLengthFromLayout!$A:$B,2,0) -> 505.56 | AB35: =E35+G35+I35+L35+N35+P35+R35+T35+V35+X35+AA35 -> 16718 | AC35: =ABS(AB35-AB36) -> 0.06
A36: SITE3 | B36: 15 | C36: MDIP | D36: =REPLACE(D34,2,1,"3") -> S3_MDI+ | E36: =VLOOKUP(D36,EtchLengthFromLayout!$A:$B,2,0) -> 1114.46 | H36: =REPLACE(H34,2,1,"3") -> S3_1_MDI+ | I36: =VLOOKUP(H36,EtchLengthFromLayout!$A:$B,2,0) -> 309.46 | J36: =E36+G36+I36 -> 1423.92 | K36: =REPLACE(K34,2,1,"3") -> S3_2_MDI+ | L36: =VLOOKUP(K36,EtchLengthFromLayout!$A:$B,2,0) -> 103.82 | M36: =REPLACE(M34,2,1,"3") -> S3_3_MDI+ | N36: =VLOOKUP(M36,EtchLengthFromLayout!$A:$B,2,0) -> 14048.71 | O36: =REPLACE(O34,2,1,"3") -> S3_4_MDI+ | P36: =VLOOKUP(O36,EtchLengthFromLayout!$A:$B,2,0) -> 635.93 | Q36: =REPLACE(Q34,2,1,"3") -> S3_AC_MDI+ | R36: =VLOOKUP(Q36,EtchLengthFromLayout!$A:$B,2,0) -> 505.56 | AB36: =E36+G36+I36+L36+N36+P36+R36+T36+V36+X36+AA36 -> 16717.94 | AC36: =IF(AC35<=1,"OK, Tolerance<= 1 mil", "Not OK, Tolerance > 1 mil") -> OK, Tolerance<= 1 mil
A37: SITE4 | B37: 16 | C37: MDIN | D37: =REPLACE(D35,2,1,"4") -> S4_MDI- | E37: =VLOOKUP(D37,EtchLengthFromLayout!$A:$B,2,0) -> 1114.46 | H37: =REPLACE(H35,2,1,"4") -> S4_1_MDI- | I37: =VLOOKUP(H37,EtchLengthFromLayout!$A:$B,2,0) -> 309.47 | J37: =E37+G37+I37 -> 1423.93 | K37: =REPLACE(K35,2,1,"4") -> S4_2_MDI- | L37: =VLOOKUP(K37,EtchLengthFromLayout!$A:$B,2,0) -> 103.82 | M37: =REPLACE(M35,2,1,"4") -> S4_3_MDI- | N37: =VLOOKUP(M37,EtchLengthFromLayout!$A:$B,2,0) -> 14048.25 | O37: =REPLACE(O35,2,1,"4") -> S4_4_MDI- | P37: =VLOOKUP(O37,EtchLengthFromLayout!$A:$B,2,0) -> 635.93 | Q37: =REPLACE(Q35,2,1,"4") -> S4_AC_MDI- | R37: =VLOOKUP(Q37,EtchLengthFromLayout!$A:$B,2,0) -> 505.56 | AB37: =E37+G37+I37+L37+N37+P37+R37+T37+V37+X37+AA37 -> 16717.49 | AC37: =ABS(AB37-AB38) -> 0.01
A38: SITE4 | B38: 15 | C38: MDIP | D38: =REPLACE(D36,2,1,"4") -> S4_MDI+ | E38: =VLOOKUP(D38,EtchLengthFromLayout!$A:$B,2,0) -> 1114.46 | H38: =REPLACE(H36,2,1,"4") -> S4_1_MDI+ | I38: =VLOOKUP(H38,EtchLengthFromLayout!$A:$B,2,0) -> 309.46 | J38: =E38+G38+I38 -> 1423.92 | K38: =REPLACE(K36,2,1,"4") -> S4_2_MDI+ | L38: =VLOOKUP(K38,EtchLengthFromLayout!$A:$B,2,0) -> 103.82 | M38: =REPLACE(M36,2,1,"4") -> S4_3_MDI+ | N38: =VLOOKUP(M38,EtchLengthFromLayout!$A:$B,2,0) -> 14048.25 | O38: =REPLACE(O36,2,1,"4") -> S4_4_MDI+ | P38: =VLOOKUP(O38,EtchLengthFromLayout!$A:$B,2,0) -> 635.93 | Q38: =REPLACE(Q36,2,1,"4") -> S4_AC_MDI+ | R38: =VLOOKUP(Q38,EtchLengthFromLayout!$A:$B,2,0) -> 505.56 | AB38: =E38+G38+I38+L38+N38+P38+R38+T38+V38+X38+AA38 -> 16717.48 | AC38: =IF(AC37<=1,"OK, Tolerance<= 1 mil", "Not OK, Tolerance > 1 mil") -> OK, Tolerance<= 1 mil
A39: SITE5 | B39: 16 | C39: MDIN | D39: =REPLACE(D37,2,1,"5") -> S5_MDI- | E39: =VLOOKUP(D39,EtchLengthFromLayout!$A:$B,2,0) -> 1114.46 | H39: =REPLACE(H37,2,1,"5") -> S5_1_MDI- | I39: =VLOOKUP(H39,EtchLengthFromLayout!$A:$B,2,0) -> 309.47 | J39: =E39+G39+I39 -> 1423.93 | K39: =REPLACE(K37,2,1,"5") -> S5_2_MDI- | L39: =VLOOKUP(K39,EtchLengthFromLayout!$A:$B,2,0) -> 103.82 | M39: =REPLACE(M37,2,1,"5") -> S5_3_MDI- | N39: =VLOOKUP(M39,EtchLengthFromLayout!$A:$B,2,0) -> 14048.6 | O39: =REPLACE(O37,2,1,"5") -> S5_4_MDI- | P39: =VLOOKUP(O39,EtchLengthFromLayout!$A:$B,2,0) -> 635.93 | Q39: =REPLACE(Q37,2,1,"5") -> S5_AC_MDI- | R39: =VLOOKUP(Q39,EtchLengthFromLayout!$A:$B,2,0) -> 505.56 | AB39: =E39+G39+I39+L39+N39+P39+R39+T39+V39+X39+AA39 -> 16717.84 | AC39: =ABS(AB39-AB40) -> 0.01
A40: SITE5 | B40: 15 | C40: MDIP | D40: =REPLACE(D38,2,1,"5") -> S5_MDI+ | E40: =VLOOKUP(D40,EtchLengthFromLayout!$A:$B,2,0) -> 1114.46 | H40: =REPLACE(H38,2,1,"5") -> S5_1_MDI+ | I40: =VLOOKUP(H40,EtchLengthFromLayout!$A:$B,2,0) -> 309.46 | J40: =E40+G40+I40 -> 1423.92 | K40: =REPLACE(K38,2,1,"5") -> S5_2_MDI+ | L40: =VLOOKUP(K40,EtchLengthFromLayout!$A:$B,2,0) -> 103.82 | M40: =REPLACE(M38,2,1,"5") -> S5_3_MDI+ | N40: =VLOOKUP(M40,EtchLengthFromLayout!$A:$B,2,0) -> 14048.6 | O40: =REPLACE(O38,2,1,"5") -> S5_4_MDI+ | P40: =VLOOKUP(O40,EtchLengthFromLayout!$A:$B,2,0) -> 635.93 | Q40: =REPLACE(Q38,2,1,"5") -> S5_AC_MDI+ | R40: =VLOOKUP(Q40,EtchLengthFromLayout!$A:$B,2,0) -> 505.56 | AB40: =E40+G40+I40+L40+N40+P40+R40+T40+V40+X40+AA40 -> 16717.83 | AC40: =IF(AC39<=1,"OK, Tolerance<= 1 mil", "Not OK, Tolerance > 1 mil") -> OK, Tolerance<= 1 mil
A41: SITE6 | B41: 16 | C41: MDIN | D41: =REPLACE(D39,2,1,"6") -> S6_MDI- | E41: =VLOOKUP(D41,EtchLengthFromLayout!$A:$B,2,0) -> 1114.46 | H41: =REPLACE(H39,2,1,"6") -> S6_1_MDI- | I41: =VLOOKUP(H41,EtchLengthFromLayout!$A:$B,2,0) -> 309.47 | J41: =E41+G41+I41 -> 1423.93 | K41: =REPLACE(K39,2,1,"6") -> S6_2_MDI- | L41: =VLOOKUP(K41,EtchLengthFromLayout!$A:$B,2,0) -> 103.82 | M41: =REPLACE(M39,2,1,"6") -> S6_3_MDI- | N41: =VLOOKUP(M41,EtchLengthFromLayout!$A:$B,2,0) -> 14048.73 | O41: =REPLACE(O39,2,1,"6") -> S6_4_MDI- | P41: =VLOOKUP(O41,EtchLengthFromLayout!$A:$B,2,0) -> 635.93 | Q41: =REPLACE(Q39,2,1,"6") -> S6_AC_MDI- | R41: =VLOOKUP(Q41,EtchLengthFromLayout!$A:$B,2,0) -> 505.56 | AB41: =E41+G41+I41+L41+N41+P41+R41+T41+V41+X41+AA41 -> 16717.97 | AC41: =ABS(AB41-AB42) -> 0
A42: SITE6 | B42: 15 | C42: MDIP | D42: =REPLACE(D40,2,1,"6") -> S6_MDI+ | E42: =VLOOKUP(D42,EtchLengthFromLayout!$A:$B,2,0) -> 1114.46 | H42: =REPLACE(H40,2,1,"6") -> S6_1_MDI+ | I42: =VLOOKUP(H42,EtchLengthFromLayout!$A:$B,2,0) -> 309.46 | J42: =E42+G42+I42 -> 1423.92 | K42: =REPLACE(K40,2,1,"6") -> S6_2_MDI+ | L42: =VLOOKUP(K42,EtchLengthFromLayout!$A:$B,2,0) -> 103.82 | M42: =REPLACE(M40,2,1,"6") -> S6_3_MDI+ | N42: =VLOOKUP(M42,EtchLengthFromLayout!$A:$B,2,0) -> 14048.74 | O42: =REPLACE(O40,2,1,"6") -> S6_4_MDI+ | P42: =VLOOKUP(O42,EtchLengthFromLayout!$A:$B,2,0) -> 635.93 | Q42: =REPLACE(Q40,2,1,"6") -> S6_AC_MDI+ | R42: =VLOOKUP(Q42,EtchLengthFromLayout!$A:$B,2,0) -> 505.56 | AB42: =E42+G42+I42+L42+N42+P42+R42+T42+V42+X42+AA42 -> 16717.97 | AC42: =IF(AC41<=1,"OK, Tolerance<= 1 mil", "Not OK, Tolerance > 1 mil") -> OK, Tolerance<= 1 mil
A43: SITE7 | B43: 16 | C43: MDIN | D43: =REPLACE(D41,2,1,"7") -> S7_MDI- | E43: =VLOOKUP(D43,EtchLengthFromLayout!$A:$B,2,0) -> 1114.46 | H43: =REPLACE(H41,2,1,"7") -> S7_1_MDI- | I43: =VLOOKUP(H43,EtchLengthFromLayout!$A:$B,2,0) -> 309.47 | J43: =E43+G43+I43 -> 1423.93 | K43: =REPLACE(K41,2,1,"7") -> S7_2_MDI- | L43: =VLOOKUP(K43,EtchLengthFromLayout!$A:$B,2,0) -> 103.82 | M43: =REPLACE(M41,2,1,"7") -> S7_3_MDI- | N43: =VLOOKUP(M43,EtchLengthFromLayout!$A:$B,2,0) -> 14048.83 | O43: =REPLACE(O41,2,1,"7") -> S7_4_MDI- | P43: =VLOOKUP(O43,EtchLengthFromLayout!$A:$B,2,0) -> 635.93 | Q43: =REPLACE(Q41,2,1,"7") -> S7_AC_MDI- | R43: =VLOOKUP(Q43,EtchLengthFromLayout!$A:$B,2,0) -> 505.56 | AB43: =E43+G43+I43+L43+N43+P43+R43+T43+V43+X43+AA43 -> 16718.07 | AC43: =ABS(AB43-AB44) -> 0.02
A44: SITE7 | B44: 15 | C44: MDIP | D44: =REPLACE(D42,2,1,"7") -> S7_MDI+ | E44: =VLOOKUP(D44,EtchLengthFromLayout!$A:$B,2,0) -> 1114.46 | H44: =REPLACE(H42,2,1,"7") -> S7_1_MDI+ | I44: =VLOOKUP(H44,EtchLengthFromLayout!$A:$B,2,0) -> 309.46 | J44: =E44+G44+I44 -> 1423.92 | K44: =REPLACE(K42,2,1,"7") -> S7_2_MDI+ | L44: =VLOOKUP(K44,EtchLengthFromLayout!$A:$B,2,0) -> 103.82 | M44: =REPLACE(M42,2,1,"7") -> S7_3_MDI+ | N44: =VLOOKUP(M44,EtchLengthFromLayout!$A:$B,2,0) -> 14048.86 | O44: =REPLACE(O42,2,1,"7") -> S7_4_MDI+ | P44: =VLOOKUP(O44,EtchLengthFromLayout!$A:$B,2,0) -> 635.93 | Q44: =REPLACE(Q42,2,1,"7") -> S7_AC_MDI+ | R44: =VLOOKUP(Q44,EtchLengthFromLayout!$A:$B,2,0) -> 505.56 | AB44: =E44+G44+I44+L44+N44+P44+R44+T44+V44+X44+AA44 -> 16718.09 | AC44: =IF(AC43<=1,"OK, Tolerance<= 1 mil", "Not OK, Tolerance > 1 mil") -> OK, Tolerance<= 1 mil
H45: Max | J45: =MAX(J29:J44) -> 1423.93 | Z45: Max | AB45: =MAX(AB29:AB44) -> 16718.09
H46: Min | J46: =MIN(J29:J44) -> 1423.92 | Z46: Min | AB46: =MIN(AB29:AB44) -> 16717.38
H47: Max-Min | J47: =ABS(J45-J46) -> 0.01 | Z47: Max-Min | AB47: =ABS(AB45-AB46) -> 0.71
Z48: Tolerence Check | AB48: =IF(AB47<=1000,"OK, Tolerance<= 1000 mils", "Not OK, Tolerance > 1000 mils") -> OK, Tolerance<= 1000 mils
A53: Golden to Connector:
A54: Site | B54: Pin No | C54: Pin Name | D54: Net | E54: Length | F54: Net | G54: Length | H54: Net | I54: Length | J54: DUT-> Choke ( E + G + I ) as short as possible | K54: Net | L54: Length | M54: Net | N54: Length | O54: Net | P54: Length | Q54: Net | R54: Length | S54: Net | T54: Length | U54: Net | V54: Length | W54: Net | X54: Length | Z54: Golden -> Choke 此處為最短距離 Net | AA54: Length | AB54: Total Length (mils) | AC54: P/N Difference (mils) | AD54: Golden | AE54: Pin No | AF54: Pin Name | AG54: Note
A55: SITE0 | B55: 16 | C55: MDIN | S55: SG0_AC_MDI- | T55: =VLOOKUP(S55,EtchLengthFromLayout!$A:$B,2,0) -> 508.61 | U55: SG0_2_MDI- | V55: =VLOOKUP(U55,EtchLengthFromLayout!$A:$B,2,0) -> 783.26 | W55: SG0_1_MDI- | X55: =VLOOKUP(W55,EtchLengthFromLayout!$A:$B,2,0) -> 114.88 | Z55: SG0_MDI- | AA55: =VLOOKUP(Z55,EtchLengthFromLayout!$A:$B,2,0) -> 911.27 | AB55: =E55+G55+I55+L55+N55+P55+R55+T55+V55+X55+AA55 -> 2318.02 | AC55: =ABS(AB55-AB56) -> 0.01 | AD55: GOLD0 | AE55: 17 | AF55: MDIN | AG55: Golden to Connector MQS1
A56: SITE0 | B56: 15 | C56: MDIP | S56: SG0_AC_MDI+ | T56: =VLOOKUP(S56,EtchLengthFromLayout!$A:$B,2,0) -> 508.61 | U56: SG0_2_MDI+ | V56: =VLOOKUP(U56,EtchLengthFromLayout!$A:$B,2,0) -> 783.27 | W56: SG0_1_MDI+ | X56: =VLOOKUP(W56,EtchLengthFromLayout!$A:$B,2,0) -> 114.88 | Z56: SG0_MDI+ | AA56: =VLOOKUP(Z56,EtchLengthFromLayout!$A:$B,2,0) -> 911.27 | AB56: =E56+G56+I56+L56+N56+P56+R56+T56+V56+X56+AA56 -> 2318.03 | AC56: =IF(AC55<=1,"OK, Tolerance<= 1 mil", "Not OK, Tolerance > 1 mil") -> OK, Tolerance<= 1 mil | AD56: GOLD0 | AE56: 16 | AF56: MDIP
A57: SITE1 | B57: 16 | C57: MDIN | S57: =REPLACE(S55,3,1,"1") -> SG1_AC_MDI- | T57: =VLOOKUP(S57,EtchLengthFromLayout!$A:$B,2,0) -> 508.61 | U57: =REPLACE(U55,3,1,"1") -> SG1_2_MDI- | V57: =VLOOKUP(U57,EtchLengthFromLayout!$A:$B,2,0) -> 783.26 | W57: =REPLACE(W55,3,1,"1") -> SG1_1_MDI- | X57: =VLOOKUP(W57,EtchLengthFromLayout!$A:$B,2,0) -> 114.88 | Z57: =REPLACE(Z55,3,1,"1") -> SG1_MDI- | AA57: =VLOOKUP(Z57,EtchLengthFromLayout!$A:$B,2,0) -> 911.27 | AB57: =E57+G57+I57+L57+N57+P57+R57+T57+V57+X57+AA57 -> 2318.02 | AC57: =ABS(AB57-AB58) -> 0.01 | AD57: GOLD1 | AE57: 17 | AF57: MDIN
A58: SITE1 | B58: 15 | C58: MDIP | S58: =REPLACE(S56,3,1,"1") -> SG1_AC_MDI+ | T58: =VLOOKUP(S58,EtchLengthFromLayout!$A:$B,2,0) -> 508.61 | U58: =REPLACE(U56,3,1,"1") -> SG1_2_MDI+ | V58: =VLOOKUP(U58,EtchLengthFromLayout!$A:$B,2,0) -> 783.27 | W58: =REPLACE(W56,3,1,"1") -> SG1_1_MDI+ | X58: =VLOOKUP(W58,EtchLengthFromLayout!$A:$B,2,0) -> 114.88 | Z58: =REPLACE(Z56,3,1,"1") -> SG1_MDI+ | AA58: =VLOOKUP(Z58,EtchLengthFromLayout!$A:$B,2,0) -> 911.27 | AB58: =E58+G58+I58+L58+N58+P58+R58+T58+V58+X58+AA58 -> 2318.03 | AC58: =IF(AC57<=1,"OK, Tolerance<= 1 mil", "Not OK, Tolerance > 1 mil") -> OK, Tolerance<= 1 mil | AD58: GOLD1 | AE58: 16 | AF58: MDIP
A59: SITE2 | B59: 16 | C59: MDIN | S59: =REPLACE(S57,3,1,"2") -> SG2_AC_MDI- | T59: =VLOOKUP(S59,EtchLengthFromLayout!$A:$B,2,0) -> 508.61 | U59: =REPLACE(U57,3,1,"2") -> SG2_2_MDI- | V59: =VLOOKUP(U59,EtchLengthFromLayout!$A:$B,2,0) -> 783.26 | W59: =REPLACE(W57,3,1,"2") -> SG2_1_MDI- | X59: =VLOOKUP(W59,EtchLengthFromLayout!$A:$B,2,0) -> 114.88 | Z59: =REPLACE(Z57,3,1,"2") -> SG2_MDI- | AA59: =VLOOKUP(Z59,EtchLengthFromLayout!$A:$B,2,0) -> 911.27 | AB59: =E59+G59+I59+L59+N59+P59+R59+T59+V59+X59+AA59 -> 2318.02 | AC59: =ABS(AB59-AB60) -> 0.01 | AD59: GOLD2 | AE59: 17 | AF59: MDIN
A60: SITE2 | B60: 15 | C60: MDIP | S60: =REPLACE(S58,3,1,"2") -> SG2_AC_MDI+ | T60: =VLOOKUP(S60,EtchLengthFromLayout!$A:$B,2,0) -> 508.61 | U60: =REPLACE(U58,3,1,"2") -> SG2_2_MDI+ | V60: =VLOOKUP(U60,EtchLengthFromLayout!$A:$B,2,0) -> 783.27 | W60: =REPLACE(W58,3,1,"2") -> SG2_1_MDI+ | X60: =VLOOKUP(W60,EtchLengthFromLayout!$A:$B,2,0) -> 114.88 | Z60: =REPLACE(Z58,3,1,"2") -> SG2_MDI+ | AA60: =VLOOKUP(Z60,EtchLengthFromLayout!$A:$B,2,0) -> 911.27 | AB60: =E60+G60+I60+L60+N60+P60+R60+T60+V60+X60+AA60 -> 2318.03 | AC60: =IF(AC59<=1,"OK, Tolerance<= 1 mil", "Not OK, Tolerance > 1 mil") -> OK, Tolerance<= 1 mil | AD60: GOLD2 | AE60: 16 | AF60: MDIP
A61: SITE3 | B61: 16 | C61: MDIN | S61: =REPLACE(S59,3,1,"3") -> SG3_AC_MDI- | T61: =VLOOKUP(S61,EtchLengthFromLayout!$A:$B,2,0) -> 508.61 | U61: =REPLACE(U59,3,1,"3") -> SG3_2_MDI- | V61: =VLOOKUP(U61,EtchLengthFromLayout!$A:$B,2,0) -> 783.26 | W61: =REPLACE(W59,3,1,"3") -> SG3_1_MDI- | X61: =VLOOKUP(W61,EtchLengthFromLayout!$A:$B,2,0) -> 114.88 | Z61: =REPLACE(Z59,3,1,"3") -> SG3_MDI- | AA61: =VLOOKUP(Z61,EtchLengthFromLayout!$A:$B,2,0) -> 911.27 | AB61: =E61+G61+I61+L61+N61+P61+R61+T61+V61+X61+AA61 -> 2318.02 | AC61: =ABS(AB61-AB62) -> 0.01 | AD61: GOLD3 | AE61: 17 | AF61: MDIN
A62: SITE3 | B62: 15 | C62: MDIP | S62: =REPLACE(S60,3,1,"3") -> SG3_AC_MDI+ | T62: =VLOOKUP(S62,EtchLengthFromLayout!$A:$B,2,0) -> 508.61 | U62: =REPLACE(U60,3,1,"3") -> SG3_2_MDI+ | V62: =VLOOKUP(U62,EtchLengthFromLayout!$A:$B,2,0) -> 783.27 | W62: =REPLACE(W60,3,1,"3") -> SG3_1_MDI+ | X62: =VLOOKUP(W62,EtchLengthFromLayout!$A:$B,2,0) -> 114.88 | Z62: =REPLACE(Z60,3,1,"3") -> SG3_MDI+ | AA62: =VLOOKUP(Z62,EtchLengthFromLayout!$A:$B,2,0) -> 911.27 | AB62: =E62+G62+I62+L62+N62+P62+R62+T62+V62+X62+AA62 -> 2318.03 | AC62: =IF(AC61<=1,"OK, Tolerance<= 1 mil", "Not OK, Tolerance > 1 mil") -> OK, Tolerance<= 1 mil | AD62: GOLD3 | AE62: 16 | AF62: MDIP
A63: SITE4 | B63: 16 | C63: MDIN | S63: =REPLACE(S61,3,1,"4") -> SG4_AC_MDI- | T63: =VLOOKUP(S63,EtchLengthFromLayout!$A:$B,2,0) -> 508.61 | U63: =REPLACE(U61,3,1,"4") -> SG4_2_MDI- | V63: =VLOOKUP(U63,EtchLengthFromLayout!$A:$B,2,0) -> 783.26 | W63: =REPLACE(W61,3,1,"4") -> SG4_1_MDI- | X63: =VLOOKUP(W63,EtchLengthFromLayout!$A:$B,2,0) -> 114.88 | Z63: =REPLACE(Z61,3,1,"4") -> SG4_MDI- | AA63: =VLOOKUP(Z63,EtchLengthFromLayout!$A:$B,2,0) -> 911.27 | AB63: =E63+G63+I63+L63+N63+P63+R63+T63+V63+X63+AA63 -> 2318.02 | AC63: =ABS(AB63-AB64) -> 0.01 | AD63: GOLD4 | AE63: 17 | AF63: MDIN
A64: SITE4 | B64: 15 | C64: MDIP | S64: =REPLACE(S62,3,1,"4") -> SG4_AC_MDI+ | T64: =VLOOKUP(S64,EtchLengthFromLayout!$A:$B,2,0) -> 508.61 | U64: =REPLACE(U62,3,1,"4") -> SG4_2_MDI+ | V64: =VLOOKUP(U64,EtchLengthFromLayout!$A:$B,2,0) -> 783.27 | W64: =REPLACE(W62,3,1,"4") -> SG4_1_MDI+ | X64: =VLOOKUP(W64,EtchLengthFromLayout!$A:$B,2,0) -> 114.88 | Z64: =REPLACE(Z62,3,1,"4") -> SG4_MDI+ | AA64: =VLOOKUP(Z64,EtchLengthFromLayout!$A:$B,2,0) -> 911.27 | AB64: =E64+G64+I64+L64+N64+P64+R64+T64+V64+X64+AA64 -> 2318.03 | AC64: =IF(AC63<=1,"OK, Tolerance<= 1 mil", "Not OK, Tolerance > 1 mil") -> OK, Tolerance<= 1 mil | AD64: GOLD4 | AE64: 16 | AF64: MDIP
A65: SITE5 | B65: 16 | C65: MDIN | S65: =REPLACE(S63,3,1,"5") -> SG5_AC_MDI- | T65: =VLOOKUP(S65,EtchLengthFromLayout!$A:$B,2,0) -> 508.61 | U65: =REPLACE(U63,3,1,"5") -> SG5_2_MDI- | V65: =VLOOKUP(U65,EtchLengthFromLayout!$A:$B,2,0) -> 783.26 | W65: =REPLACE(W63,3,1,"5") -> SG5_1_MDI- | X65: =VLOOKUP(W65,EtchLengthFromLayout!$A:$B,2,0) -> 114.88 | Z65: =REPLACE(Z63,3,1,"5") -> SG5_MDI- | AA65: =VLOOKUP(Z65,EtchLengthFromLayout!$A:$B,2,0) -> 911.27 | AB65: =E65+G65+I65+L65+N65+P65+R65+T65+V65+X65+AA65 -> 2318.02 | AC65: =ABS(AB65-AB66) -> 0.01 | AD65: GOLD5 | AE65: 17 | AF65: MDIN
A66: SITE5 | B66: 15 | C66: MDIP | S66: =REPLACE(S64,3,1,"5") -> SG5_AC_MDI+ | T66: =VLOOKUP(S66,EtchLengthFromLayout!$A:$B,2,0) -> 508.61 | U66: =REPLACE(U64,3,1,"5") -> SG5_2_MDI+ | V66: =VLOOKUP(U66,EtchLengthFromLayout!$A:$B,2,0) -> 783.27 | W66: =REPLACE(W64,3,1,"5") -> SG5_1_MDI+ | X66: =VLOOKUP(W66,EtchLengthFromLayout!$A:$B,2,0) -> 114.88 | Z66: =REPLACE(Z64,3,1,"5") -> SG5_MDI+ | AA66: =VLOOKUP(Z66,EtchLengthFromLayout!$A:$B,2,0) -> 911.27 | AB66: =E66+G66+I66+L66+N66+P66+R66+T66+V66+X66+AA66 -> 2318.03 | AC66: =IF(AC65<=1,"OK, Tolerance<= 1 mil", "Not OK, Tolerance > 1 mil") -> OK, Tolerance<= 1 mil | AD66: GOLD5 | AE66: 16 | AF66: MDIP
A67: SITE6 | B67: 16 | C67: MDIN | S67: =REPLACE(S65,3,1,"6") -> SG6_AC_MDI- | T67: =VLOOKUP(S67,EtchLengthFromLayout!$A:$B,2,0) -> 508.61 | U67: =REPLACE(U65,3,1,"6") -> SG6_2_MDI- | V67: =VLOOKUP(U67,EtchLengthFromLayout!$A:$B,2,0) -> 783.26 | W67: =REPLACE(W65,3,1,"6") -> SG6_1_MDI- | X67: =VLOOKUP(W67,EtchLengthFromLayout!$A:$B,2,0) -> 114.88 | Z67: =REPLACE(Z65,3,1,"6") -> SG6_MDI- | AA67: =VLOOKUP(Z67,EtchLengthFromLayout!$A:$B,2,0) -> 911.27 | AB67: =E67+G67+I67+L67+N67+P67+R67+T67+V67+X67+AA67 -> 2318.02 | AC67: =ABS(AB67-AB68) -> 0.01 | AD67: GOLD6 | AE67: 17 | AF67: MDIN
A68: SITE6 | B68: 15 | C68: MDIP | S68: =REPLACE(S66,3,1,"6") -> SG6_AC_MDI+ | T68: =VLOOKUP(S68,EtchLengthFromLayout!$A:$B,2,0) -> 508.61 | U68: =REPLACE(U66,3,1,"6") -> SG6_2_MDI+ | V68: =VLOOKUP(U68,EtchLengthFromLayout!$A:$B,2,0) -> 783.27 | W68: =REPLACE(W66,3,1,"6") -> SG6_1_MDI+ | X68: =VLOOKUP(W68,EtchLengthFromLayout!$A:$B,2,0) -> 114.88 | Z68: =REPLACE(Z66,3,1,"6") -> SG6_MDI+ | AA68: =VLOOKUP(Z68,EtchLengthFromLayout!$A:$B,2,0) -> 911.27 | AB68: =E68+G68+I68+L68+N68+P68+R68+T68+V68+X68+AA68 -> 2318.03 | AC68: =IF(AC67<=1,"OK, Tolerance<= 1 mil", "Not OK, Tolerance > 1 mil") -> OK, Tolerance<= 1 mil | AD68: GOLD6 | AE68: 16 | AF68: MDIP
A69: SITE7 | B69: 16 | C69: MDIN | S69: =REPLACE(S67,3,1,"7") -> SG7_AC_MDI- | T69: =VLOOKUP(S69,EtchLengthFromLayout!$A:$B,2,0) -> 508.61 | U69: =REPLACE(U67,3,1,"7") -> SG7_2_MDI- | V69: =VLOOKUP(U69,EtchLengthFromLayout!$A:$B,2,0) -> 783.26 | W69: =REPLACE(W67,3,1,"7") -> SG7_1_MDI- | X69: =VLOOKUP(W69,EtchLengthFromLayout!$A:$B,2,0) -> 114.88 | Z69: =REPLACE(Z67,3,1,"7") -> SG7_MDI- | AA69: =VLOOKUP(Z69,EtchLengthFromLayout!$A:$B,2,0) -> 911.27 | AB69: =E69+G69+I69+L69+N69+P69+R69+T69+V69+X69+AA69 -> 2318.02 | AC69: =ABS(AB69-AB70) -> 0.01 | AD69: GOLD7 | AE69: 17 | AF69: MDIN
A70: SITE7 | B70: 15 | C70: MDIP | S70: =REPLACE(S68,3,1,"7") -> SG7_AC_MDI+ | T70: =VLOOKUP(S70,EtchLengthFromLayout!$A:$B,2,0) -> 508.61 | U70: =REPLACE(U68,3,1,"7") -> SG7_2_MDI+ | V70: =VLOOKUP(U70,EtchLengthFromLayout!$A:$B,2,0) -> 783.27 | W70: =REPLACE(W68,3,1,"7") -> SG7_1_MDI+ | X70: =VLOOKUP(W70,EtchLengthFromLayout!$A:$B,2,0) -> 114.88 | Z70: =REPLACE(Z68,3,1,"7") -> SG7_MDI+ | AA70: =VLOOKUP(Z70,EtchLengthFromLayout!$A:$B,2,0) -> 911.27 | AB70: =E70+G70+I70+L70+N70+P70+R70+T70+V70+X70+AA70 -> 2318.03 | AC70: =IF(AC69<=1,"OK, Tolerance<= 1 mil", "Not OK, Tolerance > 1 mil") -> OK, Tolerance<= 1 mil | AD70: GOLD7 | AE70: 16 | AF70: MDIP
Z71: Max | AA71: =MAX(AA55:AA70) -> 911.27 | AB71: =MAX(AB55:AB70) -> 2318.03
Z72: Min | AA72: =MIN(AA55:AA70) -> 911.27 | AB72: =MIN(AB55:AB70) -> 2318.02
Z73: Max-Min | AA73: =ABS(AA71-AA72) -> 0 | AB73: =ABS(AB71-AB72) -> 0.01
Z74: Tolerence Check | AB74: =IF(AB73<=1000,"OK, Tolerance<= 1000 mils", "Not OK, Tolerance > 1000 mils") -> OK, Tolerance<= 1000 mils
A79: DUT to Connector Plus Golden to Connector:
A80: Site | B80: Pin No | C80: Pin Name | D80: Net | E80: Length | F80: Net | G80: Length | H80: Net | I80: Length | J80: DUT-> Choke ( E + G + I ) as short as possible | K80: Net | L80: Length | M80: Net | N80: Length | O80: Net | P80: Length | Q80: Net | R80: Length | S80: Net | T80: Length | U80: Net | V80: Length | W80: Net | X80: Length | Z80: Golden -> Choke 此處為最短距離 Net | AA80: Length | AB80: Total Length (mils) | AC80: P/N Difference (mils) | AD80: Golden | AE80: Pin No | AF80: Pin Name | AG80: Note
A81: SITE0 | B81: 16 | C81: MDIN | D81: S0_MDI- | E81: =VLOOKUP(D81,EtchLengthFromLayout!$A:$B,2,0) -> 1114.46 | H81: S0_1_MDI- | I81: =VLOOKUP(H81,EtchLengthFromLayout!$A:$B,2,0) -> 309.47 | J81: =E81+G81+I81 -> 1423.93 | K81: S0_2_MDI- | L81: =VLOOKUP(K81,EtchLengthFromLayout!$A:$B,2,0) -> 103.82 | M81: S0_3_MDI- | N81: =VLOOKUP(M81,EtchLengthFromLayout!$A:$B,2,0) -> 14048.5 | O81: S0_4_MDI- | P81: =VLOOKUP(O81,EtchLengthFromLayout!$A:$B,2,0) -> 635.93 | Q81: S0_AC_MDI- | R81: =VLOOKUP(Q81,EtchLengthFromLayout!$A:$B,2,0) -> 505.56 | S81: SG0_AC_MDI- | T81: =VLOOKUP(S81,EtchLengthFromLayout!$A:$B,2,0) -> 508.61 | U81: SG0_2_MDI- | V81: =VLOOKUP(U81,EtchLengthFromLayout!$A:$B,2,0) -> 783.26 | W81: SG0_1_MDI- | X81: =VLOOKUP(W81,EtchLengthFromLayout!$A:$B,2,0) -> 114.88 | Z81: SG0_MDI- | AA81: =VLOOKUP(Z81,EtchLengthFromLayout!$A:$B,2,0) -> 911.27 | AB81: =E81+G81+I81+L81+N81+P81+R81+T81+V81+X81+AA81 -> 19035.76 | AC81: =ABS(AB81-AB82) -> 0 | AD81: GOLD0 | AE81: 17 | AF81: MDIN | AG81: DUT to Connector MQS1 + Golden to Connector MQS1
A82: SITE0 | B82: 15 | C82: MDIP | D82: S0_MDI+ | E82: =VLOOKUP(D82,EtchLengthFromLayout!$A:$B,2,0) -> 1114.46 | H82: S0_1_MDI+ | I82: =VLOOKUP(H82,EtchLengthFromLayout!$A:$B,2,0) -> 309.46 | J82: =E82+G82+I82 -> 1423.92 | K82: S0_2_MDI+ | L82: =VLOOKUP(K82,EtchLengthFromLayout!$A:$B,2,0) -> 103.82 | M82: S0_3_MDI+ | N82: =VLOOKUP(M82,EtchLengthFromLayout!$A:$B,2,0) -> 14048.5 | O82: S0_4_MDI+ | P82: =VLOOKUP(O82,EtchLengthFromLayout!$A:$B,2,0) -> 635.93 | Q82: S0_AC_MDI+ | R82: =VLOOKUP(Q82,EtchLengthFromLayout!$A:$B,2,0) -> 505.56 | S82: SG0_AC_MDI+ | T82: =VLOOKUP(S82,EtchLengthFromLayout!$A:$B,2,0) -> 508.61 | U82: SG0_2_MDI+ | V82: =VLOOKUP(U82,EtchLengthFromLayout!$A:$B,2,0) -> 783.27 | W82: SG0_1_MDI+ | X82: =VLOOKUP(W82,EtchLengthFromLayout!$A:$B,2,0) -> 114.88 | Z82: SG0_MDI+ | AA82: =VLOOKUP(Z82,EtchLengthFromLayout!$A:$B,2,0) -> 911.27 | AB82: =E82+G82+I82+L82+N82+P82+R82+T82+V82+X82+AA82 -> 19035.76 | AC82: =IF(AC81<=1,"OK, Tolerance<= 1 mil", "Not OK, Tolerance > 1 mil") -> OK, Tolerance<= 1 mil | AD82: GOLD0 | AE82: 16 | AF82: MDIP
A83: SITE1 | B83: 16 | C83: MDIN | D83: =REPLACE(D81,2,1,"1") -> S1_MDI- | E83: =VLOOKUP(D83,EtchLengthFromLayout!$A:$B,2,0) -> 1114.46 | H83: =REPLACE(H81,2,1,"1") -> S1_1_MDI- | I83: =VLOOKUP(H83,EtchLengthFromLayout!$A:$B,2,0) -> 309.47 | J83: =E83+G83+I83 -> 1423.93 | K83: =REPLACE(K81,2,1,"1") -> S1_2_MDI- | L83: =VLOOKUP(K83,EtchLengthFromLayout!$A:$B,2,0) -> 103.82 | M83: =REPLACE(M81,2,1,"1") -> S1_3_MDI- | N83: =VLOOKUP(M83,EtchLengthFromLayout!$A:$B,2,0) -> 14048.36 | O83: =REPLACE(O81,2,1,"1") -> S1_4_MDI- | P83: =VLOOKUP(O83,EtchLengthFromLayout!$A:$B,2,0) -> 635.93 | Q83: =REPLACE(Q81,2,1,"1") -> S1_AC_MDI- | R83: =VLOOKUP(Q83,EtchLengthFromLayout!$A:$B,2,0) -> 505.56 | S83: =REPLACE(S81,3,1,"1") -> SG1_AC_MDI- | T83: =VLOOKUP(S83,EtchLengthFromLayout!$A:$B,2,0) -> 508.61 | U83: =REPLACE(U81,3,1,"1") -> SG1_2_MDI- | V83: =VLOOKUP(U83,EtchLengthFromLayout!$A:$B,2,0) -> 783.26 | W83: =REPLACE(W81,3,1,"1") -> SG1_1_MDI- | X83: =VLOOKUP(W83,EtchLengthFromLayout!$A:$B,2,0) -> 114.88 | Z83: =REPLACE(Z81,3,1,"1") -> SG1_MDI- | AA83: =VLOOKUP(Z83,EtchLengthFromLayout!$A:$B,2,0) -> 911.27 | AB83: =E83+G83+I83+L83+N83+P83+R83+T83+V83+X83+AA83 -> 19035.62 | AC83: =ABS(AB83-AB84) -> 0 | AD83: GOLD1 | AE83: 17 | AF83: MDIN
A84: SITE1 | B84: 15 | C84: MDIP | D84: =REPLACE(D82,2,1,"1") -> S1_MDI+ | E84: =VLOOKUP(D84,EtchLengthFromLayout!$A:$B,2,0) -> 1114.46 | H84: =REPLACE(H82,2,1,"1") -> S1_1_MDI+ | I84: =VLOOKUP(H84,EtchLengthFromLayout!$A:$B,2,0) -> 309.46 | J84: =E84+G84+I84 -> 1423.92 | K84: =REPLACE(K82,2,1,"1") -> S1_2_MDI+ | L84: =VLOOKUP(K84,EtchLengthFromLayout!$A:$B,2,0) -> 103.82 | M84: =REPLACE(M82,2,1,"1") -> S1_3_MDI+ | N84: =VLOOKUP(M84,EtchLengthFromLayout!$A:$B,2,0) -> 14048.36 | O84: =REPLACE(O82,2,1,"1") -> S1_4_MDI+ | P84: =VLOOKUP(O84,EtchLengthFromLayout!$A:$B,2,0) -> 635.93 | Q84: =REPLACE(Q82,2,1,"1") -> S1_AC_MDI+ | R84: =VLOOKUP(Q84,EtchLengthFromLayout!$A:$B,2,0) -> 505.56 | S84: =REPLACE(S82,3,1,"1") -> SG1_AC_MDI+ | T84: =VLOOKUP(S84,EtchLengthFromLayout!$A:$B,2,0) -> 508.61 | U84: =REPLACE(U82,3,1,"1") -> SG1_2_MDI+ | V84: =VLOOKUP(U84,EtchLengthFromLayout!$A:$B,2,0) -> 783.27 | W84: =REPLACE(W82,3,1,"1") -> SG1_1_MDI+ | X84: =VLOOKUP(W84,EtchLengthFromLayout!$A:$B,2,0) -> 114.88 | Z84: =REPLACE(Z82,3,1,"1") -> SG1_MDI+ | AA84: =VLOOKUP(Z84,EtchLengthFromLayout!$A:$B,2,0) -> 911.27 | AB84: =E84+G84+I84+L84+N84+P84+R84+T84+V84+X84+AA84 -> 19035.62 | AC84: =IF(AC83<=1,"OK, Tolerance<= 1 mil", "Not OK, Tolerance > 1 mil") -> OK, Tolerance<= 1 mil | AD84: GOLD1 | AE84: 16 | AF84: MDIP
A85: SITE2 | B85: 16 | C85: MDIN | D85: =REPLACE(D83,2,1,"2") -> S2_MDI- | E85: =VLOOKUP(D85,EtchLengthFromLayout!$A:$B,2,0) -> 1114.46 | H85: =REPLACE(H83,2,1,"2") -> S2_1_MDI- | I85: =VLOOKUP(H85,EtchLengthFromLayout!$A:$B,2,0) -> 309.47 | J85: =E85+G85+I85 -> 1423.93 | K85: =REPLACE(K83,2,1,"2") -> S2_2_MDI- | L85: =VLOOKUP(K85,EtchLengthFromLayout!$A:$B,2,0) -> 103.82 | M85: =REPLACE(M83,2,1,"2") -> S2_3_MDI- | N85: =VLOOKUP(M85,EtchLengthFromLayout!$A:$B,2,0) -> 14048.19 | O85: =REPLACE(O83,2,1,"2") -> S2_4_MDI- | P85: =VLOOKUP(O85,EtchLengthFromLayout!$A:$B,2,0) -> 635.93 | Q85: =REPLACE(Q83,2,1,"2") -> S2_AC_MDI- | R85: =VLOOKUP(Q85,EtchLengthFromLayout!$A:$B,2,0) -> 505.56 | S85: =REPLACE(S83,3,1,"2") -> SG2_AC_MDI- | T85: =VLOOKUP(S85,EtchLengthFromLayout!$A:$B,2,0) -> 508.61 | U85: =REPLACE(U83,3,1,"2") -> SG2_2_MDI- | V85: =VLOOKUP(U85,EtchLengthFromLayout!$A:$B,2,0) -> 783.26 | W85: =REPLACE(W83,3,1,"2") -> SG2_1_MDI- | X85: =VLOOKUP(W85,EtchLengthFromLayout!$A:$B,2,0) -> 114.88 | Z85: =REPLACE(Z83,3,1,"2") -> SG2_MDI- | AA85: =VLOOKUP(Z85,EtchLengthFromLayout!$A:$B,2,0) -> 911.27 | AB85: =E85+G85+I85+L85+N85+P85+R85+T85+V85+X85+AA85 -> 19035.45 | AC85: =ABS(AB85-AB86) -> 0.04 | AD85: GOLD2 | AE85: 17 | AF85: MDIN
A86: SITE2 | B86: 15 | C86: MDIP | D86: =REPLACE(D84,2,1,"2") -> S2_MDI+ | E86: =VLOOKUP(D86,EtchLengthFromLayout!$A:$B,2,0) -> 1114.46 | H86: =REPLACE(H84,2,1,"2") -> S2_1_MDI+ | I86: =VLOOKUP(H86,EtchLengthFromLayout!$A:$B,2,0) -> 309.46 | J86: =E86+G86+I86 -> 1423.92 | K86: =REPLACE(K84,2,1,"2") -> S2_2_MDI+ | L86: =VLOOKUP(K86,EtchLengthFromLayout!$A:$B,2,0) -> 103.82 | M86: =REPLACE(M84,2,1,"2") -> S2_3_MDI+ | N86: =VLOOKUP(M86,EtchLengthFromLayout!$A:$B,2,0) -> 14048.15 | O86: =REPLACE(O84,2,1,"2") -> S2_4_MDI+ | P86: =VLOOKUP(O86,EtchLengthFromLayout!$A:$B,2,0) -> 635.93 | Q86: =REPLACE(Q84,2,1,"2") -> S2_AC_MDI+ | R86: =VLOOKUP(Q86,EtchLengthFromLayout!$A:$B,2,0) -> 505.56 | S86: =REPLACE(S84,3,1,"2") -> SG2_AC_MDI+ | T86: =VLOOKUP(S86,EtchLengthFromLayout!$A:$B,2,0) -> 508.61 | U86: =REPLACE(U84,3,1,"2") -> SG2_2_MDI+ | V86: =VLOOKUP(U86,EtchLengthFromLayout!$A:$B,2,0) -> 783.27 | W86: =REPLACE(W84,3,1,"2") -> SG2_1_MDI+ | X86: =VLOOKUP(W86,EtchLengthFromLayout!$A:$B,2,0) -> 114.88 | Z86: =REPLACE(Z84,3,1,"2") -> SG2_MDI+ | AA86: =VLOOKUP(Z86,EtchLengthFromLayout!$A:$B,2,0) -> 911.27 | AB86: =E86+G86+I86+L86+N86+P86+R86+T86+V86+X86+AA86 -> 19035.41 | AC86: =IF(AC85<=1,"OK, Tolerance<= 1 mil", "Not OK, Tolerance > 1 mil") -> OK, Tolerance<= 1 mil | AD86: GOLD2 | AE86: 16 | AF86: MDIP
A87: SITE3 | B87: 16 | C87: MDIN | D87: =REPLACE(D85,2,1,"3") -> S3_MDI- | E87: =VLOOKUP(D87,EtchLengthFromLayout!$A:$B,2,0) -> 1114.46 | H87: =REPLACE(H85,2,1,"3") -> S3_1_MDI- | I87: =VLOOKUP(H87,EtchLengthFromLayout!$A:$B,2,0) -> 309.47 | J87: =E87+G87+I87 -> 1423.93 | K87: =REPLACE(K85,2,1,"3") -> S3_2_MDI- | L87: =VLOOKUP(K87,EtchLengthFromLayout!$A:$B,2,0) -> 103.82 | M87: =REPLACE(M85,2,1,"3") -> S3_3_MDI- | N87: =VLOOKUP(M87,EtchLengthFromLayout!$A:$B,2,0) -> 14048.76 | O87: =REPLACE(O85,2,1,"3") -> S3_4_MDI- | P87: =VLOOKUP(O87,EtchLengthFromLayout!$A:$B,2,0) -> 635.93 | Q87: =REPLACE(Q85,2,1,"3") -> S3_AC_MDI- | R87: =VLOOKUP(Q87,EtchLengthFromLayout!$A:$B,2,0) -> 505.56 | S87: =REPLACE(S85,3,1,"3") -> SG3_AC_MDI- | T87: =VLOOKUP(S87,EtchLengthFromLayout!$A:$B,2,0) -> 508.61 | U87: =REPLACE(U85,3,1,"3") -> SG3_2_MDI- | V87: =VLOOKUP(U87,EtchLengthFromLayout!$A:$B,2,0) -> 783.26 | W87: =REPLACE(W85,3,1,"3") -> SG3_1_MDI- | X87: =VLOOKUP(W87,EtchLengthFromLayout!$A:$B,2,0) -> 114.88 | Z87: =REPLACE(Z85,3,1,"3") -> SG3_MDI- | AA87: =VLOOKUP(Z87,EtchLengthFromLayout!$A:$B,2,0) -> 911.27 | AB87: =E87+G87+I87+L87+N87+P87+R87+T87+V87+X87+AA87 -> 19036.02 | AC87: =ABS(AB87-AB88) -> 0.05 | AD87: GOLD3 | AE87: 17 | AF87: MDIN
A88: SITE3 | B88: 15 | C88: MDIP | D88: =REPLACE(D86,2,1,"3") -> S3_MDI+ | E88: =VLOOKUP(D88,EtchLengthFromLayout!$A:$B,2,0) -> 1114.46 | H88: =REPLACE(H86,2,1,"3") -> S3_1_MDI+ | I88: =VLOOKUP(H88,EtchLengthFromLayout!$A:$B,2,0) -> 309.46 | J88: =E88+G88+I88 -> 1423.92 | K88: =REPLACE(K86,2,1,"3") -> S3_2_MDI+ | L88: =VLOOKUP(K88,EtchLengthFromLayout!$A:$B,2,0) -> 103.82 | M88: =REPLACE(M86,2,1,"3") -> S3_3_MDI+ | N88: =VLOOKUP(M88,EtchLengthFromLayout!$A:$B,2,0) -> 14048.71 | O88: =REPLACE(O86,2,1,"3") -> S3_4_MDI+ | P88: =VLOOKUP(O88,EtchLengthFromLayout!$A:$B,2,0) -> 635.93 | Q88: =REPLACE(Q86,2,1,"3") -> S3_AC_MDI+ | R88: =VLOOKUP(Q88,EtchLengthFromLayout!$A:$B,2,0) -> 505.56 | S88: =REPLACE(S86,3,1,"3") -> SG3_AC_MDI+ | T88: =VLOOKUP(S88,EtchLengthFromLayout!$A:$B,2,0) -> 508.61 | U88: =REPLACE(U86,3,1,"3") -> SG3_2_MDI+ | V88: =VLOOKUP(U88,EtchLengthFromLayout!$A:$B,2,0) -> 783.27 | W88: =REPLACE(W86,3,1,"3") -> SG3_1_MDI+ | X88: =VLOOKUP(W88,EtchLengthFromLayout!$A:$B,2,0) -> 114.88 | Z88: =REPLACE(Z86,3,1,"3") -> SG3_MDI+ | AA88: =VLOOKUP(Z88,EtchLengthFromLayout!$A:$B,2,0) -> 911.27 | AB88: =E88+G88+I88+L88+N88+P88+R88+T88+V88+X88+AA88 -> 19035.97 | AC88: =IF(AC87<=1,"OK, Tolerance<= 1 mil", "Not OK, Tolerance > 1 mil") -> OK, Tolerance<= 1 mil | AD88: GOLD3 | AE88: 16 | AF88: MDIP
A89: SITE4 | B89: 16 | C89: MDIN | D89: =REPLACE(D87,2,1,"4") -> S4_MDI- | E89: =VLOOKUP(D89,EtchLengthFromLayout!$A:$B,2,0) -> 1114.46 | H89: =REPLACE(H87,2,1,"4") -> S4_1_MDI- | I89: =VLOOKUP(H89,EtchLengthFromLayout!$A:$B,2,0) -> 309.47 | J89: =E89+G89+I89 -> 1423.93 | K89: =REPLACE(K87,2,1,"4") -> S4_2_MDI- | L89: =VLOOKUP(K89,EtchLengthFromLayout!$A:$B,2,0) -> 103.82 | M89: =REPLACE(M87,2,1,"4") -> S4_3_MDI- | N89: =VLOOKUP(M89,EtchLengthFromLayout!$A:$B,2,0) -> 14048.25 | O89: =REPLACE(O87,2,1,"4") -> S4_4_MDI- | P89: =VLOOKUP(O89,EtchLengthFromLayout!$A:$B,2,0) -> 635.93 | Q89: =REPLACE(Q87,2,1,"4") -> S4_AC_MDI- | R89: =VLOOKUP(Q89,EtchLengthFromLayout!$A:$B,2,0) -> 505.56 | S89: =REPLACE(S87,3,1,"4") -> SG4_AC_MDI- | T89: =VLOOKUP(S89,EtchLengthFromLayout!$A:$B,2,0) -> 508.61 | U89: =REPLACE(U87,3,1,"4") -> SG4_2_MDI- | V89: =VLOOKUP(U89,EtchLengthFromLayout!$A:$B,2,0) -> 783.26 | W89: =REPLACE(W87,3,1,"4") -> SG4_1_MDI- | X89: =VLOOKUP(W89,EtchLengthFromLayout!$A:$B,2,0) -> 114.88 | Z89: =REPLACE(Z87,3,1,"4") -> SG4_MDI- | AA89: =VLOOKUP(Z89,EtchLengthFromLayout!$A:$B,2,0) -> 911.27 | AB89: =E89+G89+I89+L89+N89+P89+R89+T89+V89+X89+AA89 -> 19035.51 | AC89: =ABS(AB89-AB90) -> 0 | AD89: GOLD4 | AE89: 17 | AF89: MDIN
A90: SITE4 | B90: 15 | C90: MDIP | D90: =REPLACE(D88,2,1,"4") -> S4_MDI+ | E90: =VLOOKUP(D90,EtchLengthFromLayout!$A:$B,2,0) -> 1114.46 | H90: =REPLACE(H88,2,1,"4") -> S4_1_MDI+ | I90: =VLOOKUP(H90,EtchLengthFromLayout!$A:$B,2,0) -> 309.46 | J90: =E90+G90+I90 -> 1423.92 | K90: =REPLACE(K88,2,1,"4") -> S4_2_MDI+ | L90: =VLOOKUP(K90,EtchLengthFromLayout!$A:$B,2,0) -> 103.82 | M90: =REPLACE(M88,2,1,"4") -> S4_3_MDI+ | N90: =VLOOKUP(M90,EtchLengthFromLayout!$A:$B,2,0) -> 14048.25 | O90: =REPLACE(O88,2,1,"4") -> S4_4_MDI+ | P90: =VLOOKUP(O90,EtchLengthFromLayout!$A:$B,2,0) -> 635.93 | Q90: =REPLACE(Q88,2,1,"4") -> S4_AC_MDI+ | R90: =VLOOKUP(Q90,EtchLengthFromLayout!$A:$B,2,0) -> 505.56 | S90: =REPLACE(S88,3,1,"4") -> SG4_AC_MDI+ | T90: =VLOOKUP(S90,EtchLengthFromLayout!$A:$B,2,0) -> 508.61 | U90: =REPLACE(U88,3,1,"4") -> SG4_2_MDI+ | V90: =VLOOKUP(U90,EtchLengthFromLayout!$A:$B,2,0) -> 783.27 | W90: =REPLACE(W88,3,1,"4") -> SG4_1_MDI+ | X90: =VLOOKUP(W90,EtchLengthFromLayout!$A:$B,2,0) -> 114.88 | Z90: =REPLACE(Z88,3,1,"4") -> SG4_MDI+ | AA90: =VLOOKUP(Z90,EtchLengthFromLayout!$A:$B,2,0) -> 911.27 | AB90: =E90+G90+I90+L90+N90+P90+R90+T90+V90+X90+AA90 -> 19035.51 | AC90: =IF(AC89<=1,"OK, Tolerance<= 1 mil", "Not OK, Tolerance > 1 mil") -> OK, Tolerance<= 1 mil | AD90: GOLD4 | AE90: 16 | AF90: MDIP
A91: SITE5 | B91: 16 | C91: MDIN | D91: =REPLACE(D89,2,1,"5") -> S5_MDI- | E91: =VLOOKUP(D91,EtchLengthFromLayout!$A:$B,2,0) -> 1114.46 | H91: =REPLACE(H89,2,1,"5") -> S5_1_MDI- | I91: =VLOOKUP(H91,EtchLengthFromLayout!$A:$B,2,0) -> 309.47 | J91: =E91+G91+I91 -> 1423.93 | K91: =REPLACE(K89,2,1,"5") -> S5_2_MDI- | L91: =VLOOKUP(K91,EtchLengthFromLayout!$A:$B,2,0) -> 103.82 | M91: =REPLACE(M89,2,1,"5") -> S5_3_MDI- | N91: =VLOOKUP(M91,EtchLengthFromLayout!$A:$B,2,0) -> 14048.6 | O91: =REPLACE(O89,2,1,"5") -> S5_4_MDI- | P91: =VLOOKUP(O91,EtchLengthFromLayout!$A:$B,2,0) -> 635.93 | Q91: =REPLACE(Q89,2,1,"5") -> S5_AC_MDI- | R91: =VLOOKUP(Q91,EtchLengthFromLayout!$A:$B,2,0) -> 505.56 | S91: =REPLACE(S89,3,1,"5") -> SG5_AC_MDI- | T91: =VLOOKUP(S91,EtchLengthFromLayout!$A:$B,2,0) -> 508.61 | U91: =REPLACE(U89,3,1,"5") -> SG5_2_MDI- | V91: =VLOOKUP(U91,EtchLengthFromLayout!$A:$B,2,0) -> 783.26 | W91: =REPLACE(W89,3,1,"5") -> SG5_1_MDI- | X91: =VLOOKUP(W91,EtchLengthFromLayout!$A:$B,2,0) -> 114.88 | Z91: =REPLACE(Z89,3,1,"5") -> SG5_MDI- | AA91: =VLOOKUP(Z91,EtchLengthFromLayout!$A:$B,2,0) -> 911.27 | AB91: =E91+G91+I91+L91+N91+P91+R91+T91+V91+X91+AA91 -> 19035.86 | AC91: =ABS(AB91-AB92) -> 3.6379788e-12 | AD91: GOLD5 | AE91: 17 | AF91: MDIN
A92: SITE5 | B92: 15 | C92: MDIP | D92: =REPLACE(D90,2,1,"5") -> S5_MDI+ | E92: =VLOOKUP(D92,EtchLengthFromLayout!$A:$B,2,0) -> 1114.46 | H92: =REPLACE(H90,2,1,"5") -> S5_1_MDI+ | I92: =VLOOKUP(H92,EtchLengthFromLayout!$A:$B,2,0) -> 309.46 | J92: =E92+G92+I92 -> 1423.92 | K92: =REPLACE(K90,2,1,"5") -> S5_2_MDI+ | L92: =VLOOKUP(K92,EtchLengthFromLayout!$A:$B,2,0) -> 103.82 | M92: =REPLACE(M90,2,1,"5") -> S5_3_MDI+ | N92: =VLOOKUP(M92,EtchLengthFromLayout!$A:$B,2,0) -> 14048.6 | O92: =REPLACE(O90,2,1,"5") -> S5_4_MDI+ | P92: =VLOOKUP(O92,EtchLengthFromLayout!$A:$B,2,0) -> 635.93 | Q92: =REPLACE(Q90,2,1,"5") -> S5_AC_MDI+ | R92: =VLOOKUP(Q92,EtchLengthFromLayout!$A:$B,2,0) -> 505.56 | S92: =REPLACE(S90,3,1,"5") -> SG5_AC_MDI+ | T92: =VLOOKUP(S92,EtchLengthFromLayout!$A:$B,2,0) -> 508.61 | U92: =REPLACE(U90,3,1,"5") -> SG5_2_MDI+ | V92: =VLOOKUP(U92,EtchLengthFromLayout!$A:$B,2,0) -> 783.27 | W92: =REPLACE(W90,3,1,"5") -> SG5_1_MDI+ | X92: =VLOOKUP(W92,EtchLengthFromLayout!$A:$B,2,0) -> 114.88 | Z92: =REPLACE(Z90,3,1,"5") -> SG5_MDI+ | AA92: =VLOOKUP(Z92,EtchLengthFromLayout!$A:$B,2,0) -> 911.27 | AB92: =E92+G92+I92+L92+N92+P92+R92+T92+V92+X92+AA92 -> 19035.86 | AC92: =IF(AC91<=1,"OK, Tolerance<= 1 mil", "Not OK, Tolerance > 1 mil") -> OK, Tolerance<= 1 mil | AD92: GOLD5 | AE92: 16 | AF92: MDIP
A93: SITE6 | B93: 16 | C93: MDIN | D93: =REPLACE(D91,2,1,"6") -> S6_MDI- | E93: =VLOOKUP(D93,EtchLengthFromLayout!$A:$B,2,0) -> 1114.46 | H93: =REPLACE(H91,2,1,"6") -> S6_1_MDI- | I93: =VLOOKUP(H93,EtchLengthFromLayout!$A:$B,2,0) -> 309.47 | J93: =E93+G93+I93 -> 1423.93 | K93: =REPLACE(K91,2,1,"6") -> S6_2_MDI- | L93: =VLOOKUP(K93,EtchLengthFromLayout!$A:$B,2,0) -> 103.82 | M93: =REPLACE(M91,2,1,"6") -> S6_3_MDI- | N93: =VLOOKUP(M93,EtchLengthFromLayout!$A:$B,2,0) -> 14048.73 | O93: =REPLACE(O91,2,1,"6") -> S6_4_MDI- | P93: =VLOOKUP(O93,EtchLengthFromLayout!$A:$B,2,0) -> 635.93 | Q93: =REPLACE(Q91,2,1,"6") -> S6_AC_MDI- | R93: =VLOOKUP(Q93,EtchLengthFromLayout!$A:$B,2,0) -> 505.56 | S93: =REPLACE(S91,3,1,"6") -> SG6_AC_MDI- | T93: =VLOOKUP(S93,EtchLengthFromLayout!$A:$B,2,0) -> 508.61 | U93: =REPLACE(U91,3,1,"6") -> SG6_2_MDI- | V93: =VLOOKUP(U93,EtchLengthFromLayout!$A:$B,2,0) -> 783.26 | W93: =REPLACE(W91,3,1,"6") -> SG6_1_MDI- | X93: =VLOOKUP(W93,EtchLengthFromLayout!$A:$B,2,0) -> 114.88 | Z93: =REPLACE(Z91,3,1,"6") -> SG6_MDI- | AA93: =VLOOKUP(Z93,EtchLengthFromLayout!$A:$B,2,0) -> 911.27 | AB93: =E93+G93+I93+L93+N93+P93+R93+T93+V93+X93+AA93 -> 19035.99 | AC93: =ABS(AB93-AB94) -> 0.01 | AD93: GOLD6 | AE93: 17 | AF93: MDIN
A94: SITE6 | B94: 15 | C94: MDIP | D94: =REPLACE(D92,2,1,"6") -> S6_MDI+ | E94: =VLOOKUP(D94,EtchLengthFromLayout!$A:$B,2,0) -> 1114.46 | H94: =REPLACE(H92,2,1,"6") -> S6_1_MDI+ | I94: =VLOOKUP(H94,EtchLengthFromLayout!$A:$B,2,0) -> 309.46 | J94: =E94+G94+I94 -> 1423.92 | K94: =REPLACE(K92,2,1,"6") -> S6_2_MDI+ | L94: =VLOOKUP(K94,EtchLengthFromLayout!$A:$B,2,0) -> 103.82 | M94: =REPLACE(M92,2,1,"6") -> S6_3_MDI+ | N94: =VLOOKUP(M94,EtchLengthFromLayout!$A:$B,2,0) -> 14048.74 | O94: =REPLACE(O92,2,1,"6") -> S6_4_MDI+ | P94: =VLOOKUP(O94,EtchLengthFromLayout!$A:$B,2,0) -> 635.93 | Q94: =REPLACE(Q92,2,1,"6") -> S6_AC_MDI+ | R94: =VLOOKUP(Q94,EtchLengthFromLayout!$A:$B,2,0) -> 505.56 | S94: =REPLACE(S92,3,1,"6") -> SG6_AC_MDI+ | T94: =VLOOKUP(S94,EtchLengthFromLayout!$A:$B,2,0) -> 508.61 | U94: =REPLACE(U92,3,1,"6") -> SG6_2_MDI+ | V94: =VLOOKUP(U94,EtchLengthFromLayout!$A:$B,2,0) -> 783.27 | W94: =REPLACE(W92,3,1,"6") -> SG6_1_MDI+ | X94: =VLOOKUP(W94,EtchLengthFromLayout!$A:$B,2,0) -> 114.88 | Z94: =REPLACE(Z92,3,1,"6") -> SG6_MDI+ | AA94: =VLOOKUP(Z94,EtchLengthFromLayout!$A:$B,2,0) -> 911.27 | AB94: =E94+G94+I94+L94+N94+P94+R94+T94+V94+X94+AA94 -> 19036 | AC94: =IF(AC93<=1,"OK, Tolerance<= 1 mil", "Not OK, Tolerance > 1 mil") -> OK, Tolerance<= 1 mil | AD94: GOLD6 | AE94: 16 | AF94: MDIP
A95: SITE7 | B95: 16 | C95: MDIN | D95: =REPLACE(D93,2,1,"7") -> S7_MDI- | E95: =VLOOKUP(D95,EtchLengthFromLayout!$A:$B,2,0) -> 1114.46 | H95: =REPLACE(H93,2,1,"7") -> S7_1_MDI- | I95: =VLOOKUP(H95,EtchLengthFromLayout!$A:$B,2,0) -> 309.47 | J95: =E95+G95+I95 -> 1423.93 | K95: =REPLACE(K93,2,1,"7") -> S7_2_MDI- | L95: =VLOOKUP(K95,EtchLengthFromLayout!$A:$B,2,0) -> 103.82 | M95: =REPLACE(M93,2,1,"7") -> S7_3_MDI- | N95: =VLOOKUP(M95,EtchLengthFromLayout!$A:$B,2,0) -> 14048.83 | O95: =REPLACE(O93,2,1,"7") -> S7_4_MDI- | P95: =VLOOKUP(O95,EtchLengthFromLayout!$A:$B,2,0) -> 635.93 | Q95: =REPLACE(Q93,2,1,"7") -> S7_AC_MDI- | R95: =VLOOKUP(Q95,EtchLengthFromLayout!$A:$B,2,0) -> 505.56 | S95: =REPLACE(S93,3,1,"7") -> SG7_AC_MDI- | T95: =VLOOKUP(S95,EtchLengthFromLayout!$A:$B,2,0) -> 508.61 | U95: =REPLACE(U93,3,1,"7") -> SG7_2_MDI- | V95: =VLOOKUP(U95,EtchLengthFromLayout!$A:$B,2,0) -> 783.26 | W95: =REPLACE(W93,3,1,"7") -> SG7_1_MDI- | X95: =VLOOKUP(W95,EtchLengthFromLayout!$A:$B,2,0) -> 114.88 | Z95: =REPLACE(Z93,3,1,"7") -> SG7_MDI- | AA95: =VLOOKUP(Z95,EtchLengthFromLayout!$A:$B,2,0) -> 911.27 | AB95: =E95+G95+I95+L95+N95+P95+R95+T95+V95+X95+AA95 -> 19036.09 | AC95: =ABS(AB95-AB96) -> 0.03 | AD95: GOLD7 | AE95: 17 | AF95: MDIN
A96: SITE7 | B96: 15 | C96: MDIP | D96: =REPLACE(D94,2,1,"7") -> S7_MDI+ | E96: =VLOOKUP(D96,EtchLengthFromLayout!$A:$B,2,0) -> 1114.46 | H96: =REPLACE(H94,2,1,"7") -> S7_1_MDI+ | I96: =VLOOKUP(H96,EtchLengthFromLayout!$A:$B,2,0) -> 309.46 | J96: =E96+G96+I96 -> 1423.92 | K96: =REPLACE(K94,2,1,"7") -> S7_2_MDI+ | L96: =VLOOKUP(K96,EtchLengthFromLayout!$A:$B,2,0) -> 103.82 | M96: =REPLACE(M94,2,1,"7") -> S7_3_MDI+ | N96: =VLOOKUP(M96,EtchLengthFromLayout!$A:$B,2,0) -> 14048.86 | O96: =REPLACE(O94,2,1,"7") -> S7_4_MDI+ | P96: =VLOOKUP(O96,EtchLengthFromLayout!$A:$B,2,0) -> 635.93 | Q96: =REPLACE(Q94,2,1,"7") -> S7_AC_MDI+ | R96: =VLOOKUP(Q96,EtchLengthFromLayout!$A:$B,2,0) -> 505.56 | S96: =REPLACE(S94,3,1,"7") -> SG7_AC_MDI+ | T96: =VLOOKUP(S96,EtchLengthFromLayout!$A:$B,2,0) -> 508.61 | U96: =REPLACE(U94,3,1,"7") -> SG7_2_MDI+ | V96: =VLOOKUP(U96,EtchLengthFromLayout!$A:$B,2,0) -> 783.27 | W96: =REPLACE(W94,3,1,"7") -> SG7_1_MDI+ | X96: =VLOOKUP(W96,EtchLengthFromLayout!$A:$B,2,0) -> 114.88 | Z96: =REPLACE(Z94,3,1,"7") -> SG7_MDI+ | AA96: =VLOOKUP(Z96,EtchLengthFromLayout!$A:$B,2,0) -> 911.27 | AB96: =E96+G96+I96+L96+N96+P96+R96+T96+V96+X96+AA96 -> 19036.12 | AC96: =IF(AC95<=1,"OK, Tolerance<= 1 mil", "Not OK, Tolerance > 1 mil") -> OK, Tolerance<= 1 mil | AD96: GOLD7 | AE96: 16 | AF96: MDIP
F97: Max | J97: =MAX(J81:J96) -> 1423.93 | Z97: Max | AA97: =MAX(AA81:AA96) -> 911.27 | AB97: =MAX(AB81:AB96) -> 19036.12
F98: Min | J98: =MIN(J81:J96) -> 1423.92 | Z98: Min | AA98: =MIN(AA81:AA96) -> 911.27 | AB98: =MIN(AB81:AB96) -> 19035.41
F99: Max-Min | J99: =ABS(J97-J98) -> 0.01 | Z99: Max-Min | AA99: =ABS(AA97-AA98) -> 0 | AB99: =ABS(AB97-AB98) -> 0.71
Z100: Tolerence Check | AB100: =IF(AB99<=1000,"OK, Tolerance<= 1000 mils", "Not OK, Tolerance > 1000 mils") -> OK, Tolerance<= 1000 mils
A105: DUT to K14
A106: Site | B106: Pin No | C106: Pin Name | D106: Net | E106: Length | F106: Net | G106: Length | H106: Net | I106: Length | K106: Net | L106: Length | M106: Net | N106: Length | O106: Net | P106: Length | Q106: Net | R106: Length | S106: Net | T106: Length | U106: Net | V106: Length | W106: Net | X106: Length | Y106: Serial Number | Z106: Assigned CH | AA106: Length | AB106: Total Length (mils) | AC106: P/N Difference (mils) | AG106: Note
A107: SITE0 | B107: 16 | C107: MDIN | D107: S0_MDI- | E107: =VLOOKUP(D107,EtchLengthFromLayout!$A:$B,2,0) -> 1114.46 | H107: S0_5_MDI- | I107: =VLOOKUP(H107,EtchLengthFromLayout!$A:$B,2,0) -> 4837.73 | AB107: =E107+G107+I107+L107+N107+P107+R107+T107+V107+X107+AA107 -> 5952.19 | AC107: =ABS(AB107-AB108) -> 0.01 | AG107: DUT to K14
A108: SITE0 | B108: 15 | C108: MDIP | D108: S0_MDI+ | E108: =VLOOKUP(D108,EtchLengthFromLayout!$A:$B,2,0) -> 1114.46 | H108: S0_5_MDI+ | I108: =VLOOKUP(H108,EtchLengthFromLayout!$A:$B,2,0) -> 4837.74 | AB108: =E108+G108+I108+L108+N108+P108+R108+T108+V108+X108+AA108 -> 5952.2 | AC108: =IF(AC107<=1,"OK, Tolerance<= 1 mil", "Not OK, Tolerance > 1 mil") -> OK, Tolerance<= 1 mil
A109: SITE1 | B109: 16 | C109: MDIN | D109: =REPLACE(D107,2,1,"1") -> S1_MDI- | E109: =VLOOKUP(D109,EtchLengthFromLayout!$A:$B,2,0) -> 1114.46 | H109: =REPLACE(H107,2,1,"1") -> S1_5_MDI- | I109: =VLOOKUP(H109,EtchLengthFromLayout!$A:$B,2,0) -> 4835.01 | AB109: =E109+G109+I109+L109+N109+P109+R109+T109+V109+X109+AA109 -> 5949.47 | AC109: =ABS(AB109-AB110) -> 0.01
A110: SITE1 | B110: 15 | C110: MDIP | D110: =REPLACE(D108,2,1,"1") -> S1_MDI+ | E110: =VLOOKUP(D110,EtchLengthFromLayout!$A:$B,2,0) -> 1114.46 | H110: =REPLACE(H108,2,1,"1") -> S1_5_MDI+ | I110: =VLOOKUP(H110,EtchLengthFromLayout!$A:$B,2,0) -> 4835.02 | AB110: =E110+G110+I110+L110+N110+P110+R110+T110+V110+X110+AA110 -> 5949.48 | AC110: =IF(AC109<=1,"OK, Tolerance<= 1 mil", "Not OK, Tolerance > 1 mil") -> OK, Tolerance<= 1 mil
A111: SITE2 | B111: 16 | C111: MDIN | D111: =REPLACE(D109,2,1,"2") -> S2_MDI- | E111: =VLOOKUP(D111,EtchLengthFromLayout!$A:$B,2,0) -> 1114.46 | H111: =REPLACE(H109,2,1,"2") -> S2_5_MDI- | I111: =VLOOKUP(H111,EtchLengthFromLayout!$A:$B,2,0) -> 4833.18 | AB111: =E111+G111+I111+L111+N111+P111+R111+T111+V111+X111+AA111 -> 5947.64 | AC111: =ABS(AB111-AB112) -> 0
A112: SITE2 | B112: 15 | C112: MDIP | D112: =REPLACE(D110,2,1,"2") -> S2_MDI+ | E112: =VLOOKUP(D112,EtchLengthFromLayout!$A:$B,2,0) -> 1114.46 | H112: =REPLACE(H110,2,1,"2") -> S2_5_MDI+ | I112: =VLOOKUP(H112,EtchLengthFromLayout!$A:$B,2,0) -> 4833.18 | AB112: =E112+G112+I112+L112+N112+P112+R112+T112+V112+X112+AA112 -> 5947.64 | AC112: =IF(AC111<=1,"OK, Tolerance<= 1 mil", "Not OK, Tolerance > 1 mil") -> OK, Tolerance<= 1 mil
A113: SITE3 | B113: 16 | C113: MDIN | D113: =REPLACE(D111,2,1,"3") -> S3_MDI- | E113: =VLOOKUP(D113,EtchLengthFromLayout!$A:$B,2,0) -> 1114.46 | H113: =REPLACE(H111,2,1,"3") -> S3_5_MDI- | I113: =VLOOKUP(H113,EtchLengthFromLayout!$A:$B,2,0) -> 4832.85 | AB113: =E113+G113+I113+L113+N113+P113+R113+T113+V113+X113+AA113 -> 5947.31 | AC113: =ABS(AB113-AB114) -> 0
A114: SITE3 | B114: 15 | C114: MDIP | D114: =REPLACE(D112,2,1,"3") -> S3_MDI+ | E114: =VLOOKUP(D114,EtchLengthFromLayout!$A:$B,2,0) -> 1114.46 | H114: =REPLACE(H112,2,1,"3") -> S3_5_MDI+ | I114: =VLOOKUP(H114,EtchLengthFromLayout!$A:$B,2,0) -> 4832.85 | AB114: =E114+G114+I114+L114+N114+P114+R114+T114+V114+X114+AA114 -> 5947.31 | AC114: =IF(AC113<=1,"OK, Tolerance<= 1 mil", "Not OK, Tolerance > 1 mil") -> OK, Tolerance<= 1 mil
A115: SITE4 | B115: 16 | C115: MDIN | D115: =REPLACE(D113,2,1,"4") -> S4_MDI- | E115: =VLOOKUP(D115,EtchLengthFromLayout!$A:$B,2,0) -> 1114.46 | H115: =REPLACE(H113,2,1,"4") -> S4_5_MDI- | I115: =VLOOKUP(H115,EtchLengthFromLayout!$A:$B,2,0) -> 4830.51 | AB115: =E115+G115+I115+L115+N115+P115+R115+T115+V115+X115+AA115 -> 5944.97 | AC115: =ABS(AB115-AB116) -> 0.01
A116: SITE4 | B116: 15 | C116: MDIP | D116: =REPLACE(D114,2,1,"4") -> S4_MDI+ | E116: =VLOOKUP(D116,EtchLengthFromLayout!$A:$B,2,0) -> 1114.46 | H116: =REPLACE(H114,2,1,"4") -> S4_5_MDI+ | I116: =VLOOKUP(H116,EtchLengthFromLayout!$A:$B,2,0) -> 4830.52 | AB116: =E116+G116+I116+L116+N116+P116+R116+T116+V116+X116+AA116 -> 5944.98 | AC116: =IF(AC115<=1,"OK, Tolerance<= 1 mil", "Not OK, Tolerance > 1 mil") -> OK, Tolerance<= 1 mil
...

Sheet Scan
A1: DUT to Scan In Channel
A2: Site | B2: Pin No | C2: Pin Name | D2: Net | E2: Length | F2: Net | G2: Length | J2: Serial Number | K2: Assign_CH | L2: Length | M2: Total Length (mils) | N2: Golden | O2: Pin No | P2: Pin Name | Q2: Note
A3: SITE0 | B3: 32 | C3: MDIO | D3: S0_MDIO | E3: =VLOOKUP(D3,EtchLengthFromLayout!$A:$B,2,0) -> 2728.55 | F3: S0_1_MDIO | G3: =VLOOKUP(F3,EtchLengthFromLayout!$A:$B,2,0) -> 159.24 | J3: S0_ADCH001 | K3: SLOT2.CH114 | L3: =VLOOKUP(K3,EtchLengthFromLayout!$A:$B,2,0) -> 3640.08 | M3: =E3+G3-I3+L3 -> 6527.87 | Q3: DUT0 To Scan In Channel
A4: SITE0 | B4: 1 | C4: MDC | D4: S0_MDC | E4: =VLOOKUP(D4,EtchLengthFromLayout!$A:$B,2,0) -> 2360.08 | F4: S0_1_MDC | G4: =VLOOKUP(F4,EtchLengthFromLayout!$A:$B,2,0) -> 132.03 | J4: S0_ADCH002 | K4: SLOT2.CH116 | L4: =VLOOKUP(K4,EtchLengthFromLayout!$A:$B,2,0) -> 4015.2 | M4: =E4+G4-I4+L4 -> 6507.31
A5: SITE0 | B5: 3 | C5: INTB | D5: S0_INTB | E5: =VLOOKUP(D5,EtchLengthFromLayout!$A:$B,2,0) -> 129.9 | J5: S0_ADCH019 | K5: SLOT2.CH113 | L5: =VLOOKUP(K5,EtchLengthFromLayout!$A:$B,2,0) -> 6383.64 | M5: =E5+G5-I5+L5 -> 6513.54
K6: Max | M6: =MAX(M3:M5) -> 6527.87
K7: Min | M7: =MIN(M3:M5) -> 6507.31
K8: Max-Min | M8: =ABS(M6-M7) -> 20.56
K9: Tolerence Check | M9: =IF(M8<=1000,"OK, Tolerance<= 1000 mils", "Not OK, Tolerance > 1000 mils") -> OK, Tolerance<= 1000 mils
A11: Site | B11: Pin No | C11: Pin Name | D11: Net | E11: Length | J11: Serial Number | L11: Length | M11: Total Length (mils) | N11: Golden | O11: Pin No | P11: Pin Name | Q11: Note
A12: SITE1 | B12: 32 | C12: MDIO | D12: =REPLACE(D3,2,1,"1") -> S1_MDIO | E12: =VLOOKUP(D12,EtchLengthFromLayout!$A:$B,2,0) -> 4099.45 | F12: S1_1_MDIO | G12: =VLOOKUP(F12,EtchLengthFromLayout!$A:$B,2,0) -> 159.24 | J12: =REPLACE(J3,2,1,"1") -> S1_ADCH001 | K12: SLOT0.CH114 | L12: =VLOOKUP(K12,EtchLengthFromLayout!$A:$B,2,0) -> 4514.66 | M12: =E12+G12-I12+L12 -> 8773.35 | Q12: DUT1 To Scan In Channel
A13: SITE1 | B13: 1 | C13: MDC | D13: =REPLACE(D4,2,1,"1") -> S1_MDC | E13: =VLOOKUP(D13,EtchLengthFromLayout!$A:$B,2,0) -> 3662.74 | F13: S1_1_MDC | G13: =VLOOKUP(F13,EtchLengthFromLayout!$A:$B,2,0) -> 132.03 | J13: =REPLACE(J4,2,1,"1") -> S1_ADCH002 | K13: SLOT0.CH116 | L13: =VLOOKUP(K13,EtchLengthFromLayout!$A:$B,2,0) -> 5008.98 | M13: =E13+G13-I13+L13 -> 8803.75
A14: SITE1 | B14: 3 | C14: INTB | D14: =REPLACE(D5,2,1,"1") -> S1_INTB | E14: =VLOOKUP(D14,EtchLengthFromLayout!$A:$B,2,0) -> 129.9 | J14: =REPLACE(J5,2,1,"1") -> S1_ADCH019 | K14: SLOT0.CH113 | L14: =VLOOKUP(K14,EtchLengthFromLayout!$A:$B,2,0) -> 8634.61 | M14: =E14+G14-I14+L14 -> 8764.51
K15: Max | M15: =MAX(M12:M14) -> 8803.75
K16: Min | M16: =MIN(M12:M14) -> 8764.51
K17: Max-Min | M17: =ABS(M15-M16) -> 39.24
K18: Tolerence Check | M18: =IF(M17<=1000,"OK, Tolerance<= 1000 mils", "Not OK, Tolerance > 1000 mils") -> OK, Tolerance<= 1000 mils
A20: Site | B20: Pin No | C20: Pin Name | D20: Net | E20: Length | J20: Serial Number | L20: Length | M20: Total Length (mils) | N20: Golden | O20: Pin No | P20: Pin Name | Q20: Note
A21: SITE2 | B21: 32 | C21: MDIO | D21: =REPLACE(D12,2,1,"2") -> S2_MDIO | E21: =VLOOKUP(D21,EtchLengthFromLayout!$A:$B,2,0) -> 4800.85 | F21: S2_1_MDIO | G21: =VLOOKUP(F21,EtchLengthFromLayout!$A:$B,2,0) -> 159.24 | J21: =REPLACE(J12,2,1,"2") -> S2_ADCH001 | K21: SLOT1.CH114 | L21: =VLOOKUP(K21,EtchLengthFromLayout!$A:$B,2,0) -> 5387.05 | M21: =E21+G21-I21+L21 -> 10347.14 | Q21: DUT2 To Scan In Channel
A22: SITE2 | B22: 1 | C22: MDC | D22: =REPLACE(D13,2,1,"2") -> S2_MDC | E22: =VLOOKUP(D22,EtchLengthFromLayout!$A:$B,2,0) -> 4839.36 | F22: S2_1_MDC | G22: =VLOOKUP(F22,EtchLengthFromLayout!$A:$B,2,0) -> 132.03 | J22: =REPLACE(J13,2,1,"2") -> S2_ADCH002 | K22: SLOT1.CH116 | L22: =VLOOKUP(K22,EtchLengthFromLayout!$A:$B,2,0) -> 5442.47 | M22: =E22+G22-I22+L22 -> 10413.86
A23: SITE2 | B23: 3 | C23: INTB | D23: =REPLACE(D14,2,1,"2") -> S2_INTB | E23: =VLOOKUP(D23,EtchLengthFromLayout!$A:$B,2,0) -> 129.9 | J23: =REPLACE(J14,2,1,"2") -> S2_ADCH019 | K23: SLOT1.CH113 | L23: =VLOOKUP(K23,EtchLengthFromLayout!$A:$B,2,0) -> 10236.21 | M23: =E23+G23-I23+L23 -> 10366.11
K24: Max | M24: =MAX(M21:M23) -> 10413.86
K25: Min | M25: =MIN(M21:M23) -> 10347.14
K26: Max-Min | M26: =ABS(M24-M25) -> 66.72
K27: Tolerence Check | M27: =IF(M26<=1000,"OK, Tolerance<= 1000 mils", "Not OK, Tolerance > 1000 mils") -> OK, Tolerance<= 1000 mils
A29: Site | B29: Pin No | C29: Pin Name | D29: Net | E29: Length | J29: Serial Number | L29: Length | M29: Total Length (mils) | N29: Golden | O29: Pin No | P29: Pin Name | Q29: Note
A30: SITE3 | B30: 32 | C30: MDIO | D30: =REPLACE(D21,2,1,"3") -> S3_MDIO | E30: =VLOOKUP(D30,EtchLengthFromLayout!$A:$B,2,0) -> 3008.72 | F30: S3_1_MDIO | G30: =VLOOKUP(F30,EtchLengthFromLayout!$A:$B,2,0) -> 159.24 | J30: =REPLACE(J21,2,1,"3") -> S3_ADCH001 | K30: SLOT3.CH116 | L30: =VLOOKUP(K30,EtchLengthFromLayout!$A:$B,2,0) -> 3789.97 | M30: =E30+G30-I30+L30 -> 6957.93 | Q30: DUT3 To Scan In Channel
A31: SITE3 | B31: 1 | C31: MDC | D31: =REPLACE(D22,2,1,"3") -> S3_MDC | E31: =VLOOKUP(D31,EtchLengthFromLayout!$A:$B,2,0) -> 2768.14 | F31: S3_1_MDC | G31: =VLOOKUP(F31,EtchLengthFromLayout!$A:$B,2,0) -> 132.03 | J31: =REPLACE(J22,2,1,"3") -> S3_ADCH002 | K31: SLOT3.CH114 | L31: =VLOOKUP(K31,EtchLengthFromLayout!$A:$B,2,0) -> 4066.74 | M31: =E31+G31-I31+L31 -> 6966.91
A32: SITE3 | B32: 3 | C32: INTB | D32: =REPLACE(D23,2,1,"3") -> S3_INTB | E32: =VLOOKUP(D32,EtchLengthFromLayout!$A:$B,2,0) -> 129.9 | J32: =REPLACE(J23,2,1,"3") -> S3_ADCH019 | K32: SLOT3.CH113 | L32: =VLOOKUP(K32,EtchLengthFromLayout!$A:$B,2,0) -> 6765.29 | M32: =E32+G32-I32+L32 -> 6895.19
K33: Max | M33: =MAX(M30:M32) -> 6966.91
K34: Min | M34: =MIN(M30:M32) -> 6895.19
K35: Max-Min | M35: =ABS(M33-M34) -> 71.72
M36: =IF(M35<=1000,"OK, Tolerance<= 1000 mils", "Not OK, Tolerance > 1000 mils") -> OK, Tolerance<= 1000 mils
A38: Site | B38: Pin No | C38: Pin Name | D38: Net | E38: Length | J38: Serial Number | L38: Length | M38: Total Length (mils) | N38: Golden | O38: Pin No | P38: Pin Name | Q38: Note
A39: SITE4 | B39: 32 | C39: MDIO | D39: =REPLACE(D30,2,1,"4") -> S4_MDIO | E39: =VLOOKUP(D39,EtchLengthFromLayout!$A:$B,2,0) -> 2423.37 | F39: S4_1_MDIO | G39: =VLOOKUP(F39,EtchLengthFromLayout!$A:$B,2,0) -> 159.24 | J39: =REPLACE(J30,2,1,"4") -> S4_ADCH001 | K39: SLOT2.CH78 | L39: =VLOOKUP(K39,EtchLengthFromLayout!$A:$B,2,0) -> 6353.1 | M39: =E39+G39-I39+L39 -> 8935.71 | Q39: DUT4 To Scan In Channel
A40: SITE4 | B40: 1 | C40: MDC | D40: =REPLACE(D31,2,1,"4") -> S4_MDC | E40: =VLOOKUP(D40,EtchLengthFromLayout!$A:$B,2,0) -> 2043.54 | F40: S4_1_MDC | G40: =VLOOKUP(F40,EtchLengthFromLayout!$A:$B,2,0) -> 132.03 | J40: =REPLACE(J31,2,1,"4") -> S4_ADCH002 | K40: SLOT2.CH79 | L40: =VLOOKUP(K40,EtchLengthFromLayout!$A:$B,2,0) -> 6067.98 | M40: =E40+G40-I40+L40 -> 8243.55
A41: SITE4 | B41: 3 | C41: INTB | D41: =REPLACE(D32,2,1,"4") -> S4_INTB | E41: =VLOOKUP(D41,EtchLengthFromLayout!$A:$B,2,0) -> 129.9 | J41: =REPLACE(J32,2,1,"4") -> S4_ADCH019 | K41: SLOT2.CH64 | L41: =VLOOKUP(K41,EtchLengthFromLayout!$A:$B,2,0) -> 8722.13 | M41: =E41+G41-I41+L41 -> 8852.03
K42: Max | M42: =MAX(M39:M41) -> 8935.71
K43: Min | M43: =MIN(M39:M41) -> 8243.55
K44: Max-Min | M44: =ABS(M42-M43) -> 692.16
K45: Tolerence Check | M45: =IF(M44<=1000,"OK, Tolerance<= 1000 mils", "Not OK, Tolerance > 1000 mils") -> OK, Tolerance<= 1000 mils
A47: Site | B47: Pin No | C47: Pin Name | D47: Net | E47: Length | J47: Serial Number | L47: Length | M47: Total Length (mils) | N47: Golden | O47: Pin No | P47: Pin Name | Q47: Note
A48: SITE5 | B48: 32 | C48: MDIO | D48: =REPLACE(D39,2,1,"5") -> S5_MDIO | E48: =VLOOKUP(D48,EtchLengthFromLayout!$A:$B,2,0) -> 4478.9 | F48: S5_1_MDIO | G48: =VLOOKUP(F48,EtchLengthFromLayout!$A:$B,2,0) -> 159.24 | J48: =REPLACE(J39,2,1,"5") -> S5_ADCH001 | K48: SLOT0.CH79 | L48: =VLOOKUP(K48,EtchLengthFromLayout!$A:$B,2,0) -> 6162.48 | M48: =E48+G48-I48+L48 -> 10800.62 | Q48: DUT5 To Scan In Channel
A49: SITE5 | B49: 1 | C49: MDC | D49: =REPLACE(D40,2,1,"5") -> S5_MDC | E49: =VLOOKUP(D49,EtchLengthFromLayout!$A:$B,2,0) -> 4296.5 | F49: S5_1_MDC | G49: =VLOOKUP(F49,EtchLengthFromLayout!$A:$B,2,0) -> 132.03 | J49: =REPLACE(J40,2,1,"5") -> S5_ADCH002 | K49: SLOT0.CH78 | L49: =VLOOKUP(K49,EtchLengthFromLayout!$A:$B,2,0) -> 6331.03 | M49: =E49+G49-I49+L49 -> 10759.56
A50: SITE5 | B50: 3 | C50: INTB | D50: =REPLACE(D41,2,1,"5") -> S5_INTB | E50: =VLOOKUP(D50,EtchLengthFromLayout!$A:$B,2,0) -> 129.9 | J50: =REPLACE(J41,2,1,"5") -> S5_ADCH019 | K50: SLOT0.CH64 | L50: =VLOOKUP(K50,EtchLengthFromLayout!$A:$B,2,0) -> 10596.55 | M50: =E50+G50-I50+L50 -> 10726.45
K51: Max | M51: =MAX(M48:M50) -> 10800.62
K52: Min | M52: =MIN(M48:M50) -> 10726.45
K53: Max-Min | M53: =ABS(M51-M52) -> 74.17
K54: Tolerence Check | M54: =IF(M53<=1000,"OK, Tolerance<= 1000 mils", "Not OK, Tolerance > 1000 mils") -> OK, Tolerance<= 1000 mils
A56: Site | B56: Pin No | C56: Pin Name | D56: Net | E56: Length | J56: Serial Number | L56: Length | M56: Total Length (mils) | N56: Golden | O56: Pin No | P56: Pin Name | Q56: Note
A57: SITE6 | B57: 32 | C57: MDIO | D57: =REPLACE(D48,2,1,"6") -> S6_MDIO | E57: =VLOOKUP(D57,EtchLengthFromLayout!$A:$B,2,0) -> 4648.52 | F57: S6_1_MDIO | G57: =VLOOKUP(F57,EtchLengthFromLayout!$A:$B,2,0) -> 159.24 | J57: =REPLACE(J48,2,1,"6") -> S6_ADCH001 | K57: SLOT1.CH79 | L57: =VLOOKUP(K57,EtchLengthFromLayout!$A:$B,2,0) -> 4674.49 | M57: =E57+G57-I57+L57 -> 9482.25 | Q57: DUT6 To Scan In Channel
A58: SITE6 | B58: 1 | C58: MDC | D58: =REPLACE(D49,2,1,"6") -> S6_MDC | E58: =VLOOKUP(D58,EtchLengthFromLayout!$A:$B,2,0) -> 4519.51 | F58: S6_1_MDC | G58: =VLOOKUP(F58,EtchLengthFromLayout!$A:$B,2,0) -> 132.03 | J58: =REPLACE(J49,2,1,"6") -> S6_ADCH002 | K58: SLOT1.CH78 | L58: =VLOOKUP(K58,EtchLengthFromLayout!$A:$B,2,0) -> 4817.12 | M58: =E58+G58-I58+L58 -> 9468.66
A59: SITE6 | B59: 3 | C59: INTB | D59: =REPLACE(D50,2,1,"6") -> S6_INTB | E59: =VLOOKUP(D59,EtchLengthFromLayout!$A:$B,2,0) -> 129.9 | J59: =REPLACE(J50,2,1,"6") -> S6_ADCH019 | K59: SLOT1.CH64 | L59: =VLOOKUP(K59,EtchLengthFromLayout!$A:$B,2,0) -> 9575.05 | M59: =E59+G59-I59+L59 -> 9704.95
K60: Max | M60: =MAX(M57:M59) -> 9704.95
K61: Min | M61: =MIN(M57:M59) -> 9468.66
K62: Max-Min | M62: =ABS(M60-M61) -> 236.29
K63: Tolerence Check | M63: =IF(M62<=1000,"OK, Tolerance<= 1000 mils", "Not OK, Tolerance > 1000 mils") -> OK, Tolerance<= 1000 mils
A65: Site | B65: Pin No | C65: Pin Name | D65: Net | E65: Length | J65: Serial Number | L65: Length | M65: Total Length (mils) | N65: Golden | O65: Pin No | P65: Pin Name | Q65: Note
A66: SITE7 | B66: 32 | C66: MDIO | D66: =REPLACE(D57,2,1,"7") -> S7_MDIO | E66: =VLOOKUP(D66,EtchLengthFromLayout!$A:$B,2,0) -> 3048.95 | F66: S7_1_MDIO | G66: =VLOOKUP(F66,EtchLengthFromLayout!$A:$B,2,0) -> 159.24 | J66: =REPLACE(J57,2,1,"7") -> S7_ADCH001 | K66: SLOT3.CH79 | L66: =VLOOKUP(K66,EtchLengthFromLayout!$A:$B,2,0) -> 3513.03 | M66: =E66+G66-I66+L66 -> 6721.22 | Q66: DUT7 To Scan In Channel
A67: SITE7 | B67: 1 | C67: MDC | D67: =REPLACE(D58,2,1,"7") -> S7_MDC | E67: =VLOOKUP(D67,EtchLengthFromLayout!$A:$B,2,0) -> 3084.63 | F67: S7_1_MDC | G67: =VLOOKUP(F67,EtchLengthFromLayout!$A:$B,2,0) -> 132.03 | J67: =REPLACE(J58,2,1,"7") -> S7_ADCH002 | K67: SLOT3.CH78 | L67: =VLOOKUP(K67,EtchLengthFromLayout!$A:$B,2,0) -> 3491.93 | M67: =E67+G67-I67+L67 -> 6708.59
A68: SITE7 | B68: 3 | C68: INTB | D68: =REPLACE(D59,2,1,"7") -> S7_INTB | E68: =VLOOKUP(D68,EtchLengthFromLayout!$A:$B,2,0) -> 129.9 | J68: =REPLACE(J59,2,1,"7") -> S7_ADCH019 | K68: SLOT3.CH64 | L68: =VLOOKUP(K68,EtchLengthFromLayout!$A:$B,2,0) -> 6599.2 | M68: =E68+G68-I68+L68 -> 6729.1
K69: Max | M69: =MAX(M66:M68) -> 6729.1
K70: Min | M70: =MIN(M66:M68) -> 6708.59
K71: Max-Min | M71: =ABS(M69-M70) -> 20.51
K72: Tolerence Check | M72: =IF(M71<=1000,"OK, Tolerance<= 1000 mils", "Not OK, Tolerance > 1000 mils") -> OK, Tolerance<= 1000 mils
A77: DUT to Scan Out Channel
A78: Site | B78: Pin No | C78: Pin Name | D78: Net | E78: Length | F78: Net | G78: Length | H78: Net | I78: Length | J78: Serial Number | L78: Length | M78: Total Length (mils) | N78: Golden | O78: Pin No | P78: Pin Name | Q78: Note
A79: SITE0 | B79: 19 | C79: RXDV | D79: S0_RXDV | E79: =VLOOKUP(D79,EtchLengthFromLayout!$A:$B,2,0) -> 10926.11 | J79: S0_BDCH024 | K79: SLOT2.CH101 | L79: =VLOOKUP(K79,EtchLengthFromLayout!$A:$B,2,0) -> 60.79 | M79: =E79+G79+I79+L79 -> 10986.9 | Q79: DUT0 To Scan Out Channel
A80: SITE0 | B80: 20 | C80: RXD3 | D80: S0_RXD3 | E80: =VLOOKUP(D80,EtchLengthFromLayout!$A:$B,2,0) -> 11413.06 | J80: S0_BDCH023 | K80: SLOT2.CH54 | L80: =VLOOKUP(K80,EtchLengthFromLayout!$A:$B,2,0) -> 60.79 | M80: =E80+G80+I80+L80 -> 11473.85
A81: SITE0 | B81: 21 | C81: RXD1 | D81: S0_RXD1 | E81: =VLOOKUP(D81,EtchLengthFromLayout!$A:$B,2,0) -> 10725 | J81: S0_BDCH022 | K81: SLOT2.CH98 | L81: =VLOOKUP(K81,EtchLengthFromLayout!$A:$B,2,0) -> 60.79 | M81: =E81+G81+I81+L81 -> 10785.79
A82: SITE0 | B82: 22 | C82: RXD0 | D82: S0_RXD0 | E82: =VLOOKUP(D82,EtchLengthFromLayout!$A:$B,2,0) -> 11279.97 | J82: S0_BDCH020 | K82: SLOT2.CH51 | L82: =VLOOKUP(K82,EtchLengthFromLayout!$A:$B,2,0) -> 60.79 | M82: =E82+G82+I82+L82 -> 11340.76
A83: SITE0 | B83: 30 | C83: LED/PTP_GPIO | D83: S0_LED | E83: =VLOOKUP(D83,EtchLengthFromLayout!$A:$B,2,0) -> 2680.39 | F83: S0_CH_LED | G83: =VLOOKUP(F83,EtchLengthFromLayout!$A:$B,2,0) -> 8416.9 | J83: S0_BDCH003 | K83: SLOT2.CH36 | L83: =VLOOKUP(K83,EtchLengthFromLayout!$A:$B,2,0) -> 60.79 | M83: =E83+G83+I83+L83 -> 11158.08
A84: SITE0 | B84: 31 | C84: DISB | D84: S0_DISB | E84: =VLOOKUP(D84,EtchLengthFromLayout!$A:$B,2,0) -> 11707.66 | J84: S0_BDCH010 | K84: SLOT2.CH33 | L84: =VLOOKUP(K84,EtchLengthFromLayout!$A:$B,2,0) -> 60.79 | M84: =E84+G84+I84+L84 -> 11768.45
K85: Max | M85: =MAX(M79:M84) -> 11768.45
K86: Min | M86: =MIN(M79:M84) -> 10785.79
K87: Max-Min | M87: =ABS(M85-M86) -> 982.66
K88: Tolerence Check | M88: =IF(M87<=1000,"OK, Tolerance<= 1000 mils", "Not OK, Tolerance > 1000 mils") -> OK, Tolerance<= 1000 mils
A90: Site | B90: Pin No | C90: Pin Name | D90: Net | E90: Length | F90: Net | G90: Length | H90: Net | I90: Length | J90: Serial Number | L90: Length | M90: Total Length (mils) | N90: Golden | O90: Pin No | P90: Pin Name | Q90: Note
A91: SITE1 | B91: 19 | C91: RXDV | D91: =REPLACE(D79,2,1,"1") -> S1_RXDV | E91: =VLOOKUP(D91,EtchLengthFromLayout!$A:$B,2,0) -> 11157.72 | J91: =REPLACE(J79,2,1,"1") -> S1_BDCH024 | K91: SLOT0.CH101 | L91: =VLOOKUP(K91,EtchLengthFromLayout!$A:$B,2,0) -> 60.79 | M91: =E91+G91+I91+L91 -> 11218.51 | Q91: DUT0 To Scan Out Channel
A92: SITE1 | B92: 20 | C92: RXD3 | D92: =REPLACE(D80,2,1,"1") -> S1_RXD3 | E92: =VLOOKUP(D92,EtchLengthFromLayout!$A:$B,2,0) -> 10855.35 | J92: =REPLACE(J80,2,1,"1") -> S1_BDCH023 | K92: SLOT0.CH51 | L92: =VLOOKUP(K92,EtchLengthFromLayout!$A:$B,2,0) -> 60.79 | M92: =E92+G92+I92+L92 -> 10916.14
A93: SITE1 | B93: 21 | C93: RXD1 | D93: =REPLACE(D81,2,1,"1") -> S1_RXD1 | E93: =VLOOKUP(D93,EtchLengthFromLayout!$A:$B,2,0) -> 10988.47 | J93: =REPLACE(J81,2,1,"1") -> S1_BDCH022 | K93: SLOT0.CH98 | L93: =VLOOKUP(K93,EtchLengthFromLayout!$A:$B,2,0) -> 60.79 | M93: =E93+G93+I93+L93 -> 11049.26
A94: SITE1 | B94: 22 | C94: RXD0 | D94: =REPLACE(D82,2,1,"1") -> S1_RXD0 | E94: =VLOOKUP(D94,EtchLengthFromLayout!$A:$B,2,0) -> 11069.12 | J94: =REPLACE(J82,2,1,"1") -> S1_BDCH020 | K94: SLOT0.CH54 | L94: =VLOOKUP(K94,EtchLengthFromLayout!$A:$B,2,0) -> 60.79 | M94: =E94+G94+I94+L94 -> 11129.91
A95: SITE1 | B95: 30 | C95: LED/PTP_GPIO | D95: =REPLACE(D83,2,1,"1") -> S1_LED | E95: =VLOOKUP(D95,EtchLengthFromLayout!$A:$B,2,0) -> 4073.97 | F95: =REPLACE(F83,2,1,"1") -> S1_CH_LED | G95: =VLOOKUP(F95,EtchLengthFromLayout!$A:$B,2,0) -> 7129.35 | J95: =REPLACE(J83,2,1,"1") -> S1_BDCH003 | K95: SLOT0.CH36 | L95: =VLOOKUP(K95,EtchLengthFromLayout!$A:$B,2,0) -> 60.79 | M95: =E95+G95+I95+L95 -> 11264.11
A96: SITE1 | B96: 31 | C96: DISB | D96: =REPLACE(D84,2,1,"1") -> S1_DISB | E96: =VLOOKUP(D96,EtchLengthFromLayout!$A:$B,2,0) -> 11778.57 | J96: =REPLACE(J84,2,1,"1") -> S1_BDCH010 | K96: SLOT0.CH33 | L96: =VLOOKUP(K96,EtchLengthFromLayout!$A:$B,2,0) -> 60.79 | M96: =E96+G96+I96+L96 -> 11839.36
K97: Max | M97: =MAX(M91:M96) -> 11839.36
K98: Min | M98: =MIN(M91:M96) -> 10916.14
K99: Max-Min | M99: =ABS(M97-M98) -> 923.22
K100: Tolerence Check | M100: =IF(M99<=1000,"OK, Tolerance<= 1000 mils", "Not OK, Tolerance > 1000 mils") -> OK, Tolerance<= 1000 mils
A102: Site | B102: Pin No | C102: Pin Name | D102: Net | E102: Length | F102: Net | G102: Length | H102: Net | I102: Length | J102: Serial Number | L102: Length | M102: Total Length (mils) | N102: Golden | O102: Pin No | P102: Pin Name | Q102: Note
A103: SITE2 | B103: 19 | C103: RXDV | D103: =REPLACE(D91,2,1,"2") -> S2_RXDV | E103: =VLOOKUP(D103,EtchLengthFromLayout!$A:$B,2,0) -> 16529.83 | J103: =REPLACE(J91,2,1,"2") -> S2_BDCH024 | K103: SLOT1.CH101 | L103: =VLOOKUP(K103,EtchLengthFromLayout!$A:$B,2,0) -> 60.79 | M103: =E103+G103+I103+L103 -> 16590.62 | Q103: DUT0 To Scan Out Channel
A104: SITE2 | B104: 20 | C104: RXD3 | D104: =REPLACE(D92,2,1,"2") -> S2_RXD3 | E104: =VLOOKUP(D104,EtchLengthFromLayout!$A:$B,2,0) -> 16153.96 | J104: =REPLACE(J92,2,1,"2") -> S2_BDCH023 | K104: SLOT1.CH51 | L104: =VLOOKUP(K104,EtchLengthFromLayout!$A:$B,2,0) -> 60.79 | M104: =E104+G104+I104+L104 -> 16214.75
A105: SITE2 | B105: 21 | C105: RXD1 | D105: =REPLACE(D93,2,1,"2") -> S2_RXD1 | E105: =VLOOKUP(D105,EtchLengthFromLayout!$A:$B,2,0) -> 16394.31 | J105: =REPLACE(J93,2,1,"2") -> S2_BDCH022 | K105: SLOT1.CH98 | L105: =VLOOKUP(K105,EtchLengthFromLayout!$A:$B,2,0) -> 60.79 | M105: =E105+G105+I105+L105 -> 16455.1
A106: SITE2 | B106: 22 | C106: RXD0 | D106: =REPLACE(D94,2,1,"2") -> S2_RXD0 | E106: =VLOOKUP(D106,EtchLengthFromLayout!$A:$B,2,0) -> 15960.64 | J106: =REPLACE(J94,2,1,"2") -> S2_BDCH020 | K106: SLOT1.CH54 | L106: =VLOOKUP(K106,EtchLengthFromLayout!$A:$B,2,0) -> 60.79 | M106: =E106+G106+I106+L106 -> 16021.43
A107: SITE2 | B107: 30 | C107: LED/PTP_GPIO | D107: =REPLACE(D95,2,1,"2") -> S2_LED | E107: =VLOOKUP(D107,EtchLengthFromLayout!$A:$B,2,0) -> 4414.34 | F107: =REPLACE(F95,2,1,"2") -> S2_CH_LED | G107: =VLOOKUP(F107,EtchLengthFromLayout!$A:$B,2,0) -> 11574.62 | J107: =REPLACE(J95,2,1,"2") -> S2_BDCH003 | K107: SLOT1.CH36 | L107: =VLOOKUP(K107,EtchLengthFromLayout!$A:$B,2,0) -> 60.79 | M107: =E107+G107+I107+L107 -> 16049.75
A108: SITE2 | B108: 31 | C108: DISB | D108: =REPLACE(D96,2,1,"2") -> S2_DISB | E108: =VLOOKUP(D108,EtchLengthFromLayout!$A:$B,2,0) -> 16768.29 | J108: =REPLACE(J96,2,1,"2") -> S2_BDCH010 | K108: SLOT1.CH33 | L108: =VLOOKUP(K108,EtchLengthFromLayout!$A:$B,2,0) -> 60.79 | M108: =E108+G108+I108+L108 -> 16829.08
K109: Max | M109: =MAX(M103:M108) -> 16829.08
K110: Min | M110: =MIN(M103:M108) -> 16021.43
K111: Max-Min | M111: =ABS(M109-M110) -> 807.65
K112: Tolerence Check | M112: =IF(M111<=1000,"OK, Tolerance<= 1000 mils", "Not OK, Tolerance > 1000 mils") -> OK, Tolerance<= 1000 mils
A114: Site | B114: Pin No | C114: Pin Name | D114: Net | E114: Length | F114: Net | G114: Length | H114: Net | I114: Length | J114: Serial Number | L114: Length | M114: Total Length (mils) | N114: Golden | O114: Pin No | P114: Pin Name | Q114: Note
...

Sheet SGMII
A1: DUT to Golden Loopback: | M1: arc shape
A2: Site | B2: Pin No | C2: Pin Name | D2: Net | E2: Length | F2: Net | G2: Length | K2: Net | L2: Length | M2: Total Length (mils) | N2: P/N Difference (mils) | O2: Golden | P2: Pin No | Q2: Pin Name | R2: Note
A3: SITE0 | B3: 25 | C3: HSON | D3: S0_HSO- | E3: =VLOOKUP(D3,EtchLengthFromLayout!$A:$B,2,0) -> 839.88 | F3: SG0_C_HSI- | G3: =VLOOKUP(F3,EtchLengthFromLayout!$A:$B,2,0) -> 179.12 | K3: SG0_HSI- | L3: =VLOOKUP(K3,EtchLengthFromLayout!$A:$B,2,0) -> 12303.33 | M3: =E3+G3+I3+L3 -> 13322.33 | N3: =ABS(M3-M4) -> 0 | O3: GOLD0 | P3: 25 | Q3: HSON | R3: DUT to Golden Loopback
A4: SITE0 | B4: 26 | C4: HSOP | D4: S0_HSO+ | E4: =VLOOKUP(D4,EtchLengthFromLayout!$A:$B,2,0) -> 839.88 | F4: SG0_C_HSI+ | G4: =VLOOKUP(F4,EtchLengthFromLayout!$A:$B,2,0) -> 179.12 | K4: SG0_HSI+ | L4: =VLOOKUP(K4,EtchLengthFromLayout!$A:$B,2,0) -> 12303.33 | M4: =E4+G4+I4+L4 -> 13322.33 | N4: =IF(N3<=1,"OK, Tolerance<= 1 mil", "Not OK, Tolerance > 1 mil") -> OK, Tolerance<= 1 mil | O4: GOLD0 | P4: 26 | Q4: HSOP
A5: SITE0 | B5: 28 | C5: HSIN | D5: S0_HSI- | E5: =VLOOKUP(D5,EtchLengthFromLayout!$A:$B,2,0) -> 839.88 | F5: SG0_C_HSO- | G5: =VLOOKUP(F5,EtchLengthFromLayout!$A:$B,2,0) -> 179.12 | K5: SG0_HSO- | L5: =VLOOKUP(K5,EtchLengthFromLayout!$A:$B,2,0) -> 11708.67 | M5: =E5+G5+I5+L5 -> 12727.67 | N5: =ABS(M5-M6) -> 0.01 | O5: GOLD0 | P5: 28 | Q5: HSIN
A6: SITE0 | B6: 29 | C6: HSIP | D6: S0_HSI+ | E6: =VLOOKUP(D6,EtchLengthFromLayout!$A:$B,2,0) -> 839.88 | F6: SG0_C_HSO+ | G6: =VLOOKUP(F6,EtchLengthFromLayout!$A:$B,2,0) -> 179.12 | K6: SG0_HSO+ | L6: =VLOOKUP(K6,EtchLengthFromLayout!$A:$B,2,0) -> 11708.66 | M6: =E6+G6+I6+L6 -> 12727.66 | N6: =IF(N5<=1,"OK, Tolerance<= 1 mil", "Not OK, Tolerance > 1 mil") -> OK, Tolerance<= 1 mil | O6: GOLD0 | P6: 29 | Q6: HSIP
K7: Max | M7: =MAX(M3:M6) -> 13322.33
K8: Min | M8: =MIN(M3:M6) -> 12727.66
K9: Max-Min | M9: =ABS(M7-M8) -> 594.67
K10: Tolerence Check | M10: =IF(M9<=1000,"OK, Tolerance<= 1000 mils", "Not OK, Tolerance > 1000 mils") -> OK, Tolerance<= 1000 mils
A12: Site | B12: Pin No | C12: Pin Name | D12: Net | E12: Length | F12: Net | G12: Length | K12: Net | L12: Length | M12: Total Length (mils) | N12: P/N Difference (mils) | O12: Golden | P12: Pin No | Q12: Pin Name
A13: SITE1 | B13: 25 | C13: HSON | D13: =REPLACE(D3,2,1,"1") -> S1_HSO- | E13: =VLOOKUP(D13,EtchLengthFromLayout!$A:$B,2,0) -> 839.88 | F13: =REPLACE(F3,3,1,"1") -> SG1_C_HSI- | G13: =VLOOKUP(F13,EtchLengthFromLayout!$A:$B,2,0) -> 179.12 | K13: =REPLACE(K3,3,1,"1") -> SG1_HSI- | L13: =VLOOKUP(K13,EtchLengthFromLayout!$A:$B,2,0) -> 12978.79 | M13: =E13+G13+I13+L13 -> 13997.79 | N13: =ABS(M13-M14) -> 0.03 | O13: GOLD1 | P13: 25 | Q13: HSON
A14: SITE1 | B14: 26 | C14: HSOP | D14: =REPLACE(D4,2,1,"1") -> S1_HSO+ | E14: =VLOOKUP(D14,EtchLengthFromLayout!$A:$B,2,0) -> 839.88 | F14: =REPLACE(F4,3,1,"1") -> SG1_C_HSI+ | G14: =VLOOKUP(F14,EtchLengthFromLayout!$A:$B,2,0) -> 179.12 | K14: =REPLACE(K4,3,1,"1") -> SG1_HSI+ | L14: =VLOOKUP(K14,EtchLengthFromLayout!$A:$B,2,0) -> 12978.82 | M14: =E14+G14+I14+L14 -> 13997.82 | N14: =IF(N13<=1,"OK, Tolerance<= 1 mil", "Not OK, Tolerance > 1 mil") -> OK, Tolerance<= 1 mil | O14: GOLD1 | P14: 26 | Q14: HSOP
A15: SITE1 | B15: 28 | C15: HSIN | D15: =REPLACE(D5,2,1,"1") -> S1_HSI- | E15: =VLOOKUP(D15,EtchLengthFromLayout!$A:$B,2,0) -> 839.88 | F15: =REPLACE(F5,3,1,"1") -> SG1_C_HSO- | G15: =VLOOKUP(F15,EtchLengthFromLayout!$A:$B,2,0) -> 179.12 | K15: =REPLACE(K5,3,1,"1") -> SG1_HSO- | L15: =VLOOKUP(K15,EtchLengthFromLayout!$A:$B,2,0) -> 12515.18 | M15: =E15+G15+I15+L15 -> 13534.18 | N15: =ABS(M15-M16) -> 0 | O15: GOLD1 | P15: 28 | Q15: HSIN
A16: SITE1 | B16: 29 | C16: HSIP | D16: =REPLACE(D6,2,1,"1") -> S1_HSI+ | E16: =VLOOKUP(D16,EtchLengthFromLayout!$A:$B,2,0) -> 839.88 | F16: =REPLACE(F6,3,1,"1") -> SG1_C_HSO+ | G16: =VLOOKUP(F16,EtchLengthFromLayout!$A:$B,2,0) -> 179.12 | K16: =REPLACE(K6,3,1,"1") -> SG1_HSO+ | L16: =VLOOKUP(K16,EtchLengthFromLayout!$A:$B,2,0) -> 12515.18 | M16: =E16+G16+I16+L16 -> 13534.18 | N16: =IF(N15<=1,"OK, Tolerance<= 1 mil", "Not OK, Tolerance > 1 mil") -> OK, Tolerance<= 1 mil | O16: GOLD1 | P16: 29 | Q16: HSIP
K17: Max | M17: =MAX(M13:M16) -> 13997.82
K18: Min | M18: =MIN(M13:M16) -> 13534.18
K19: Max-Min | M19: =ABS(M17-M18) -> 463.64
K20: Tolerence Check | M20: =IF(M19<=1000,"OK, Tolerance<= 1000 mils", "Not OK, Tolerance > 1000 mils") -> OK, Tolerance<= 1000 mils
A22: Site | B22: Pin No | C22: Pin Name | D22: Net | E22: Length | F22: Net | G22: Length | K22: Net | L22: Length | M22: Total Length (mils) | N22: P/N Difference (mils) | O22: Golden | P22: Pin No | Q22: Pin Name
A23: SITE2 | B23: 25 | C23: HSON | D23: =REPLACE(D13,2,1,"2") -> S2_HSO- | E23: =VLOOKUP(D23,EtchLengthFromLayout!$A:$B,2,0) -> 839.88 | F23: =REPLACE(F13,3,1,"2") -> SG2_C_HSI- | G23: =VLOOKUP(F23,EtchLengthFromLayout!$A:$B,2,0) -> 179.12 | K23: =REPLACE(K13,3,1,"2") -> SG2_HSI- | L23: =VLOOKUP(K23,EtchLengthFromLayout!$A:$B,2,0) -> 12253.03 | M23: =E23+G23+I23+L23 -> 13272.03 | N23: =ABS(M23-M24) -> 0.17 | O23: GOLD2 | P23: 25 | Q23: HSON
A24: SITE2 | B24: 26 | C24: HSOP | D24: =REPLACE(D14,2,1,"2") -> S2_HSO+ | E24: =VLOOKUP(D24,EtchLengthFromLayout!$A:$B,2,0) -> 839.88 | F24: =REPLACE(F14,3,1,"2") -> SG2_C_HSI+ | G24: =VLOOKUP(F24,EtchLengthFromLayout!$A:$B,2,0) -> 179.12 | K24: =REPLACE(K14,3,1,"2") -> SG2_HSI+ | L24: =VLOOKUP(K24,EtchLengthFromLayout!$A:$B,2,0) -> 12253.2 | M24: =E24+G24+I24+L24 -> 13272.2 | N24: =IF(N23<=1,"OK, Tolerance<= 1 mil", "Not OK, Tolerance > 1 mil") -> OK, Tolerance<= 1 mil | O24: GOLD2 | P24: 26 | Q24: HSOP
A25: SITE2 | B25: 28 | C25: HSIN | D25: =REPLACE(D15,2,1,"2") -> S2_HSI- | E25: =VLOOKUP(D25,EtchLengthFromLayout!$A:$B,2,0) -> 839.88 | F25: =REPLACE(F15,3,1,"2") -> SG2_C_HSO- | G25: =VLOOKUP(F25,EtchLengthFromLayout!$A:$B,2,0) -> 179.12 | K25: =REPLACE(K15,3,1,"2") -> SG2_HSO- | L25: =VLOOKUP(K25,EtchLengthFromLayout!$A:$B,2,0) -> 12651.9 | M25: =E25+G25+I25+L25 -> 13670.9 | N25: =ABS(M25-M26) -> 0.52 | O25: GOLD2 | P25: 28 | Q25: HSIN
A26: SITE2 | B26: 29 | C26: HSIP | D26: =REPLACE(D16,2,1,"2") -> S2_HSI+ | E26: =VLOOKUP(D26,EtchLengthFromLayout!$A:$B,2,0) -> 839.88 | F26: =REPLACE(F16,3,1,"2") -> SG2_C_HSO+ | G26: =VLOOKUP(F26,EtchLengthFromLayout!$A:$B,2,0) -> 179.12 | K26: =REPLACE(K16,3,1,"2") -> SG2_HSO+ | L26: =VLOOKUP(K26,EtchLengthFromLayout!$A:$B,2,0) -> 12651.38 | M26: =E26+G26+I26+L26 -> 13670.38 | N26: =IF(N25<=1,"OK, Tolerance<= 1 mil", "Not OK, Tolerance > 1 mil") -> OK, Tolerance<= 1 mil | O26: GOLD2 | P26: 29 | Q26: HSIP
K27: Max | M27: =MAX(M23:M26) -> 13670.9
K28: Min | M28: =MIN(M23:M26) -> 13272.03
K29: Max-Min | M29: =ABS(M27-M28) -> 398.87
K30: Tolerence Check | M30: =IF(M29<=1000,"OK, Tolerance<= 1000 mils", "Not OK, Tolerance > 1000 mils") -> OK, Tolerance<= 1000 mils
A32: Site | B32: Pin No | C32: Pin Name | D32: Net | E32: Length | F32: Net | G32: Length | K32: Net | L32: Length | M32: Total Length (mils) | N32: P/N Difference (mils) | O32: Golden | P32: Pin No | Q32: Pin Name
A33: SITE3 | B33: 25 | C33: HSON | D33: =REPLACE(D23,2,1,"3") -> S3_HSO- | E33: =VLOOKUP(D33,EtchLengthFromLayout!$A:$B,2,0) -> 839.88 | F33: =REPLACE(F23,3,1,"3") -> SG3_C_HSI- | G33: =VLOOKUP(F33,EtchLengthFromLayout!$A:$B,2,0) -> 179.12 | K33: =REPLACE(K23,3,1,"3") -> SG3_HSI- | L33: =VLOOKUP(K33,EtchLengthFromLayout!$A:$B,2,0) -> 12152.45 | M33: =E33+G33+I33+L33 -> 13171.45 | N33: =ABS(M33-M34) -> 0.05 | O33: GOLD3 | P33: 25 | Q33: HSON
A34: SITE3 | B34: 26 | C34: HSOP | D34: =REPLACE(D24,2,1,"3") -> S3_HSO+ | E34: =VLOOKUP(D34,EtchLengthFromLayout!$A:$B,2,0) -> 839.88 | F34: =REPLACE(F24,3,1,"3") -> SG3_C_HSI+ | G34: =VLOOKUP(F34,EtchLengthFromLayout!$A:$B,2,0) -> 179.12 | K34: =REPLACE(K24,3,1,"3") -> SG3_HSI+ | L34: =VLOOKUP(K34,EtchLengthFromLayout!$A:$B,2,0) -> 12152.5 | M34: =E34+G34+I34+L34 -> 13171.5 | N34: =IF(N33<=1,"OK, Tolerance<= 1 mil", "Not OK, Tolerance > 1 mil") -> OK, Tolerance<= 1 mil | O34: GOLD3 | P34: 26 | Q34: HSOP
A35: SITE3 | B35: 28 | C35: HSIN | D35: =REPLACE(D25,2,1,"3") -> S3_HSI- | E35: =VLOOKUP(D35,EtchLengthFromLayout!$A:$B,2,0) -> 839.88 | F35: =REPLACE(F25,3,1,"3") -> SG3_C_HSO- | G35: =VLOOKUP(F35,EtchLengthFromLayout!$A:$B,2,0) -> 179.12 | K35: =REPLACE(K25,3,1,"3") -> SG3_HSO- | L35: =VLOOKUP(K35,EtchLengthFromLayout!$A:$B,2,0) -> 12131.15 | M35: =E35+G35+I35+L35 -> 13150.15 | N35: =ABS(M35-M36) -> 0.18 | O35: GOLD3 | P35: 28 | Q35: HSIN
A36: SITE3 | B36: 29 | C36: HSIP | D36: =REPLACE(D26,2,1,"3") -> S3_HSI+ | E36: =VLOOKUP(D36,EtchLengthFromLayout!$A:$B,2,0) -> 839.88 | F36: =REPLACE(F26,3,1,"3") -> SG3_C_HSO+ | G36: =VLOOKUP(F36,EtchLengthFromLayout!$A:$B,2,0) -> 179.12 | K36: =REPLACE(K26,3,1,"3") -> SG3_HSO+ | L36: =VLOOKUP(K36,EtchLengthFromLayout!$A:$B,2,0) -> 12130.97 | M36: =E36+G36+I36+L36 -> 13149.97 | N36: =IF(N35<=1,"OK, Tolerance<= 1 mil", "Not OK, Tolerance > 1 mil") -> OK, Tolerance<= 1 mil | O36: GOLD3 | P36: 29 | Q36: HSIP
K37: Max | M37: =MAX(M33:M36) -> 13171.5
K38: Min | M38: =MIN(M33:M36) -> 13149.97
K39: Max-Min | M39: =ABS(M37-M38) -> 21.53
K40: Tolerence Check | M40: =IF(M39<=1000,"OK, Tolerance<= 1000 mils", "Not OK, Tolerance > 1000 mils") -> OK, Tolerance<= 1000 mils
A42: Site | B42: Pin No | C42: Pin Name | D42: Net | E42: Length | F42: Net | G42: Length | K42: Net | L42: Length | M42: Total Length (mils) | N42: P/N Difference (mils) | O42: Golden | P42: Pin No | Q42: Pin Name
A43: SITE4 | B43: 25 | C43: HSON | D43: =REPLACE(D33,2,1,"4") -> S4_HSO- | E43: =VLOOKUP(D43,EtchLengthFromLayout!$A:$B,2,0) -> 839.88 | F43: =REPLACE(F33,3,1,"4") -> SG4_C_HSI- | G43: =VLOOKUP(F43,EtchLengthFromLayout!$A:$B,2,0) -> 179.12 | K43: =REPLACE(K33,3,1,"4") -> SG4_HSI- | L43: =VLOOKUP(K43,EtchLengthFromLayout!$A:$B,2,0) -> 11302.1 | M43: =E43+G43+I43+L43 -> 12321.1 | N43: =ABS(M43-M44) -> 0.01 | O43: GOLD4 | P43: 25 | Q43: HSON
A44: SITE4 | B44: 26 | C44: HSOP | D44: =REPLACE(D34,2,1,"4") -> S4_HSO+ | E44: =VLOOKUP(D44,EtchLengthFromLayout!$A:$B,2,0) -> 839.88 | F44: =REPLACE(F34,3,1,"4") -> SG4_C_HSI+ | G44: =VLOOKUP(F44,EtchLengthFromLayout!$A:$B,2,0) -> 179.12 | K44: =REPLACE(K34,3,1,"4") -> SG4_HSI+ | L44: =VLOOKUP(K44,EtchLengthFromLayout!$A:$B,2,0) -> 11302.11 | M44: =E44+G44+I44+L44 -> 12321.11 | N44: =IF(N43<=1,"OK, Tolerance<= 1 mil", "Not OK, Tolerance > 1 mil") -> OK, Tolerance<= 1 mil | O44: GOLD4 | P44: 26 | Q44: HSOP
A45: SITE4 | B45: 28 | C45: HSIN | D45: =REPLACE(D35,2,1,"4") -> S4_HSI- | E45: =VLOOKUP(D45,EtchLengthFromLayout!$A:$B,2,0) -> 839.88 | F45: =REPLACE(F35,3,1,"4") -> SG4_C_HSO- | G45: =VLOOKUP(F45,EtchLengthFromLayout!$A:$B,2,0) -> 179.12 | K45: =REPLACE(K35,3,1,"4") -> SG4_HSO- | L45: =VLOOKUP(K45,EtchLengthFromLayout!$A:$B,2,0) -> 10703.88 | M45: =E45+G45+I45+L45 -> 11722.88 | N45: =ABS(M45-M46) -> 0 | O45: GOLD4 | P45: 28 | Q45: HSIN
A46: SITE4 | B46: 29 | C46: HSIP | D46: =REPLACE(D36,2,1,"4") -> S4_HSI+ | E46: =VLOOKUP(D46,EtchLengthFromLayout!$A:$B,2,0) -> 839.88 | F46: =REPLACE(F36,3,1,"4") -> SG4_C_HSO+ | G46: =VLOOKUP(F46,EtchLengthFromLayout!$A:$B,2,0) -> 179.12 | K46: =REPLACE(K36,3,1,"4") -> SG4_HSO+ | L46: =VLOOKUP(K46,EtchLengthFromLayout!$A:$B,2,0) -> 10703.88 | M46: =E46+G46+I46+L46 -> 11722.88 | N46: =IF(N45<=1,"OK, Tolerance<= 1 mil", "Not OK, Tolerance > 1 mil") -> OK, Tolerance<= 1 mil | O46: GOLD4 | P46: 29 | Q46: HSIP
K47: Max | M47: =MAX(M43:M46) -> 12321.11
K48: Min | M48: =MIN(M43:M46) -> 11722.88
K49: Max-Min | M49: =ABS(M47-M48) -> 598.23
K50: Tolerence Check | M50: =IF(M49<=1000,"OK, Tolerance<= 1000 mils", "Not OK, Tolerance > 1000 mils") -> OK, Tolerance<= 1000 mils
A52: Site | B52: Pin No | C52: Pin Name | D52: Net | E52: Length | F52: Net | G52: Length | K52: Net | L52: Length | M52: Total Length (mils) | N52: P/N Difference (mils) | O52: Golden | P52: Pin No | Q52: Pin Name
A53: SITE5 | B53: 25 | C53: HSON | D53: =REPLACE(D43,2,1,"5") -> S5_HSO- | E53: =VLOOKUP(D53,EtchLengthFromLayout!$A:$B,2,0) -> 839.88 | F53: =REPLACE(F43,3,1,"5") -> SG5_C_HSI- | G53: =VLOOKUP(F53,EtchLengthFromLayout!$A:$B,2,0) -> 179.12 | K53: =REPLACE(K43,3,1,"5") -> SG5_HSI- | L53: =VLOOKUP(K53,EtchLengthFromLayout!$A:$B,2,0) -> 12297.51 | M53: =E53+G53+I53+L53 -> 13316.51 | N53: =ABS(M53-M54) -> 0.01 | O53: GOLD5 | P53: 25 | Q53: HSON
A54: SITE5 | B54: 26 | C54: HSOP | D54: =REPLACE(D44,2,1,"5") -> S5_HSO+ | E54: =VLOOKUP(D54,EtchLengthFromLayout!$A:$B,2,0) -> 839.88 | F54: =REPLACE(F44,3,1,"5") -> SG5_C_HSI+ | G54: =VLOOKUP(F54,EtchLengthFromLayout!$A:$B,2,0) -> 179.12 | K54: =REPLACE(K44,3,1,"5") -> SG5_HSI+ | L54: =VLOOKUP(K54,EtchLengthFromLayout!$A:$B,2,0) -> 12297.52 | M54: =E54+G54+I54+L54 -> 13316.52 | N54: =IF(N53<=1,"OK, Tolerance<= 1 mil", "Not OK, Tolerance > 1 mil") -> OK, Tolerance<= 1 mil | O54: GOLD5 | P54: 26 | Q54: HSOP
A55: SITE5 | B55: 28 | C55: HSIN | D55: =REPLACE(D45,2,1,"5") -> S5_HSI- | E55: =VLOOKUP(D55,EtchLengthFromLayout!$A:$B,2,0) -> 839.88 | F55: =REPLACE(F45,3,1,"5") -> SG5_C_HSO- | G55: =VLOOKUP(F55,EtchLengthFromLayout!$A:$B,2,0) -> 179.12 | K55: =REPLACE(K45,3,1,"5") -> SG5_HSO- | L55: =VLOOKUP(K55,EtchLengthFromLayout!$A:$B,2,0) -> 11829.02 | M55: =E55+G55+I55+L55 -> 12848.02 | N55: =ABS(M55-M56) -> 0.06 | O55: GOLD5 | P55: 28 | Q55: HSIN
A56: SITE5 | B56: 29 | C56: HSIP | D56: =REPLACE(D46,2,1,"5") -> S5_HSI+ | E56: =VLOOKUP(D56,EtchLengthFromLayout!$A:$B,2,0) -> 839.88 | F56: =REPLACE(F46,3,1,"5") -> SG5_C_HSO+ | G56: =VLOOKUP(F56,EtchLengthFromLayout!$A:$B,2,0) -> 179.12 | K56: =REPLACE(K46,3,1,"5") -> SG5_HSO+ | L56: =VLOOKUP(K56,EtchLengthFromLayout!$A:$B,2,0) -> 11829.08 | M56: =E56+G56+I56+L56 -> 12848.08 | N56: =IF(N55<=1,"OK, Tolerance<= 1 mil", "Not OK, Tolerance > 1 mil") -> OK, Tolerance<= 1 mil | O56: GOLD5 | P56: 29 | Q56: HSIP
K57: Max | M57: =MAX(M53:M56) -> 13316.52
K58: Min | M58: =MIN(M53:M56) -> 12848.02
K59: Max-Min | M59: =ABS(M57-M58) -> 468.5
K60: Tolerence Check | M60: =IF(M59<=1000,"OK, Tolerance<= 1000 mils", "Not OK, Tolerance > 1000 mils") -> OK, Tolerance<= 1000 mils
A62: Site | B62: Pin No | C62: Pin Name | D62: Net | E62: Length | F62: Net | G62: Length | K62: Net | L62: Length | M62: Total Length (mils) | N62: P/N Difference (mils) | O62: Golden | P62: Pin No | Q62: Pin Name
A63: SITE6 | B63: 25 | C63: HSON | D63: =REPLACE(D53,2,1,"6") -> S6_HSO- | E63: =VLOOKUP(D63,EtchLengthFromLayout!$A:$B,2,0) -> 839.88 | F63: =REPLACE(F53,3,1,"6") -> SG6_C_HSI- | G63: =VLOOKUP(F63,EtchLengthFromLayout!$A:$B,2,0) -> 179.12 | K63: =REPLACE(K53,3,1,"6") -> SG6_HSI- | L63: =VLOOKUP(K63,EtchLengthFromLayout!$A:$B,2,0) -> 12111.64 | M63: =E63+G63+I63+L63 -> 13130.64 | N63: =ABS(M63-M64) -> 0.27 | O63: GOLD6 | P63: 25 | Q63: HSON
A64: SITE6 | B64: 26 | C64: HSOP | D64: =REPLACE(D54,2,1,"6") -> S6_HSO+ | E64: =VLOOKUP(D64,EtchLengthFromLayout!$A:$B,2,0) -> 839.88 | F64: =REPLACE(F54,3,1,"6") -> SG6_C_HSI+ | G64: =VLOOKUP(F64,EtchLengthFromLayout!$A:$B,2,0) -> 179.12 | K64: =REPLACE(K54,3,1,"6") -> SG6_HSI+ | L64: =VLOOKUP(K64,EtchLengthFromLayout!$A:$B,2,0) -> 12111.37 | M64: =E64+G64+I64+L64 -> 13130.37 | N64: =IF(N63<=1,"OK, Tolerance<= 1 mil", "Not OK, Tolerance > 1 mil") -> OK, Tolerance<= 1 mil | O64: GOLD6 | P64: 26 | Q64: HSOP
A65: SITE6 | B65: 28 | C65: HSIN | D65: =REPLACE(D55,2,1,"6") -> S6_HSI- | E65: =VLOOKUP(D65,EtchLengthFromLayout!$A:$B,2,0) -> 839.88 | F65: =REPLACE(F55,3,1,"6") -> SG6_C_HSO- | G65: =VLOOKUP(F65,EtchLengthFromLayout!$A:$B,2,0) -> 179.12 | K65: =REPLACE(K55,3,1,"6") -> SG6_HSO- | L65: =VLOOKUP(K65,EtchLengthFromLayout!$A:$B,2,0) -> 12660.79 | M65: =E65+G65+I65+L65 -> 13679.79 | N65: =ABS(M65-M66) -> 0.17 | O65: GOLD6 | P65: 28 | Q65: HSIN
A66: SITE6 | B66: 29 | C66: HSIP | D66: =REPLACE(D56,2,1,"6") -> S6_HSI+ | E66: =VLOOKUP(D66,EtchLengthFromLayout!$A:$B,2,0) -> 839.88 | F66: =REPLACE(F56,3,1,"6") -> SG6_C_HSO+ | G66: =VLOOKUP(F66,EtchLengthFromLayout!$A:$B,2,0) -> 179.12 | K66: =REPLACE(K56,3,1,"6") -> SG6_HSO+ | L66: =VLOOKUP(K66,EtchLengthFromLayout!$A:$B,2,0) -> 12660.96 | M66: =E66+G66+I66+L66 -> 13679.96 | N66: =IF(N65<=1,"OK, Tolerance<= 1 mil", "Not OK, Tolerance > 1 mil") -> OK, Tolerance<= 1 mil | O66: GOLD6 | P66: 29 | Q66: HSIP
K67: Max | M67: =MAX(M63:M66) -> 13679.96
K68: Min | M68: =MIN(M63:M66) -> 13130.37
K69: Max-Min | M69: =ABS(M67-M68) -> 549.59
K70: Tolerence Check | M70: =IF(M69<=1000,"OK, Tolerance<= 1000 mils", "Not OK, Tolerance > 1000 mils") -> OK, Tolerance<= 1000 mils
A72: Site | B72: Pin No | C72: Pin Name | D72: Net | E72: Length | F72: Net | G72: Length | K72: Net | L72: Length | M72: Total Length (mils) | N72: P/N Difference (mils) | O72: Golden | P72: Pin No | Q72: Pin Name
A73: SITE7 | B73: 25 | C73: HSON | D73: =REPLACE(D63,2,1,"7") -> S7_HSO- | E73: =VLOOKUP(D73,EtchLengthFromLayout!$A:$B,2,0) -> 839.88 | F73: =REPLACE(F63,3,1,"7") -> SG7_C_HSI- | G73: =VLOOKUP(F73,EtchLengthFromLayout!$A:$B,2,0) -> 179.12 | K73: =REPLACE(K63,3,1,"7") -> SG7_HSI- | L73: =VLOOKUP(K73,EtchLengthFromLayout!$A:$B,2,0) -> 10997.3 | M73: =E73+G73+I73+L73 -> 12016.3 | N73: =ABS(M73-M74) -> 0.28 | O73: GOLD7 | P73: 25 | Q73: HSON
A74: SITE7 | B74: 26 | C74: HSOP | D74: =REPLACE(D64,2,1,"7") -> S7_HSO+ | E74: =VLOOKUP(D74,EtchLengthFromLayout!$A:$B,2,0) -> 839.88 | F74: =REPLACE(F64,3,1,"7") -> SG7_C_HSI+ | G74: =VLOOKUP(F74,EtchLengthFromLayout!$A:$B,2,0) -> 179.12 | K74: =REPLACE(K64,3,1,"7") -> SG7_HSI+ | L74: =VLOOKUP(K74,EtchLengthFromLayout!$A:$B,2,0) -> 10997.02 | M74: =E74+G74+I74+L74 -> 12016.02 | N74: =IF(N73<=1,"OK, Tolerance<= 1 mil", "Not OK, Tolerance > 1 mil") -> OK, Tolerance<= 1 mil | O74: GOLD7 | P74: 26 | Q74: HSOP
A75: SITE7 | B75: 28 | C75: HSIN | D75: =REPLACE(D65,2,1,"7") -> S7_HSI- | E75: =VLOOKUP(D75,EtchLengthFromLayout!$A:$B,2,0) -> 839.88 | F75: =REPLACE(F65,3,1,"7") -> SG7_C_HSO- | G75: =VLOOKUP(F75,EtchLengthFromLayout!$A:$B,2,0) -> 179.12 | K75: =REPLACE(K65,3,1,"7") -> SG7_HSO- | L75: =VLOOKUP(K75,EtchLengthFromLayout!$A:$B,2,0) -> 11256.21 | M75: =E75+G75+I75+L75 -> 12275.21 | N75: =ABS(M75-M76) -> 0.41 | O75: GOLD7 | P75: 28 | Q75: HSIN
A76: SITE7 | B76: 29 | C76: HSIP | D76: =REPLACE(D66,2,1,"7") -> S7_HSI+ | E76: =VLOOKUP(D76,EtchLengthFromLayout!$A:$B,2,0) -> 839.88 | F76: =REPLACE(F66,3,1,"7") -> SG7_C_HSO+ | G76: =VLOOKUP(F76,EtchLengthFromLayout!$A:$B,2,0) -> 179.12 | K76: =REPLACE(K66,3,1,"7") -> SG7_HSO+ | L76: =VLOOKUP(K76,EtchLengthFromLayout!$A:$B,2,0) -> 11256.62 | M76: =E76+G76+I76+L76 -> 12275.62 | N76: =IF(N75<=1,"OK, Tolerance<= 1 mil", "Not OK, Tolerance > 1 mil") -> OK, Tolerance<= 1 mil | O76: GOLD7 | P76: 29 | Q76: HSIP
K77: Max | M77: =MAX(M73:M76) -> 12275.62
K78: Min | M78: =MIN(M73:M76) -> 12016.02
K79: Max-Min | M79: =ABS(M77-M78) -> 259.6
K80: Tolerence Check | M80: =IF(M79<=1000,"OK, Tolerance<= 1000 mils", "Not OK, Tolerance > 1000 mils") -> OK, Tolerance<= 1000 mils
A85: DUT to Channel: | N85: arc shape
A86: Site | B86: Pin No | C86: Pin Name | D86: Net | E86: Length | F86: Net | G86: Length | H86: Net | I86: Length | J86: Serial Number | K86: Assign_CH | L86: Length | M86: Total Length (mils) | N86: P/N Difference (mils) | O86: Golden | P86: Pin No | Q86: Pin Name | R86: Note
A87: SITE0 | B87: 25 | C87: HSON | D87: S0_HSO- | E87: =VLOOKUP(D87,EtchLengthFromLayout!$A:$B,2,0) -> 839.88 | F87: S0_1_HSO- | G87: =VLOOKUP(F87,EtchLengthFromLayout!A:B,2,0) -> 3036.2 | J87: S0_DCH008- | K87: SLOT2.CH59 | L87: =VLOOKUP(K87,EtchLengthFromLayout!A:B,2,0) -> 5441.32 | M87: =E87+G87+I87+L87 -> 9317.4 | N87: =ABS(M87-M88) -> 0.18 | R87: DUT to Channel
A88: SITE0 | B88: 26 | C88: HSOP | D88: S0_HSO+ | E88: =VLOOKUP(D88,EtchLengthFromLayout!$A:$B,2,0) -> 839.88 | F88: S0_1_HSO+ | G88: =VLOOKUP(F88,EtchLengthFromLayout!A:B,2,0) -> 3036.43 | J88: S0_DCH008+ | K88: SLOT2.CH58 | L88: =VLOOKUP(K88,EtchLengthFromLayout!A:B,2,0) -> 5441.27 | M88: =E88+G88+I88+L88 -> 9317.58 | N88: =IF(N87<=1,"OK, Tolerance<= 1 mil", "Not OK, Tolerance > 1 mil") -> OK, Tolerance<= 1 mil
A89: SITE0 | B89: 25 | C89: HSON | D89: S0_HSO- | E89: =VLOOKUP(D89,EtchLengthFromLayout!$A:$B,2,0) -> 839.88 | F89: S0_1_HSO- | G89: =VLOOKUP(F89,EtchLengthFromLayout!A:B,2,0) -> 3036.2 | J89: S0_DCH006- | K89: SLOT2.CH61 | L89: =VLOOKUP(K89,EtchLengthFromLayout!A:B,2,0) -> 5134.61 | M89: =E89+G89+I89+L89 -> 9010.69 | N89: =ABS(M89-M90) -> 0.11
A90: SITE0 | B90: 26 | C90: HSOP | D90: S0_HSO+ | E90: =VLOOKUP(D90,EtchLengthFromLayout!$A:$B,2,0) -> 839.88 | F90: S0_1_HSO+ | G90: =VLOOKUP(F90,EtchLengthFromLayout!A:B,2,0) -> 3036.43 | J90: S0_DCH006+ | K90: SLOT2.CH60 | L90: =VLOOKUP(K90,EtchLengthFromLayout!A:B,2,0) -> 5134.49 | M90: =E90+G90+I90+L90 -> 9010.8 | N90: =IF(N89<=1,"OK, Tolerance<= 1 mil", "Not OK, Tolerance > 1 mil") -> OK, Tolerance<= 1 mil
A91: SITE0 | B91: 28 | C91: HSIN | D91: S0_HSI- | E91: =VLOOKUP(D91,EtchLengthFromLayout!$A:$B,2,0) -> 839.88 | J91: S0_DCH004- | K91: SLOT0.CH61 | L91: =VLOOKUP(K91,EtchLengthFromLayout!A:B,2,0) -> 6299.22 | M91: =E91+G91+I91+L91 -> 7139.1 | N91: =ABS(M91-M92) -> 0.9
A92: SITE0 | B92: 29 | C92: HSIP | D92: S0_HSI+ | E92: =VLOOKUP(D92,EtchLengthFromLayout!$A:$B,2,0) -> 839.88 | J92: S0_DCH004+ | K92: SLOT0.CH60 | L92: =VLOOKUP(K92,EtchLengthFromLayout!A:B,2,0) -> 6298.32 | M92: =E92+G92+I92+L92 -> 7138.2 | N92: =IF(N91<=1,"OK, Tolerance<= 1 mil", "Not OK, Tolerance > 1 mil") -> OK, Tolerance<= 1 mil
A93: SITE1 | B93: 25 | C93: HSON | D93: =REPLACE(D87,2,1,"1") -> S1_HSO- | E93: =VLOOKUP(D93,EtchLengthFromLayout!$A:$B,2,0) -> 839.88 | F93: =REPLACE(F87,2,1,"1") -> S1_1_HSO- | G93: =VLOOKUP(F93,EtchLengthFromLayout!A:B,2,0) -> 4625.57 | J93: =REPLACE(J87,2,1,"1") -> S1_DCH008- | K93: SLOT2.CH43 | L93: =VLOOKUP(K93,EtchLengthFromLayout!A:B,2,0) -> 5728.33 | M93: =E93+G93+I93+L93 -> 11193.78 | N93: =ABS(M93-M94) -> 0.83
A94: SITE1 | B94: 26 | C94: HSOP | D94: =REPLACE(D88,2,1,"1") -> S1_HSO+ | E94: =VLOOKUP(D94,EtchLengthFromLayout!$A:$B,2,0) -> 839.88 | F94: =REPLACE(F88,2,1,"1") -> S1_1_HSO+ | G94: =VLOOKUP(F94,EtchLengthFromLayout!A:B,2,0) -> 4625.47 | J94: =REPLACE(J88,2,1,"1") -> S1_DCH008+ | K94: SLOT2.CH42 | L94: =VLOOKUP(K94,EtchLengthFromLayout!A:B,2,0) -> 5727.6 | M94: =E94+G94+I94+L94 -> 11192.95 | N94: =IF(N93<=1,"OK, Tolerance<= 1 mil", "Not OK, Tolerance > 1 mil") -> OK, Tolerance<= 1 mil
A95: SITE1 | B95: 25 | C95: HSON | D95: =REPLACE(D89,2,1,"1") -> S1_HSO- | E95: =VLOOKUP(D95,EtchLengthFromLayout!$A:$B,2,0) -> 839.88 | F95: =REPLACE(F89,2,1,"1") -> S1_1_HSO- | G95: =VLOOKUP(F95,EtchLengthFromLayout!A:B,2,0) -> 4625.57 | J95: =REPLACE(J89,2,1,"1") -> S1_DCH006- | K95: SLOT0.CH53 | L95: =VLOOKUP(K95,EtchLengthFromLayout!A:B,2,0) -> 6750.23 | M95: =E95+G95+I95+L95 -> 12215.68 | N95: =ABS(M95-M96) -> 0.9
A96: SITE1 | B96: 26 | C96: HSOP | D96: =REPLACE(D90,2,1,"1") -> S1_HSO+ | E96: =VLOOKUP(D96,EtchLengthFromLayout!$A:$B,2,0) -> 839.88 | F96: =REPLACE(F90,2,1,"1") -> S1_1_HSO+ | G96: =VLOOKUP(F96,EtchLengthFromLayout!A:B,2,0) -> 4625.47 | J96: =REPLACE(J90,2,1,"1") -> S1_DCH006+ | K96: SLOT0.CH52 | L96: =VLOOKUP(K96,EtchLengthFromLayout!A:B,2,0) -> 6749.43 | M96: =E96+G96+I96+L96 -> 12214.78 | N96: =IF(N95<=1,"OK, Tolerance<= 1 mil", "Not OK, Tolerance > 1 mil") -> OK, Tolerance<= 1 mil
A97: SITE1 | B97: 28 | C97: HSIN | D97: =REPLACE(D91,2,1,"1") -> S1_HSI- | E97: =VLOOKUP(D97,EtchLengthFromLayout!$A:$B,2,0) -> 839.88 | J97: =REPLACE(J91,2,1,"1") -> S1_DCH004- | K97: SLOT0.CH63 | L97: =VLOOKUP(K97,EtchLengthFromLayout!A:B,2,0) -> 6445.45 | M97: =E97+G97+I97+L97 -> 7285.33 | N97: =ABS(M97-M98) -> 0.2
A98: SITE1 | B98: 29 | C98: HSIP | D98: =REPLACE(D92,2,1,"1") -> S1_HSI+ | E98: =VLOOKUP(D98,EtchLengthFromLayout!$A:$B,2,0) -> 839.88 | J98: =REPLACE(J92,2,1,"1") -> S1_DCH004+ | K98: SLOT0.CH62 | L98: =VLOOKUP(K98,EtchLengthFromLayout!A:B,2,0) -> 6445.65 | M98: =E98+G98+I98+L98 -> 7285.53 | N98: =IF(N97<=1,"OK, Tolerance<= 1 mil", "Not OK, Tolerance > 1 mil") -> OK, Tolerance<= 1 mil
A99: SITE2 | B99: 25 | C99: HSON | D99: =REPLACE(D93,2,1,"2") -> S2_HSO- | E99: =VLOOKUP(D99,EtchLengthFromLayout!$A:$B,2,0) -> 839.88 | F99: =REPLACE(F93,2,1,"2") -> S2_1_HSO- | G99: =VLOOKUP(F99,EtchLengthFromLayout!A:B,2,0) -> 4498.29 | J99: =REPLACE(J93,2,1,"2") -> S2_DCH008- | K99: SLOT1.CH43 | L99: =VLOOKUP(K99,EtchLengthFromLayout!A:B,2,0) -> 5213.9 | M99: =E99+G99+I99+L99 -> 10552.07 | N99: =ABS(M99-M100) -> 0.34
A100: SITE2 | B100: 26 | C100: HSOP | D100: =REPLACE(D94,2,1,"2") -> S2_HSO+ | E100: =VLOOKUP(D100,EtchLengthFromLayout!$A:$B,2,0) -> 839.88 | F100: =REPLACE(F94,2,1,"2") -> S2_1_HSO+ | G100: =VLOOKUP(F100,EtchLengthFromLayout!A:B,2,0) -> 4498.66 | J100: =REPLACE(J94,2,1,"2") -> S2_DCH008+ | K100: SLOT1.CH42 | L100: =VLOOKUP(K100,EtchLengthFromLayout!A:B,2,0) -> 5213.87 | M100: =E100+G100+I100+L100 -> 10552.41 | N100: =IF(N99<=1,"OK, Tolerance<= 1 mil", "Not OK, Tolerance > 1 mil") -> OK, Tolerance<= 1 mil
A101: SITE2 | B101: 25 | C101: HSON | D101: =REPLACE(D95,2,1,"2") -> S2_HSO- | E101: =VLOOKUP(D101,EtchLengthFromLayout!$A:$B,2,0) -> 839.88 | F101: =REPLACE(F95,2,1,"2") -> S2_1_HSO- | G101: =VLOOKUP(F101,EtchLengthFromLayout!A:B,2,0) -> 4498.29 | J101: =REPLACE(J95,2,1,"2") -> S2_DCH006- | K101: SLOT1.CH35 | L101: =VLOOKUP(K101,EtchLengthFromLayout!A:B,2,0) -> 5509.28 | M101: =E101+G101+I101+L101 -> 10847.45 | N101: =ABS(M101-M102) -> 0.06
A102: SITE2 | B102: 26 | C102: HSOP | D102: =REPLACE(D96,2,1,"2") -> S2_HSO+ | E102: =VLOOKUP(D102,EtchLengthFromLayout!$A:$B,2,0) -> 839.88 | F102: =REPLACE(F96,2,1,"2") -> S2_1_HSO+ | G102: =VLOOKUP(F102,EtchLengthFromLayout!A:B,2,0) -> 4498.66 | J102: =REPLACE(J96,2,1,"2") -> S2_DCH006+ | K102: SLOT1.CH34 | L102: =VLOOKUP(K102,EtchLengthFromLayout!A:B,2,0) -> 5508.97 | M102: =E102+G102+I102+L102 -> 10847.51 | N102: =IF(N101<=1,"OK, Tolerance<= 1 mil", "Not OK, Tolerance > 1 mil") -> OK, Tolerance<= 1 mil
A103: SITE2 | B103: 28 | C103: HSIN | D103: =REPLACE(D97,2,1,"2") -> S2_HSI- | E103: =VLOOKUP(D103,EtchLengthFromLayout!$A:$B,2,0) -> 839.88 | J103: =REPLACE(J97,2,1,"2") -> S2_DCH004- | K103: SLOT1.CH61 | L103: =VLOOKUP(K103,EtchLengthFromLayout!A:B,2,0) -> 6740.33 | M103: =E103+G103+I103+L103 -> 7580.21 | N103: =ABS(M103-M104) -> 0.74
A104: SITE2 | B104: 29 | C104: HSIP | D104: =REPLACE(D98,2,1,"2") -> S2_HSI+ | E104: =VLOOKUP(D104,EtchLengthFromLayout!$A:$B,2,0) -> 839.88 | J104: =REPLACE(J98,2,1,"2") -> S2_DCH004+ | K104: SLOT1.CH60 | L104: =VLOOKUP(K104,EtchLengthFromLayout!A:B,2,0) -> 6739.59 | M104: =E104+G104+I104+L104 -> 7579.47 | N104: =IF(N103<=1,"OK, Tolerance<= 1 mil", "Not OK, Tolerance > 1 mil") -> OK, Tolerance<= 1 mil
A105: SITE3 | B105: 25 | C105: HSON | D105: =REPLACE(D99,2,1,"3") -> S3_HSO- | E105: =VLOOKUP(D105,EtchLengthFromLayout!$A:$B,2,0) -> 839.88 | F105: =REPLACE(F99,2,1,"3") -> S3_1_HSO- | G105: =VLOOKUP(F105,EtchLengthFromLayout!A:B,2,0) -> 3189.49 | J105: =REPLACE(J99,2,1,"3") -> S3_DCH008- | K105: SLOT1.CH37 | L105: =VLOOKUP(K105,EtchLengthFromLayout!A:B,2,0) -> 4459.67 | M105: =E105+G105+I105+L105 -> 8489.04 | N105: =ABS(M105-M106) -> 0.36
A106: SITE3 | B106: 26 | C106: HSOP | D106: =REPLACE(D100,2,1,"3") -> S3_HSO+ | E106: =VLOOKUP(D106,EtchLengthFromLayout!$A:$B,2,0) -> 839.88 | F106: =REPLACE(F100,2,1,"3") -> S3_1_HSO+ | G106: =VLOOKUP(F106,EtchLengthFromLayout!A:B,2,0) -> 3189.23 | J106: =REPLACE(J100,2,1,"3") -> S3_DCH008+ | K106: SLOT1.CH38 | L106: =VLOOKUP(K106,EtchLengthFromLayout!A:B,2,0) -> 4460.29 | M106: =E106+G106+I106+L106 -> 8489.4 | N106: =IF(N105<=1,"OK, Tolerance<= 1 mil", "Not OK, Tolerance > 1 mil") -> OK, Tolerance<= 1 mil
A107: SITE3 | B107: 25 | C107: HSON | D107: =REPLACE(D101,2,1,"3") -> S3_HSO- | E107: =VLOOKUP(D107,EtchLengthFromLayout!$A:$B,2,0) -> 839.88 | F107: =REPLACE(F101,2,1,"3") -> S3_1_HSO- | G107: =VLOOKUP(F107,EtchLengthFromLayout!A:B,2,0) -> 3189.49 | J107: =REPLACE(J101,2,1,"3") -> S3_DCH006- | K107: SLOT1.CH41 | L107: =VLOOKUP(K107,EtchLengthFromLayout!A:B,2,0) -> 4152.7 | M107: =E107+G107+I107+L107 -> 8182.07 | N107: =ABS(M107-M108) -> 0.02
A108: SITE3 | B108: 26 | C108: HSOP | D108: =REPLACE(D102,2,1,"3") -> S3_HSO+ | E108: =VLOOKUP(D108,EtchLengthFromLayout!$A:$B,2,0) -> 839.88 | F108: =REPLACE(F102,2,1,"3") -> S3_1_HSO+ | G108: =VLOOKUP(F108,EtchLengthFromLayout!A:B,2,0) -> 3189.23 | J108: =REPLACE(J102,2,1,"3") -> S3_DCH006+ | K108: SLOT1.CH40 | L108: =VLOOKUP(K108,EtchLengthFromLayout!A:B,2,0) -> 4152.98 | M108: =E108+G108+I108+L108 -> 8182.09 | N108: =IF(N107<=1,"OK, Tolerance<= 1 mil", "Not OK, Tolerance > 1 mil") -> OK, Tolerance<= 1 mil
A109: SITE3 | B109: 28 | C109: HSIN | D109: =REPLACE(D103,2,1,"3") -> S3_HSI- | E109: =VLOOKUP(D109,EtchLengthFromLayout!$A:$B,2,0) -> 839.88 | J109: =REPLACE(J103,2,1,"3") -> S3_DCH004- | K109: SLOT1.CH119 | L109: =VLOOKUP(K109,EtchLengthFromLayout!A:B,2,0) -> 5586.35 | M109: =E109+G109+I109+L109 -> 6426.23 | N109: =ABS(M109-M110) -> 0.68
A110: SITE3 | B110: 29 | C110: HSIP | D110: =REPLACE(D104,2,1,"3") -> S3_HSI+ | E110: =VLOOKUP(D110,EtchLengthFromLayout!$A:$B,2,0) -> 839.88 | J110: =REPLACE(J104,2,1,"3") -> S3_DCH004+ | K110: SLOT1.CH118 | L110: =VLOOKUP(K110,EtchLengthFromLayout!A:B,2,0) -> 5587.03 | M110: =E110+G110+I110+L110 -> 6426.91 | N110: =IF(N109<=1,"OK, Tolerance<= 1 mil", "Not OK, Tolerance > 1 mil") -> OK, Tolerance<= 1 mil
A111: SITE4 | B111: 25 | C111: HSON | D111: =REPLACE(D105,2,1,"4") -> S4_HSO- | E111: =VLOOKUP(D111,EtchLengthFromLayout!$A:$B,2,0) -> 839.88 | F111: =REPLACE(F105,2,1,"4") -> S4_1_HSO- | G111: =VLOOKUP(F111,EtchLengthFromLayout!A:B,2,0) -> 3101.12 | J111: =REPLACE(J105,2,1,"4") -> S4_DCH008- | K111: SLOT0.CH31 | L111: =VLOOKUP(K111,EtchLengthFromLayout!A:B,2,0) -> 4362.44 | M111: =E111+G111+I111+L111 -> 8303.44 | N111: =ABS(M111-M112) -> 0.53
...
